<?xml version='1.0' encoding='UTF-8' standalone='no'?>
<doxygen xmlns:xsi="http://www.w3.org/2001/XMLSchema-instance" xsi:noNamespaceSchemaLocation="compound.xsd" version="1.8.16">
  <compounddef id="_buyer_class_8cs" kind="file" language="C#">
    <compoundname>BuyerClass.cs</compoundname>
    <innerclass refid="class_transport___management___system___w_p_f_1_1_buyer_class" prot="public">Transport_Management_System_WPF::BuyerClass</innerclass>
    <innernamespace refid="namespace_transport___management___system___w_p_f">Transport_Management_System_WPF</innernamespace>
    <briefdescription>
<para>This file contains the buyer functionality. </para>
    </briefdescription>
    <detaileddescription>
<para><simplesect kind="date"><para>November 20, 2019 </para>
</simplesect>
<simplesect kind="author"><para>8000 Cigarettes - Ivan,Megan,Zena,Duane </para>
</simplesect>
<simplesect kind="see"><para>MainWindow.xaml</para>
</simplesect>
This file holds the functionality of the buyer class. The buyer has the ability to accept contracts from the contract market place using the SQL_Query Class, to create invoices and nominate carriers for each contract. This class represents the functions that a Buyer can execute from the UI. i.e. Initiate an Order (read and display new contracts from CMP via DAL, select a contract from CMP, select cities for the contract, and submit the contract to an intermediate table for planner completion.<ndash/> This would potentially raise an event... later. ) The buyer can also view the table of completed orders (read and display from db, via DAL,select an order, preview an invoice, and then generate the invoice to a text file)</para>
<para><hruler/>
 </para>
    </detaileddescription>
    <programlisting>
<codeline lineno="1"><highlight class="comment">//<sp/>BUYERCLASS<sp/>FILE<sp/>HEADER<sp/>COMMENT:<sp/>=================================================================================</highlight></codeline>
<codeline lineno="20"><highlight class="comment"></highlight><highlight class="keyword">using</highlight><highlight class="normal"><sp/>System;</highlight></codeline>
<codeline lineno="21"><highlight class="normal"></highlight><highlight class="keyword">using</highlight><highlight class="normal"><sp/>System.Collections.Generic;</highlight></codeline>
<codeline lineno="22"><highlight class="normal"></highlight><highlight class="keyword">using</highlight><highlight class="normal"><sp/>System.Linq;</highlight></codeline>
<codeline lineno="23"><highlight class="normal"></highlight><highlight class="keyword">using</highlight><highlight class="normal"><sp/>System.Text;</highlight></codeline>
<codeline lineno="24"><highlight class="normal"></highlight><highlight class="keyword">using</highlight><highlight class="normal"><sp/>System.Threading.Tasks;</highlight></codeline>
<codeline lineno="25"><highlight class="normal"></highlight></codeline>
<codeline lineno="26"><highlight class="normal"></highlight><highlight class="keyword">namespace<sp/></highlight><highlight class="normal"><ref refid="namespace_transport___management___system___w_p_f" kindref="compound">Transport_Management_System_WPF</ref></highlight></codeline>
<codeline lineno="27"><highlight class="normal">{</highlight></codeline>
<codeline lineno="28"><highlight class="normal"><sp/><sp/><sp/><sp/></highlight></codeline>
<codeline lineno="29"><highlight class="normal"><sp/><sp/><sp/><sp/></highlight><highlight class="comment">//<sp/>CLASS<sp/>HEADER<sp/>COMMENT<sp/>-----------------------------------------------------------------------------------</highlight></codeline>
<codeline lineno="36" refid="class_transport___management___system___w_p_f_1_1_buyer_class" refkind="compound"><highlight class="comment"></highlight><highlight class="normal"><sp/><sp/><sp/><sp/></highlight><highlight class="keyword">public</highlight><highlight class="normal"><sp/></highlight><highlight class="keyword">class<sp/></highlight><highlight class="normal"><ref refid="class_transport___management___system___w_p_f_1_1_buyer_class" kindref="compound">BuyerClass</ref></highlight></codeline>
<codeline lineno="37"><highlight class="normal"><sp/><sp/><sp/><sp/>{</highlight></codeline>
<codeline lineno="38"><highlight class="normal"><sp/><sp/><sp/><sp/><sp/><sp/><sp/><sp/></highlight><highlight class="keyword">private</highlight><highlight class="normal"><sp/>List&lt;Contract&gt;<sp/><ref refid="class_transport___management___system___w_p_f_1_1_buyer_class_1a57b54a05ef81b5b5b578d5bfc6485a10" kindref="member">contracts</ref>=<sp/></highlight><highlight class="keyword">new</highlight><highlight class="normal"><sp/>List&lt;Contract&gt;();</highlight></codeline>
<codeline lineno="39"><highlight class="normal"></highlight></codeline>
<codeline lineno="40"><highlight class="normal"><sp/><sp/><sp/><sp/><sp/><sp/><sp/><sp/></highlight><highlight class="keyword">internal</highlight><highlight class="normal"><sp/>List&lt;Contract&gt;<sp/>Contracts<sp/>{<sp/></highlight><highlight class="keyword">get</highlight><highlight class="normal"><sp/>=&gt;<sp/><ref refid="class_transport___management___system___w_p_f_1_1_buyer_class_1a57b54a05ef81b5b5b578d5bfc6485a10" kindref="member">contracts</ref>;<sp/></highlight><highlight class="keyword">set</highlight><highlight class="normal"><sp/>=&gt;<sp/><ref refid="class_transport___management___system___w_p_f_1_1_buyer_class_1a57b54a05ef81b5b5b578d5bfc6485a10" kindref="member">contracts</ref><sp/>=<sp/>value;<sp/>}</highlight></codeline>
<codeline lineno="41"><highlight class="normal"></highlight></codeline>
<codeline lineno="42"><highlight class="normal"><sp/><sp/><sp/><sp/><sp/><sp/><sp/><sp/></highlight><highlight class="comment">//<sp/>METHOD<sp/>HEADER<sp/>COMMENT<sp/>-------------------------------------------------------------------------------</highlight></codeline>
<codeline lineno="54"><highlight class="comment"></highlight><highlight class="normal"><sp/><sp/><sp/><sp/><sp/><sp/><sp/><sp/></highlight><highlight class="keyword">public</highlight><highlight class="normal"><sp/></highlight><highlight class="keywordtype">void</highlight><highlight class="normal"><sp/><ref refid="class_transport___management___system___w_p_f_1_1_buyer_class_1a9719c333eae5095d5fc9cf1d185c0677" kindref="member">ParseContracts</ref>()</highlight></codeline>
<codeline lineno="55"><highlight class="normal"><sp/><sp/><sp/><sp/><sp/><sp/><sp/><sp/>{</highlight></codeline>
<codeline lineno="56"><highlight class="normal"><sp/><sp/><sp/><sp/><sp/><sp/><sp/><sp/><sp/><sp/><sp/><sp/><ref refid="class_transport___management___system___w_p_f_1_1_buyer_class_1a57b54a05ef81b5b5b578d5bfc6485a10" kindref="member">contracts</ref>.Clear();</highlight></codeline>
<codeline lineno="57"><highlight class="normal"><sp/><sp/><sp/><sp/><sp/><sp/><sp/><sp/><sp/><sp/><sp/><sp/><ref refid="class_transport___management___system___w_p_f_1_1_s_q_l___query" kindref="compound">SQL_Query</ref><sp/>SQL<sp/>=<sp/></highlight><highlight class="keyword">new</highlight><highlight class="normal"><sp/><ref refid="class_transport___management___system___w_p_f_1_1_s_q_l___query" kindref="compound">SQL_Query</ref>();</highlight></codeline>
<codeline lineno="58"><highlight class="normal"><sp/><sp/><sp/><sp/><sp/><sp/><sp/><sp/><sp/><sp/><sp/><sp/></highlight></codeline>
<codeline lineno="59"><highlight class="normal"><sp/><sp/><sp/><sp/><sp/><sp/><sp/><sp/><sp/><sp/><sp/><sp/>List&lt;string&gt;[]<sp/>temp<sp/>=<sp/></highlight><highlight class="keyword">new</highlight><highlight class="normal"><sp/>List&lt;string&gt;[6];</highlight></codeline>
<codeline lineno="60"><highlight class="normal"><sp/><sp/><sp/><sp/><sp/><sp/><sp/><sp/><sp/><sp/><sp/><sp/>temp<sp/>=<sp/>SQL.<ref refid="class_transport___management___system___w_p_f_1_1_s_q_l___query_1a15ae7fdb11fdb83e124c875b7d949b0b" kindref="member">Select_Contracts</ref>();</highlight></codeline>
<codeline lineno="61"><highlight class="normal"></highlight></codeline>
<codeline lineno="62"><highlight class="normal"><sp/><sp/><sp/><sp/><sp/><sp/><sp/><sp/><sp/><sp/><sp/><sp/></highlight><highlight class="keywordflow">for</highlight><highlight class="normal">(</highlight><highlight class="keywordtype">int</highlight><highlight class="normal"><sp/>i<sp/>=<sp/>0;<sp/>i<sp/>&lt;<sp/>temp[0].Count;<sp/>i++)</highlight></codeline>
<codeline lineno="63"><highlight class="normal"><sp/><sp/><sp/><sp/><sp/><sp/><sp/><sp/><sp/><sp/><sp/><sp/>{</highlight></codeline>
<codeline lineno="64"><highlight class="normal"><sp/><sp/><sp/><sp/><sp/><sp/><sp/><sp/><sp/><sp/><sp/><sp/><sp/><sp/><sp/><sp/><ref refid="class_transport___management___system___w_p_f_1_1_contract" kindref="compound">Contract</ref><sp/>block<sp/>=<sp/></highlight><highlight class="keyword">new</highlight><highlight class="normal"><sp/><ref refid="class_transport___management___system___w_p_f_1_1_contract" kindref="compound">Contract</ref>();</highlight></codeline>
<codeline lineno="65"><highlight class="normal"></highlight></codeline>
<codeline lineno="66"><highlight class="normal"><sp/><sp/><sp/><sp/><sp/><sp/><sp/><sp/><sp/><sp/><sp/><sp/><sp/><sp/><sp/><sp/>block.<ref refid="class_transport___management___system___w_p_f_1_1_contract_1a41ac173e3c56e0ae7f6a114635c3384f" kindref="member">client_Name</ref><sp/>=<sp/>temp[0][i];</highlight></codeline>
<codeline lineno="67"><highlight class="normal"></highlight></codeline>
<codeline lineno="68"><highlight class="normal"><sp/><sp/><sp/><sp/><sp/><sp/><sp/><sp/><sp/><sp/><sp/><sp/><sp/><sp/><sp/><sp/></highlight><highlight class="keywordflow">if</highlight><highlight class="normal">(temp[1][i]<sp/>==<sp/></highlight><highlight class="stringliteral">&quot;0&quot;</highlight><highlight class="normal">)</highlight></codeline>
<codeline lineno="69"><highlight class="normal"><sp/><sp/><sp/><sp/><sp/><sp/><sp/><sp/><sp/><sp/><sp/><sp/><sp/><sp/><sp/><sp/>{</highlight></codeline>
<codeline lineno="70"><highlight class="normal"><sp/><sp/><sp/><sp/><sp/><sp/><sp/><sp/><sp/><sp/><sp/><sp/><sp/><sp/><sp/><sp/><sp/><sp/><sp/><sp/>block.<ref refid="class_transport___management___system___w_p_f_1_1_contract_1aca3e55529a8daa8e8374f2e09fd943a6" kindref="member">job_Type</ref><sp/>=<sp/></highlight><highlight class="keyword">false</highlight><highlight class="normal">;</highlight></codeline>
<codeline lineno="71"><highlight class="normal"><sp/><sp/><sp/><sp/><sp/><sp/><sp/><sp/><sp/><sp/><sp/><sp/><sp/><sp/><sp/><sp/>}</highlight></codeline>
<codeline lineno="72"><highlight class="normal"><sp/><sp/><sp/><sp/><sp/><sp/><sp/><sp/><sp/><sp/><sp/><sp/><sp/><sp/><sp/><sp/></highlight><highlight class="keywordflow">else</highlight><highlight class="normal"></highlight></codeline>
<codeline lineno="73"><highlight class="normal"><sp/><sp/><sp/><sp/><sp/><sp/><sp/><sp/><sp/><sp/><sp/><sp/><sp/><sp/><sp/><sp/>{</highlight></codeline>
<codeline lineno="74"><highlight class="normal"><sp/><sp/><sp/><sp/><sp/><sp/><sp/><sp/><sp/><sp/><sp/><sp/><sp/><sp/><sp/><sp/><sp/><sp/><sp/><sp/>block.<ref refid="class_transport___management___system___w_p_f_1_1_contract_1aca3e55529a8daa8e8374f2e09fd943a6" kindref="member">job_Type</ref><sp/>=<sp/></highlight><highlight class="keyword">true</highlight><highlight class="normal">;</highlight></codeline>
<codeline lineno="75"><highlight class="normal"><sp/><sp/><sp/><sp/><sp/><sp/><sp/><sp/><sp/><sp/><sp/><sp/><sp/><sp/><sp/><sp/>}</highlight></codeline>
<codeline lineno="76"><highlight class="normal"></highlight></codeline>
<codeline lineno="77"><highlight class="normal"><sp/><sp/><sp/><sp/><sp/><sp/><sp/><sp/><sp/><sp/><sp/><sp/><sp/><sp/><sp/><sp/>block.<ref refid="class_transport___management___system___w_p_f_1_1_contract_1a0e5bada08c53049adfc4a73271316692" kindref="member">quantity</ref><sp/>=<sp/></highlight><highlight class="keywordtype">int</highlight><highlight class="normal">.Parse(temp[2][i]);</highlight></codeline>
<codeline lineno="78"><highlight class="normal"><sp/><sp/><sp/><sp/><sp/><sp/><sp/><sp/><sp/><sp/><sp/><sp/><sp/><sp/><sp/><sp/>block.<ref refid="class_transport___management___system___w_p_f_1_1_contract_1a94cc2bb53b867ee05003849bb3d954d6" kindref="member">origin</ref><sp/>=<sp/>temp[3][i];</highlight></codeline>
<codeline lineno="79"><highlight class="normal"><sp/><sp/><sp/><sp/><sp/><sp/><sp/><sp/><sp/><sp/><sp/><sp/><sp/><sp/><sp/><sp/>block.<ref refid="class_transport___management___system___w_p_f_1_1_contract_1a3609748147e09807df18d132b3e899d9" kindref="member">destination</ref><sp/>=<sp/>temp[4][i];</highlight></codeline>
<codeline lineno="80"><highlight class="normal"></highlight></codeline>
<codeline lineno="81"><highlight class="normal"><sp/><sp/><sp/><sp/><sp/><sp/><sp/><sp/><sp/><sp/><sp/><sp/><sp/><sp/><sp/><sp/></highlight><highlight class="keywordflow">if</highlight><highlight class="normal"><sp/>(temp[5][i]<sp/>==<sp/></highlight><highlight class="stringliteral">&quot;0&quot;</highlight><highlight class="normal">)</highlight></codeline>
<codeline lineno="82"><highlight class="normal"><sp/><sp/><sp/><sp/><sp/><sp/><sp/><sp/><sp/><sp/><sp/><sp/><sp/><sp/><sp/><sp/>{</highlight></codeline>
<codeline lineno="83"><highlight class="normal"><sp/><sp/><sp/><sp/><sp/><sp/><sp/><sp/><sp/><sp/><sp/><sp/><sp/><sp/><sp/><sp/><sp/><sp/><sp/><sp/>block.<ref refid="class_transport___management___system___w_p_f_1_1_contract_1a5fbe75b711bca7ae679a905b87b39d21" kindref="member">van_Type</ref><sp/>=<sp/></highlight><highlight class="keyword">false</highlight><highlight class="normal">;</highlight></codeline>
<codeline lineno="84"><highlight class="normal"><sp/><sp/><sp/><sp/><sp/><sp/><sp/><sp/><sp/><sp/><sp/><sp/><sp/><sp/><sp/><sp/>}</highlight></codeline>
<codeline lineno="85"><highlight class="normal"><sp/><sp/><sp/><sp/><sp/><sp/><sp/><sp/><sp/><sp/><sp/><sp/><sp/><sp/><sp/><sp/></highlight><highlight class="keywordflow">else</highlight><highlight class="normal"></highlight></codeline>
<codeline lineno="86"><highlight class="normal"><sp/><sp/><sp/><sp/><sp/><sp/><sp/><sp/><sp/><sp/><sp/><sp/><sp/><sp/><sp/><sp/>{</highlight></codeline>
<codeline lineno="87"><highlight class="normal"><sp/><sp/><sp/><sp/><sp/><sp/><sp/><sp/><sp/><sp/><sp/><sp/><sp/><sp/><sp/><sp/><sp/><sp/><sp/><sp/>block.<ref refid="class_transport___management___system___w_p_f_1_1_contract_1a5fbe75b711bca7ae679a905b87b39d21" kindref="member">van_Type</ref><sp/>=<sp/></highlight><highlight class="keyword">true</highlight><highlight class="normal">;</highlight></codeline>
<codeline lineno="88"><highlight class="normal"><sp/><sp/><sp/><sp/><sp/><sp/><sp/><sp/><sp/><sp/><sp/><sp/><sp/><sp/><sp/><sp/>}</highlight></codeline>
<codeline lineno="89"><highlight class="normal"></highlight></codeline>
<codeline lineno="90"><highlight class="normal"><sp/><sp/><sp/><sp/><sp/><sp/><sp/><sp/><sp/><sp/><sp/><sp/><sp/><sp/><sp/><sp/><ref refid="class_transport___management___system___w_p_f_1_1_buyer_class_1a57b54a05ef81b5b5b578d5bfc6485a10" kindref="member">contracts</ref>.Add(block);</highlight></codeline>
<codeline lineno="91"><highlight class="normal"><sp/><sp/><sp/><sp/><sp/><sp/><sp/><sp/><sp/><sp/><sp/><sp/>}</highlight></codeline>
<codeline lineno="92"><highlight class="normal"><sp/><sp/><sp/><sp/><sp/><sp/><sp/><sp/>}<sp/></highlight></codeline>
<codeline lineno="93"><highlight class="normal"><sp/><sp/><sp/><sp/>}</highlight></codeline>
<codeline lineno="94"><highlight class="normal">}</highlight></codeline>
<codeline lineno="95"><highlight class="normal"></highlight></codeline>
<codeline lineno="96"><highlight class="normal"></highlight></codeline>
    </programlisting>
    <location file="C:/Users/School User/Code/TMS-Dump/Transport Management System WPF/Transport Management System WPF/BuyerClass.cs"/>
  </compounddef>
</doxygen>
