<?xml version='1.0' encoding='UTF-8' standalone='no'?>
<doxygen xmlns:xsi="http://www.w3.org/2001/XMLSchema-instance" xsi:noNamespaceSchemaLocation="compound.xsd" version="1.8.16">
  <compounddef id="_carrier_8cs" kind="file" language="C#">
    <compoundname>Carrier.cs</compoundname>
    <innerclass refid="class_transport___management___system___w_p_f_1_1_carrier" prot="public">Transport_Management_System_WPF::Carrier</innerclass>
    <innernamespace refid="namespace_transport___management___system___w_p_f">Transport_Management_System_WPF</innernamespace>
    <briefdescription>
<para>This file contains the admin functionality <linebreak/>
 </para>
    </briefdescription>
    <detaileddescription>
<para><simplesect kind="date"><para>November 20, 2019 </para>
</simplesect>
<simplesect kind="author"><para>8000 Cigarettes - Megan,Ivan,Zena,Duane </para>
</simplesect>
<simplesect kind="see"><para>MainWindow.xaml</para>
</simplesect>
This file holds the functionality of the Carrier class This file holds the functionality of the contract class holds all values for contracts and functions for translating their values to integers. <linebreak/>
</para>
<para><hruler/>
 </para>
    </detaileddescription>
    <programlisting>
<codeline lineno="1"><highlight class="comment">//<sp/>CARRIER<sp/>FILE<sp/>HEADER<sp/>COMMENT:<sp/>=================================================================================</highlight></codeline>
<codeline lineno="15"><highlight class="comment"></highlight><highlight class="keyword">using</highlight><highlight class="normal"><sp/>System;</highlight></codeline>
<codeline lineno="16"><highlight class="normal"></highlight><highlight class="keyword">using</highlight><highlight class="normal"><sp/>System.Collections.Generic;</highlight></codeline>
<codeline lineno="17"><highlight class="normal"></highlight><highlight class="keyword">using</highlight><highlight class="normal"><sp/>System.Linq;</highlight></codeline>
<codeline lineno="18"><highlight class="normal"></highlight><highlight class="keyword">using</highlight><highlight class="normal"><sp/>System.Text;</highlight></codeline>
<codeline lineno="19"><highlight class="normal"></highlight><highlight class="keyword">using</highlight><highlight class="normal"><sp/>System.Threading.Tasks;</highlight></codeline>
<codeline lineno="20"><highlight class="normal"></highlight></codeline>
<codeline lineno="21"><highlight class="normal"></highlight><highlight class="keyword">namespace<sp/></highlight><highlight class="normal"><ref refid="namespace_transport___management___system___w_p_f" kindref="compound">Transport_Management_System_WPF</ref></highlight></codeline>
<codeline lineno="22"><highlight class="normal">{</highlight></codeline>
<codeline lineno="23"><highlight class="normal"><sp/><sp/><sp/><sp/></highlight><highlight class="comment">//<sp/>CLASS<sp/>HEADER<sp/>COMMENT<sp/>-----------------------------------------------------------------------------------</highlight><highlight class="normal"></highlight></codeline>
<codeline lineno="24"><highlight class="normal"><sp/><sp/><sp/><sp/></highlight><highlight class="comment">/*<sp/><sp/><sp/></highlight></codeline>
<codeline lineno="25"><highlight class="comment"><sp/><sp/><sp/><sp/>*<sp/><sp/><sp/>\class<sp/><sp/><sp/><sp/><sp/><sp/>Carrier</highlight></codeline>
<codeline lineno="26"><highlight class="comment"><sp/><sp/><sp/><sp/>*<sp/><sp/><sp/>\brief<sp/><sp/><sp/><sp/><sp/><sp/>This<sp/>class<sp/>holds<sp/>all<sp/>the<sp/>values<sp/>for<sp/>the<sp/>carriers<sp/>and<sp/>their<sp/>locations<sp/>of<sp/>operation.</highlight></codeline>
<codeline lineno="27"><highlight class="comment"><sp/><sp/><sp/><sp/>*<sp/><sp/><sp/>\details<sp/><sp/><sp/><sp/>This<sp/>class<sp/>holds<sp/>all<sp/>the<sp/>values<sp/>for<sp/>the<sp/>carriers<sp/>and<sp/>their<sp/>locations<sp/>of<sp/>operation,<sp/></highlight></codeline>
<codeline lineno="28"><highlight class="comment"><sp/><sp/><sp/><sp/>*<sp/><sp/><sp/>along<sp/>with<sp/>all<sp/>the<sp/>values<sp/>for<sp/>the<sp/>amount<sp/>of<sp/>vehicles<sp/>and<sp/>their<sp/>types.<sp/></highlight></codeline>
<codeline lineno="29"><highlight class="comment"><sp/><sp/><sp/><sp/>*<sp/><sp/><sp/></highlight></codeline>
<codeline lineno="30"><highlight class="comment"><sp/><sp/><sp/><sp/>*<sp/>--------------------------------------------------------------------------------------------------------<sp/>*/</highlight><highlight class="normal"></highlight></codeline>
<codeline lineno="31" refid="class_transport___management___system___w_p_f_1_1_carrier" refkind="compound"><highlight class="normal"><sp/><sp/><sp/><sp/></highlight><highlight class="keyword">class<sp/></highlight><highlight class="normal"><ref refid="class_transport___management___system___w_p_f_1_1_carrier" kindref="compound">Carrier</ref></highlight></codeline>
<codeline lineno="32"><highlight class="normal"><sp/><sp/><sp/><sp/>{</highlight></codeline>
<codeline lineno="33"><highlight class="normal"><sp/><sp/><sp/><sp/><sp/><sp/><sp/><sp/></highlight><highlight class="keyword">public</highlight><highlight class="normal"><sp/></highlight><highlight class="keywordtype">string</highlight><highlight class="normal"><sp/><ref refid="class_transport___management___system___w_p_f_1_1_carrier_1a0b774c178e98ea056604b6f24b73746a" kindref="member">Carrier_Name</ref><sp/>{<sp/></highlight><highlight class="keyword">get</highlight><highlight class="normal">;<sp/></highlight><highlight class="keyword">set</highlight><highlight class="normal">;<sp/>}</highlight></codeline>
<codeline lineno="34"><highlight class="normal"><sp/><sp/><sp/><sp/><sp/><sp/><sp/><sp/></highlight><highlight class="keyword">public</highlight><highlight class="normal"><sp/></highlight><highlight class="keywordtype">string</highlight><highlight class="normal"><sp/><ref refid="class_transport___management___system___w_p_f_1_1_carrier_1af8db30f1235b0a15b7dba2b19a60d42e" kindref="member">Depot_City</ref><sp/>{<sp/></highlight><highlight class="keyword">get</highlight><highlight class="normal">;<sp/></highlight><highlight class="keyword">set</highlight><highlight class="normal">;<sp/>}</highlight></codeline>
<codeline lineno="35"><highlight class="normal"><sp/><sp/><sp/><sp/><sp/><sp/><sp/><sp/></highlight><highlight class="keyword">public</highlight><highlight class="normal"><sp/></highlight><highlight class="keywordtype">int</highlight><highlight class="normal"><sp/><ref refid="class_transport___management___system___w_p_f_1_1_carrier_1aaf9780c05aea9e566cac4b060dbbd3f5" kindref="member">FTL</ref><sp/>{<sp/></highlight><highlight class="keyword">get</highlight><highlight class="normal">;<sp/></highlight><highlight class="keyword">set</highlight><highlight class="normal">;<sp/>}</highlight></codeline>
<codeline lineno="36"><highlight class="normal"><sp/><sp/><sp/><sp/><sp/><sp/><sp/><sp/></highlight><highlight class="keyword">public</highlight><highlight class="normal"><sp/></highlight><highlight class="keywordtype">int</highlight><highlight class="normal"><sp/><ref refid="class_transport___management___system___w_p_f_1_1_carrier_1aa55c34ddb624245e0d1e84547bfbe9ec" kindref="member">LTL</ref><sp/>{<sp/></highlight><highlight class="keyword">get</highlight><highlight class="normal">;<sp/></highlight><highlight class="keyword">set</highlight><highlight class="normal">;<sp/>}</highlight></codeline>
<codeline lineno="37"><highlight class="normal"><sp/><sp/><sp/><sp/><sp/><sp/><sp/><sp/></highlight><highlight class="keyword">public</highlight><highlight class="normal"><sp/></highlight><highlight class="keywordtype">float</highlight><highlight class="normal"><sp/><ref refid="class_transport___management___system___w_p_f_1_1_carrier_1a49bf12a5ed6950fcc225a0c4307ec8b1" kindref="member">FTL_Rate</ref><sp/>{<sp/></highlight><highlight class="keyword">get</highlight><highlight class="normal">;<sp/></highlight><highlight class="keyword">set</highlight><highlight class="normal">;<sp/>}</highlight></codeline>
<codeline lineno="38"><highlight class="normal"><sp/><sp/><sp/><sp/><sp/><sp/><sp/><sp/></highlight><highlight class="keyword">public</highlight><highlight class="normal"><sp/></highlight><highlight class="keywordtype">float</highlight><highlight class="normal"><sp/><ref refid="class_transport___management___system___w_p_f_1_1_carrier_1ad4e3a70b3d28e1611edf0b6f4fbfcd43" kindref="member">LTL_Rate</ref><sp/>{<sp/></highlight><highlight class="keyword">get</highlight><highlight class="normal">;<sp/></highlight><highlight class="keyword">set</highlight><highlight class="normal">;<sp/>}</highlight></codeline>
<codeline lineno="39"><highlight class="normal"><sp/><sp/><sp/><sp/><sp/><sp/><sp/><sp/></highlight><highlight class="keyword">public</highlight><highlight class="normal"><sp/></highlight><highlight class="keywordtype">float</highlight><highlight class="normal"><sp/><ref refid="class_transport___management___system___w_p_f_1_1_carrier_1a189b41a6fe917793992cbdc3c283081f" kindref="member">Reefer_Charge</ref><sp/>{<sp/></highlight><highlight class="keyword">get</highlight><highlight class="normal">;<sp/></highlight><highlight class="keyword">set</highlight><highlight class="normal">;<sp/>}</highlight></codeline>
<codeline lineno="40"><highlight class="normal"><sp/><sp/><sp/><sp/>}</highlight></codeline>
<codeline lineno="41"><highlight class="normal">}</highlight></codeline>
    </programlisting>
    <location file="C:/Users/School User/Code/TMS-Dump/Transport Management System WPF/Transport Management System WPF/Carrier.cs"/>
  </compounddef>
</doxygen>
