<?xml version='1.0' encoding='UTF-8' standalone='no'?>
<doxygen xmlns:xsi="http://www.w3.org/2001/XMLSchema-instance" xsi:noNamespaceSchemaLocation="compound.xsd" version="1.8.16">
  <compounddef id="_mapping_class_8cs" kind="file" language="C#">
    <compoundname>MappingClass.cs</compoundname>
    <innerclass refid="struct_transport___management___system___w_p_f_1_1_route_data" prot="public">Transport_Management_System_WPF::RouteData</innerclass>
    <innerclass refid="struct_transport___management___system___w_p_f_1_1_route_sum_data" prot="public">Transport_Management_System_WPF::RouteSumData</innerclass>
    <innerclass refid="class_transport___management___system___w_p_f_1_1_city_node" prot="public">Transport_Management_System_WPF::CityNode</innerclass>
    <innerclass refid="class_transport___management___system___w_p_f_1_1_mapping_class" prot="public">Transport_Management_System_WPF::MappingClass</innerclass>
    <innernamespace refid="namespace_transport___management___system___w_p_f">Transport_Management_System_WPF</innernamespace>
    <briefdescription>
<para>This file contains the functionality for Route Calculation. This will be used by the Planner. </para>
    </briefdescription>
    <detaileddescription>
<para><simplesect kind="date"><para>November 20, 2019 </para>
</simplesect>
<simplesect kind="author"><para>8000 Cigarettes - Duane </para>
</simplesect>
<simplesect kind="see"><para><ref refid="_planner_class_8cs" kindref="compound">PlannerClass.cs</ref></para>
</simplesect>
This file holds the struct definitions that will be used to pass data from class to class. <linebreak/>
 It also holds the definition Mapping class. This class has the functionality that is needed to calculate route data for trip tickets.</para>
<para><hruler/>
 </para>
    </detaileddescription>
    <programlisting>
<codeline lineno="1"><highlight class="comment">//<sp/>MappingClass<sp/>FILE<sp/>HEADER<sp/>COMMENT:<sp/>=================================================================================</highlight></codeline>
<codeline lineno="14"><highlight class="comment"></highlight><highlight class="keyword">using</highlight><highlight class="normal"><sp/>System;</highlight></codeline>
<codeline lineno="15"><highlight class="normal"></highlight><highlight class="keyword">using</highlight><highlight class="normal"><sp/>System.Collections.Generic;</highlight></codeline>
<codeline lineno="16"><highlight class="normal"></highlight><highlight class="keyword">using</highlight><highlight class="normal"><sp/>System.Linq;</highlight></codeline>
<codeline lineno="17"><highlight class="normal"></highlight><highlight class="keyword">using</highlight><highlight class="normal"><sp/>System.Text;</highlight></codeline>
<codeline lineno="18"><highlight class="normal"></highlight><highlight class="keyword">using</highlight><highlight class="normal"><sp/>System.Threading.Tasks;</highlight></codeline>
<codeline lineno="19"><highlight class="normal"></highlight></codeline>
<codeline lineno="20"><highlight class="normal"></highlight><highlight class="comment">//<sp/>This<sp/>class<sp/>calculates<sp/>the<sp/>optimal<sp/>route<sp/>for<sp/>a<sp/>new<sp/>trip.<sp/>This<sp/>calculation<sp/>would</highlight><highlight class="normal"></highlight></codeline>
<codeline lineno="21"><highlight class="normal"></highlight><highlight class="comment">//<sp/>occur<sp/>after<sp/>the<sp/>Buyer<sp/>has<sp/>selected<sp/>cities<sp/>for<sp/>the<sp/>order,<sp/>and<sp/>the<sp/>planner<sp/></highlight><highlight class="normal"></highlight></codeline>
<codeline lineno="22"><highlight class="normal"></highlight><highlight class="comment">//<sp/>nominates<sp/>carriers<sp/>for<sp/>the<sp/>order.<sp/></highlight><highlight class="normal"></highlight></codeline>
<codeline lineno="23"><highlight class="normal"></highlight></codeline>
<codeline lineno="24"><highlight class="normal"></highlight><highlight class="keyword">namespace<sp/></highlight><highlight class="normal"><ref refid="namespace_transport___management___system___w_p_f" kindref="compound">Transport_Management_System_WPF</ref></highlight></codeline>
<codeline lineno="25"><highlight class="normal">{</highlight></codeline>
<codeline lineno="26"><highlight class="normal"></highlight></codeline>
<codeline lineno="27" refid="struct_transport___management___system___w_p_f_1_1_route_data" refkind="compound"><highlight class="normal"><sp/><sp/><sp/><sp/></highlight><highlight class="keyword">public</highlight><highlight class="normal"><sp/></highlight><highlight class="keyword">struct<sp/></highlight><highlight class="normal"><ref refid="struct_transport___management___system___w_p_f_1_1_route_data" kindref="compound">RouteData</ref></highlight></codeline>
<codeline lineno="28"><highlight class="normal"><sp/><sp/><sp/><sp/>{</highlight></codeline>
<codeline lineno="29"><highlight class="normal"><sp/><sp/><sp/><sp/><sp/><sp/><sp/><sp/></highlight><highlight class="keyword">public</highlight><highlight class="normal"><sp/></highlight><highlight class="keywordtype">int</highlight><highlight class="normal"><sp/><ref refid="struct_transport___management___system___w_p_f_1_1_route_data_1a7c32b69555f2b7546a00cbb7cc1fc4b2" kindref="member">RouteDataID</ref>;</highlight></codeline>
<codeline lineno="30"><highlight class="normal"><sp/><sp/><sp/><sp/><sp/><sp/><sp/><sp/></highlight><highlight class="keyword">public</highlight><highlight class="normal"><sp/></highlight><highlight class="keywordtype">int</highlight><highlight class="normal"><sp/><ref refid="struct_transport___management___system___w_p_f_1_1_route_data_1a23cd8f5e8ad99be71ea319ae12706e35" kindref="member">KM</ref>;</highlight></codeline>
<codeline lineno="31"><highlight class="normal"><sp/><sp/><sp/><sp/><sp/><sp/><sp/><sp/></highlight><highlight class="keyword">public</highlight><highlight class="normal"><sp/></highlight><highlight class="keywordtype">double</highlight><highlight class="normal"><sp/><ref refid="struct_transport___management___system___w_p_f_1_1_route_data_1a8a1fb3b1c950746f7f44960742163436" kindref="member">PickupTime</ref>;</highlight></codeline>
<codeline lineno="32"><highlight class="normal"><sp/><sp/><sp/><sp/><sp/><sp/><sp/><sp/></highlight><highlight class="keyword">public</highlight><highlight class="normal"><sp/></highlight><highlight class="keywordtype">double</highlight><highlight class="normal"><sp/><ref refid="struct_transport___management___system___w_p_f_1_1_route_data_1a1c014862156bfa9f7f5c3177e8a8dc30" kindref="member">DriveTime</ref>;</highlight></codeline>
<codeline lineno="33"><highlight class="normal"><sp/><sp/><sp/><sp/><sp/><sp/><sp/><sp/></highlight><highlight class="keyword">public</highlight><highlight class="normal"><sp/></highlight><highlight class="keywordtype">double</highlight><highlight class="normal"><sp/><ref refid="struct_transport___management___system___w_p_f_1_1_route_data_1aac1cdb60d3446d2a2ee8965f11356b72" kindref="member">LtlTime</ref>;</highlight></codeline>
<codeline lineno="34"><highlight class="normal"><sp/><sp/><sp/><sp/><sp/><sp/><sp/><sp/></highlight><highlight class="keyword">public</highlight><highlight class="normal"><sp/></highlight><highlight class="keywordtype">double</highlight><highlight class="normal"><sp/><ref refid="struct_transport___management___system___w_p_f_1_1_route_data_1a822646cabf49a7459b97f0aad3bfb838" kindref="member">DropoffTime</ref>;</highlight></codeline>
<codeline lineno="35"><highlight class="normal"><sp/><sp/><sp/><sp/><sp/><sp/><sp/><sp/></highlight><highlight class="keyword">public</highlight><highlight class="normal"><sp/></highlight><highlight class="keywordtype">int</highlight><highlight class="normal"><sp/><ref refid="struct_transport___management___system___w_p_f_1_1_route_data_1a78ab42300dd9923b0d9914c6fa57441c" kindref="member">CityA</ref>;</highlight></codeline>
<codeline lineno="36"><highlight class="normal"><sp/><sp/><sp/><sp/><sp/><sp/><sp/><sp/></highlight><highlight class="keyword">public</highlight><highlight class="normal"><sp/></highlight><highlight class="keywordtype">int</highlight><highlight class="normal"><sp/><ref refid="struct_transport___management___system___w_p_f_1_1_route_data_1a4b5ac67440353f1061ba8ba3cbcabc92" kindref="member">CityB</ref>;</highlight></codeline>
<codeline lineno="37"><highlight class="normal"><sp/><sp/><sp/><sp/>}</highlight></codeline>
<codeline lineno="38"><highlight class="normal"></highlight></codeline>
<codeline lineno="39" refid="struct_transport___management___system___w_p_f_1_1_route_sum_data" refkind="compound"><highlight class="normal"><sp/><sp/><sp/><sp/></highlight><highlight class="keyword">public</highlight><highlight class="normal"><sp/></highlight><highlight class="keyword">struct<sp/></highlight><highlight class="normal"><ref refid="struct_transport___management___system___w_p_f_1_1_route_sum_data" kindref="compound">RouteSumData</ref></highlight></codeline>
<codeline lineno="40"><highlight class="normal"><sp/><sp/><sp/><sp/>{</highlight></codeline>
<codeline lineno="41"><highlight class="normal"><sp/><sp/><sp/><sp/><sp/><sp/><sp/><sp/></highlight><highlight class="keyword">public</highlight><highlight class="normal"><sp/></highlight><highlight class="keywordtype">double</highlight><highlight class="normal"><sp/><ref refid="struct_transport___management___system___w_p_f_1_1_route_sum_data_1a4519225a57727b844e4adcdc5e4ec378" kindref="member">totalDriveTime</ref>;</highlight></codeline>
<codeline lineno="42"><highlight class="normal"><sp/><sp/><sp/><sp/><sp/><sp/><sp/><sp/></highlight><highlight class="keyword">public</highlight><highlight class="normal"><sp/></highlight><highlight class="keywordtype">double</highlight><highlight class="normal"><sp/><ref refid="struct_transport___management___system___w_p_f_1_1_route_sum_data_1a3912f1c48f71e670dcaa4f8455100a56" kindref="member">totalTripTime</ref>;</highlight></codeline>
<codeline lineno="43"><highlight class="normal"><sp/><sp/><sp/><sp/><sp/><sp/><sp/><sp/></highlight><highlight class="keyword">public</highlight><highlight class="normal"><sp/></highlight><highlight class="keywordtype">int</highlight><highlight class="normal"><sp/><ref refid="struct_transport___management___system___w_p_f_1_1_route_sum_data_1aaca3e4b028ef7381d995d32103f44704" kindref="member">totalKM</ref>;</highlight></codeline>
<codeline lineno="44"><highlight class="normal"><sp/><sp/><sp/><sp/><sp/><sp/><sp/><sp/></highlight><highlight class="keyword">public</highlight><highlight class="normal"><sp/></highlight><highlight class="keywordtype">int</highlight><highlight class="normal"><sp/><ref refid="struct_transport___management___system___w_p_f_1_1_route_sum_data_1a3d2ddcb564dfc2322a2b50156df0f72e" kindref="member">OriginCity</ref>;</highlight></codeline>
<codeline lineno="45"><highlight class="normal"><sp/><sp/><sp/><sp/><sp/><sp/><sp/><sp/></highlight><highlight class="keyword">public</highlight><highlight class="normal"><sp/></highlight><highlight class="keywordtype">int</highlight><highlight class="normal"><sp/><ref refid="struct_transport___management___system___w_p_f_1_1_route_sum_data_1aa785d7de7cf9f051b5d6e00c6e1aaa08" kindref="member">DestinationCity</ref>;</highlight></codeline>
<codeline lineno="46"><highlight class="normal"><sp/><sp/><sp/><sp/>};</highlight></codeline>
<codeline lineno="47"><highlight class="normal"></highlight></codeline>
<codeline lineno="48"><highlight class="normal"><sp/><sp/><sp/><sp/></highlight><highlight class="comment">//<sp/>CLASS<sp/>HEADER<sp/>COMMENT<sp/>-----------------------------------------------------------------------------------</highlight></codeline>
<codeline lineno="55" refid="class_transport___management___system___w_p_f_1_1_city_node" refkind="compound"><highlight class="comment"></highlight><highlight class="normal"><sp/><sp/><sp/><sp/></highlight><highlight class="keyword">public</highlight><highlight class="normal"><sp/></highlight><highlight class="keyword">class<sp/></highlight><highlight class="normal"><ref refid="class_transport___management___system___w_p_f_1_1_city_node" kindref="compound">CityNode</ref></highlight></codeline>
<codeline lineno="56"><highlight class="normal"><sp/><sp/><sp/><sp/>{</highlight></codeline>
<codeline lineno="57"><highlight class="normal"><sp/><sp/><sp/><sp/><sp/><sp/><sp/><sp/></highlight><highlight class="keyword">public</highlight><highlight class="normal"><sp/></highlight><highlight class="keywordtype">int</highlight><highlight class="normal"><sp/><ref refid="class_transport___management___system___w_p_f_1_1_city_node_1aeca85784cd7fa87b003d372df46195b1" kindref="member">CityID</ref><sp/>{<sp/></highlight><highlight class="keyword">get</highlight><highlight class="normal">;<sp/></highlight><highlight class="keyword">set</highlight><highlight class="normal">;<sp/>}</highlight></codeline>
<codeline lineno="58"><highlight class="normal"><sp/><sp/><sp/><sp/><sp/><sp/><sp/><sp/></highlight><highlight class="keyword">public</highlight><highlight class="normal"><sp/></highlight><highlight class="keywordtype">string</highlight><highlight class="normal"><sp/><ref refid="class_transport___management___system___w_p_f_1_1_city_node_1acf6a7ad108df5682216f0bd71fb827d7" kindref="member">CityName</ref><sp/>{<sp/></highlight><highlight class="keyword">get</highlight><highlight class="normal">;<sp/></highlight><highlight class="keyword">set</highlight><highlight class="normal">;<sp/>}</highlight></codeline>
<codeline lineno="59"><highlight class="normal"><sp/><sp/><sp/><sp/><sp/><sp/><sp/><sp/></highlight><highlight class="keyword">public</highlight><highlight class="normal"><sp/><ref refid="class_transport___management___system___w_p_f_1_1_city_node" kindref="compound">CityNode</ref><sp/><ref refid="class_transport___management___system___w_p_f_1_1_city_node_1a1a8b493f67d74c5d238ecf1d4e7d9620" kindref="member">East</ref><sp/>{<sp/></highlight><highlight class="keyword">get</highlight><highlight class="normal">;<sp/></highlight><highlight class="keyword">set</highlight><highlight class="normal">;<sp/>}</highlight></codeline>
<codeline lineno="60"><highlight class="normal"><sp/><sp/><sp/><sp/><sp/><sp/><sp/><sp/></highlight><highlight class="keyword">public</highlight><highlight class="normal"><sp/></highlight><highlight class="keywordtype">int</highlight><highlight class="normal"><sp/><ref refid="class_transport___management___system___w_p_f_1_1_city_node_1a3e017c17a23740fb85e42fca68f541a3" kindref="member">EastKM</ref><sp/>{<sp/></highlight><highlight class="keyword">get</highlight><highlight class="normal">;<sp/></highlight><highlight class="keyword">set</highlight><highlight class="normal">;<sp/>}</highlight></codeline>
<codeline lineno="61"><highlight class="normal"><sp/><sp/><sp/><sp/><sp/><sp/><sp/><sp/></highlight><highlight class="keyword">public</highlight><highlight class="normal"><sp/></highlight><highlight class="keywordtype">double</highlight><highlight class="normal"><sp/><ref refid="class_transport___management___system___w_p_f_1_1_city_node_1aea7ea8b5814108890a32e553958ae85b" kindref="member">EastHour</ref><sp/>{<sp/></highlight><highlight class="keyword">get</highlight><highlight class="normal">;<sp/></highlight><highlight class="keyword">set</highlight><highlight class="normal">;<sp/>}</highlight></codeline>
<codeline lineno="62"><highlight class="normal"><sp/><sp/><sp/><sp/><sp/><sp/><sp/><sp/></highlight><highlight class="keyword">public</highlight><highlight class="normal"><sp/><ref refid="class_transport___management___system___w_p_f_1_1_city_node" kindref="compound">CityNode</ref><sp/><ref refid="class_transport___management___system___w_p_f_1_1_city_node_1a42241fedecce3a8de470ed7339432403" kindref="member">West</ref><sp/>{<sp/></highlight><highlight class="keyword">get</highlight><highlight class="normal">;<sp/></highlight><highlight class="keyword">set</highlight><highlight class="normal">;<sp/>}</highlight></codeline>
<codeline lineno="63"><highlight class="normal"><sp/><sp/><sp/><sp/><sp/><sp/><sp/><sp/></highlight><highlight class="keyword">public</highlight><highlight class="normal"><sp/></highlight><highlight class="keywordtype">int</highlight><highlight class="normal"><sp/><ref refid="class_transport___management___system___w_p_f_1_1_city_node_1a9c35751ba5a470c3f8c5c541d6c6ae6e" kindref="member">WestKM</ref><sp/>{<sp/></highlight><highlight class="keyword">get</highlight><highlight class="normal">;<sp/></highlight><highlight class="keyword">set</highlight><highlight class="normal">;<sp/>}</highlight></codeline>
<codeline lineno="64"><highlight class="normal"><sp/><sp/><sp/><sp/><sp/><sp/><sp/><sp/></highlight><highlight class="keyword">public</highlight><highlight class="normal"><sp/></highlight><highlight class="keywordtype">double</highlight><highlight class="normal"><sp/><ref refid="class_transport___management___system___w_p_f_1_1_city_node_1a05008ea061410d2952f1912f76ad26fa" kindref="member">WestHour</ref><sp/>{<sp/></highlight><highlight class="keyword">get</highlight><highlight class="normal">;<sp/></highlight><highlight class="keyword">set</highlight><highlight class="normal">;<sp/>}</highlight></codeline>
<codeline lineno="65"><highlight class="normal"></highlight></codeline>
<codeline lineno="66"><highlight class="normal"><sp/><sp/><sp/><sp/><sp/><sp/><sp/><sp/></highlight><highlight class="keyword">public</highlight><highlight class="normal"><sp/><ref refid="class_transport___management___system___w_p_f_1_1_city_node_1a6f66e2a70e57355be0f0ba272bcb2665" kindref="member">CityNode</ref>(</highlight><highlight class="keywordtype">string</highlight><highlight class="normal"><sp/>inName,<sp/></highlight><highlight class="keywordtype">int</highlight><highlight class="normal"><sp/>inCityId)</highlight></codeline>
<codeline lineno="67"><highlight class="normal"><sp/><sp/><sp/><sp/><sp/><sp/><sp/><sp/>{</highlight></codeline>
<codeline lineno="68"><highlight class="normal"><sp/><sp/><sp/><sp/><sp/><sp/><sp/><sp/><sp/><sp/><sp/><sp/><ref refid="class_transport___management___system___w_p_f_1_1_city_node_1acf6a7ad108df5682216f0bd71fb827d7" kindref="member">CityName</ref><sp/>=<sp/>inName;</highlight></codeline>
<codeline lineno="69"><highlight class="normal"><sp/><sp/><sp/><sp/><sp/><sp/><sp/><sp/><sp/><sp/><sp/><sp/><ref refid="class_transport___management___system___w_p_f_1_1_city_node_1aeca85784cd7fa87b003d372df46195b1" kindref="member">CityID</ref><sp/>=<sp/>inCityId;</highlight></codeline>
<codeline lineno="70"><highlight class="normal"><sp/><sp/><sp/><sp/><sp/><sp/><sp/><sp/>}</highlight></codeline>
<codeline lineno="71"><highlight class="normal"><sp/><sp/><sp/><sp/>}</highlight></codeline>
<codeline lineno="72"><highlight class="normal"></highlight></codeline>
<codeline lineno="73"><highlight class="normal"><sp/><sp/><sp/><sp/></highlight><highlight class="comment">//<sp/>CLASS<sp/>HEADER<sp/>COMMENT<sp/>-----------------------------------------------------------------------------------</highlight></codeline>
<codeline lineno="79" refid="class_transport___management___system___w_p_f_1_1_mapping_class" refkind="compound"><highlight class="comment"></highlight><highlight class="normal"><sp/><sp/><sp/><sp/></highlight><highlight class="keyword">public</highlight><highlight class="normal"><sp/></highlight><highlight class="keyword">class<sp/></highlight><highlight class="normal"><ref refid="class_transport___management___system___w_p_f_1_1_mapping_class" kindref="compound">MappingClass</ref></highlight></codeline>
<codeline lineno="80"><highlight class="normal"><sp/><sp/><sp/><sp/>{</highlight></codeline>
<codeline lineno="81"><highlight class="normal"><sp/><sp/><sp/><sp/><sp/><sp/><sp/><sp/></highlight><highlight class="keyword">private</highlight><highlight class="normal"><sp/></highlight><highlight class="keyword">const</highlight><highlight class="normal"><sp/></highlight><highlight class="keywordtype">int</highlight><highlight class="normal"><sp/><ref refid="class_transport___management___system___w_p_f_1_1_mapping_class_1a6b13c2cb35ebe12b11e7a0881129cace" kindref="member">Number_of_Cities</ref><sp/>=<sp/>8;</highlight></codeline>
<codeline lineno="82"><highlight class="normal"><sp/><sp/><sp/><sp/><sp/><sp/><sp/><sp/></highlight><highlight class="keyword">public</highlight><highlight class="normal"><sp/>List&lt;CityNode&gt;<sp/><ref refid="class_transport___management___system___w_p_f_1_1_mapping_class_1adae437d5242ae05821b49c72483a4622" kindref="member">nodes</ref><sp/>=<sp/></highlight><highlight class="keyword">new</highlight><highlight class="normal"><sp/>List&lt;CityNode&gt;();</highlight></codeline>
<codeline lineno="83"><highlight class="normal"></highlight></codeline>
<codeline lineno="84"><highlight class="normal"></highlight></codeline>
<codeline lineno="85"><highlight class="normal"></highlight></codeline>
<codeline lineno="86"><highlight class="normal"><sp/><sp/><sp/><sp/><sp/><sp/><sp/><sp/></highlight><highlight class="comment">//<sp/>MappingClass<sp/>Constructor<sp/>HEADER<sp/>COMMENT<sp/>-------------------------------------------------------------------------------</highlight></codeline>
<codeline lineno="98"><highlight class="comment"></highlight><highlight class="normal"><sp/><sp/><sp/><sp/><sp/><sp/><sp/><sp/></highlight><highlight class="keyword">public</highlight><highlight class="normal"><sp/><ref refid="class_transport___management___system___w_p_f_1_1_mapping_class_1a730543415ef496d02528a5b4b815fa23" kindref="member">MappingClass</ref>()</highlight></codeline>
<codeline lineno="99"><highlight class="normal"><sp/><sp/><sp/><sp/><sp/><sp/><sp/><sp/>{</highlight></codeline>
<codeline lineno="100"><highlight class="normal"></highlight></codeline>
<codeline lineno="101"><highlight class="normal"><sp/><sp/><sp/><sp/><sp/><sp/><sp/><sp/><sp/><sp/><sp/><sp/><ref refid="class_transport___management___system___w_p_f_1_1_city_node" kindref="compound">CityNode</ref><sp/>Windsor<sp/>=<sp/></highlight><highlight class="keyword">new</highlight><highlight class="normal"><sp/><ref refid="class_transport___management___system___w_p_f_1_1_city_node" kindref="compound">CityNode</ref><sp/>(</highlight><highlight class="stringliteral">&quot;Windsor&quot;</highlight><highlight class="normal">,<sp/>0<sp/>);</highlight></codeline>
<codeline lineno="102"><highlight class="normal"><sp/><sp/><sp/><sp/><sp/><sp/><sp/><sp/><sp/><sp/><sp/><sp/><ref refid="class_transport___management___system___w_p_f_1_1_city_node" kindref="compound">CityNode</ref><sp/>London<sp/>=<sp/></highlight><highlight class="keyword">new</highlight><highlight class="normal"><sp/><ref refid="class_transport___management___system___w_p_f_1_1_city_node" kindref="compound">CityNode</ref><sp/>(<sp/></highlight><highlight class="stringliteral">&quot;London&quot;</highlight><highlight class="normal">,<sp/>1<sp/>);</highlight></codeline>
<codeline lineno="103"><highlight class="normal"><sp/><sp/><sp/><sp/><sp/><sp/><sp/><sp/><sp/><sp/><sp/><sp/><ref refid="class_transport___management___system___w_p_f_1_1_city_node" kindref="compound">CityNode</ref><sp/>Hamilton<sp/>=<sp/></highlight><highlight class="keyword">new</highlight><highlight class="normal"><sp/><ref refid="class_transport___management___system___w_p_f_1_1_city_node" kindref="compound">CityNode</ref><sp/>(<sp/></highlight><highlight class="stringliteral">&quot;Hamilton&quot;</highlight><highlight class="normal">,<sp/>2<sp/>);</highlight></codeline>
<codeline lineno="104"><highlight class="normal"><sp/><sp/><sp/><sp/><sp/><sp/><sp/><sp/><sp/><sp/><sp/><sp/><ref refid="class_transport___management___system___w_p_f_1_1_city_node" kindref="compound">CityNode</ref><sp/>Toronto<sp/>=<sp/></highlight><highlight class="keyword">new</highlight><highlight class="normal"><sp/><ref refid="class_transport___management___system___w_p_f_1_1_city_node" kindref="compound">CityNode</ref><sp/>(<sp/></highlight><highlight class="stringliteral">&quot;Toronto&quot;</highlight><highlight class="normal">,<sp/>3<sp/>);</highlight></codeline>
<codeline lineno="105"><highlight class="normal"><sp/><sp/><sp/><sp/><sp/><sp/><sp/><sp/><sp/><sp/><sp/><sp/><ref refid="class_transport___management___system___w_p_f_1_1_city_node" kindref="compound">CityNode</ref><sp/>Oshawa<sp/>=<sp/></highlight><highlight class="keyword">new</highlight><highlight class="normal"><sp/><ref refid="class_transport___management___system___w_p_f_1_1_city_node" kindref="compound">CityNode</ref><sp/>(<sp/></highlight><highlight class="stringliteral">&quot;Oshawa&quot;</highlight><highlight class="normal">,<sp/>4<sp/>);</highlight></codeline>
<codeline lineno="106"><highlight class="normal"><sp/><sp/><sp/><sp/><sp/><sp/><sp/><sp/><sp/><sp/><sp/><sp/><ref refid="class_transport___management___system___w_p_f_1_1_city_node" kindref="compound">CityNode</ref><sp/>Belleville<sp/>=<sp/></highlight><highlight class="keyword">new</highlight><highlight class="normal"><sp/><ref refid="class_transport___management___system___w_p_f_1_1_city_node" kindref="compound">CityNode</ref><sp/>(<sp/></highlight><highlight class="stringliteral">&quot;Belleville&quot;</highlight><highlight class="normal">,<sp/>5<sp/>);</highlight></codeline>
<codeline lineno="107"><highlight class="normal"><sp/><sp/><sp/><sp/><sp/><sp/><sp/><sp/><sp/><sp/><sp/><sp/><ref refid="class_transport___management___system___w_p_f_1_1_city_node" kindref="compound">CityNode</ref><sp/>Kingston<sp/>=<sp/></highlight><highlight class="keyword">new</highlight><highlight class="normal"><sp/><ref refid="class_transport___management___system___w_p_f_1_1_city_node" kindref="compound">CityNode</ref><sp/>(<sp/></highlight><highlight class="stringliteral">&quot;Kingston&quot;</highlight><highlight class="normal">,<sp/>6<sp/>);</highlight></codeline>
<codeline lineno="108"><highlight class="normal"><sp/><sp/><sp/><sp/><sp/><sp/><sp/><sp/><sp/><sp/><sp/><sp/><ref refid="class_transport___management___system___w_p_f_1_1_city_node" kindref="compound">CityNode</ref><sp/>Ottawa<sp/>=<sp/></highlight><highlight class="keyword">new</highlight><highlight class="normal"><sp/><ref refid="class_transport___management___system___w_p_f_1_1_city_node" kindref="compound">CityNode</ref><sp/>(<sp/></highlight><highlight class="stringliteral">&quot;Ottawa&quot;</highlight><highlight class="normal">,<sp/>7<sp/>);</highlight></codeline>
<codeline lineno="109"><highlight class="normal"></highlight></codeline>
<codeline lineno="110"><highlight class="normal"><sp/><sp/><sp/><sp/><sp/><sp/><sp/><sp/><sp/><sp/><sp/><sp/>Windsor.<ref refid="class_transport___management___system___w_p_f_1_1_city_node_1a42241fedecce3a8de470ed7339432403" kindref="member">West</ref><sp/>=<sp/></highlight><highlight class="keyword">null</highlight><highlight class="normal">;</highlight></codeline>
<codeline lineno="111"><highlight class="normal"><sp/><sp/><sp/><sp/><sp/><sp/><sp/><sp/><sp/><sp/><sp/><sp/>London.<ref refid="class_transport___management___system___w_p_f_1_1_city_node_1a42241fedecce3a8de470ed7339432403" kindref="member">West</ref><sp/>=<sp/>Windsor;</highlight></codeline>
<codeline lineno="112"><highlight class="normal"><sp/><sp/><sp/><sp/><sp/><sp/><sp/><sp/><sp/><sp/><sp/><sp/>Hamilton.<ref refid="class_transport___management___system___w_p_f_1_1_city_node_1a42241fedecce3a8de470ed7339432403" kindref="member">West</ref><sp/>=<sp/>London;</highlight></codeline>
<codeline lineno="113"><highlight class="normal"><sp/><sp/><sp/><sp/><sp/><sp/><sp/><sp/><sp/><sp/><sp/><sp/>Toronto.<ref refid="class_transport___management___system___w_p_f_1_1_city_node_1a42241fedecce3a8de470ed7339432403" kindref="member">West</ref><sp/>=<sp/>Hamilton;</highlight></codeline>
<codeline lineno="114"><highlight class="normal"><sp/><sp/><sp/><sp/><sp/><sp/><sp/><sp/><sp/><sp/><sp/><sp/>Oshawa.<ref refid="class_transport___management___system___w_p_f_1_1_city_node_1a42241fedecce3a8de470ed7339432403" kindref="member">West</ref><sp/>=<sp/>Toronto;</highlight></codeline>
<codeline lineno="115"><highlight class="normal"><sp/><sp/><sp/><sp/><sp/><sp/><sp/><sp/><sp/><sp/><sp/><sp/>Belleville.<ref refid="class_transport___management___system___w_p_f_1_1_city_node_1a42241fedecce3a8de470ed7339432403" kindref="member">West</ref><sp/>=<sp/>Oshawa;</highlight></codeline>
<codeline lineno="116"><highlight class="normal"><sp/><sp/><sp/><sp/><sp/><sp/><sp/><sp/><sp/><sp/><sp/><sp/>Kingston.<ref refid="class_transport___management___system___w_p_f_1_1_city_node_1a42241fedecce3a8de470ed7339432403" kindref="member">West</ref><sp/>=<sp/>Belleville;</highlight></codeline>
<codeline lineno="117"><highlight class="normal"><sp/><sp/><sp/><sp/><sp/><sp/><sp/><sp/><sp/><sp/><sp/><sp/>Ottawa.<ref refid="class_transport___management___system___w_p_f_1_1_city_node_1a42241fedecce3a8de470ed7339432403" kindref="member">West</ref><sp/>=<sp/>Kingston;</highlight></codeline>
<codeline lineno="118"><highlight class="normal"></highlight></codeline>
<codeline lineno="119"><highlight class="normal"><sp/><sp/><sp/><sp/><sp/><sp/><sp/><sp/><sp/><sp/><sp/><sp/>Windsor.<ref refid="class_transport___management___system___w_p_f_1_1_city_node_1a1a8b493f67d74c5d238ecf1d4e7d9620" kindref="member">East</ref><sp/>=<sp/>London;</highlight></codeline>
<codeline lineno="120"><highlight class="normal"><sp/><sp/><sp/><sp/><sp/><sp/><sp/><sp/><sp/><sp/><sp/><sp/>London.<ref refid="class_transport___management___system___w_p_f_1_1_city_node_1a1a8b493f67d74c5d238ecf1d4e7d9620" kindref="member">East</ref><sp/>=<sp/>Hamilton;</highlight></codeline>
<codeline lineno="121"><highlight class="normal"><sp/><sp/><sp/><sp/><sp/><sp/><sp/><sp/><sp/><sp/><sp/><sp/>Hamilton.<ref refid="class_transport___management___system___w_p_f_1_1_city_node_1a1a8b493f67d74c5d238ecf1d4e7d9620" kindref="member">East</ref><sp/>=<sp/>Toronto;</highlight></codeline>
<codeline lineno="122"><highlight class="normal"><sp/><sp/><sp/><sp/><sp/><sp/><sp/><sp/><sp/><sp/><sp/><sp/>Toronto.<ref refid="class_transport___management___system___w_p_f_1_1_city_node_1a1a8b493f67d74c5d238ecf1d4e7d9620" kindref="member">East</ref><sp/>=<sp/>Oshawa;</highlight></codeline>
<codeline lineno="123"><highlight class="normal"><sp/><sp/><sp/><sp/><sp/><sp/><sp/><sp/><sp/><sp/><sp/><sp/>Oshawa.<ref refid="class_transport___management___system___w_p_f_1_1_city_node_1a1a8b493f67d74c5d238ecf1d4e7d9620" kindref="member">East</ref><sp/>=<sp/>Belleville;</highlight></codeline>
<codeline lineno="124"><highlight class="normal"><sp/><sp/><sp/><sp/><sp/><sp/><sp/><sp/><sp/><sp/><sp/><sp/>Belleville.<ref refid="class_transport___management___system___w_p_f_1_1_city_node_1a1a8b493f67d74c5d238ecf1d4e7d9620" kindref="member">East</ref><sp/>=<sp/>Kingston;</highlight></codeline>
<codeline lineno="125"><highlight class="normal"><sp/><sp/><sp/><sp/><sp/><sp/><sp/><sp/><sp/><sp/><sp/><sp/>Kingston.<ref refid="class_transport___management___system___w_p_f_1_1_city_node_1a1a8b493f67d74c5d238ecf1d4e7d9620" kindref="member">East</ref><sp/>=<sp/>Ottawa;</highlight></codeline>
<codeline lineno="126"><highlight class="normal"><sp/><sp/><sp/><sp/><sp/><sp/><sp/><sp/><sp/><sp/><sp/><sp/>Ottawa.<ref refid="class_transport___management___system___w_p_f_1_1_city_node_1a1a8b493f67d74c5d238ecf1d4e7d9620" kindref="member">East</ref><sp/>=<sp/></highlight><highlight class="keyword">null</highlight><highlight class="normal">;</highlight></codeline>
<codeline lineno="127"><highlight class="normal"></highlight></codeline>
<codeline lineno="128"><highlight class="normal"><sp/><sp/><sp/><sp/><sp/><sp/><sp/><sp/><sp/><sp/><sp/><sp/><ref refid="class_transport___management___system___w_p_f_1_1_mapping_class_1adae437d5242ae05821b49c72483a4622" kindref="member">nodes</ref>.Add(Windsor);</highlight></codeline>
<codeline lineno="129"><highlight class="normal"><sp/><sp/><sp/><sp/><sp/><sp/><sp/><sp/><sp/><sp/><sp/><sp/><ref refid="class_transport___management___system___w_p_f_1_1_mapping_class_1adae437d5242ae05821b49c72483a4622" kindref="member">nodes</ref>.Add(London);</highlight></codeline>
<codeline lineno="130"><highlight class="normal"><sp/><sp/><sp/><sp/><sp/><sp/><sp/><sp/><sp/><sp/><sp/><sp/><ref refid="class_transport___management___system___w_p_f_1_1_mapping_class_1adae437d5242ae05821b49c72483a4622" kindref="member">nodes</ref>.Add(Hamilton);</highlight></codeline>
<codeline lineno="131"><highlight class="normal"><sp/><sp/><sp/><sp/><sp/><sp/><sp/><sp/><sp/><sp/><sp/><sp/><ref refid="class_transport___management___system___w_p_f_1_1_mapping_class_1adae437d5242ae05821b49c72483a4622" kindref="member">nodes</ref>.Add(Toronto);</highlight></codeline>
<codeline lineno="132"><highlight class="normal"><sp/><sp/><sp/><sp/><sp/><sp/><sp/><sp/><sp/><sp/><sp/><sp/><ref refid="class_transport___management___system___w_p_f_1_1_mapping_class_1adae437d5242ae05821b49c72483a4622" kindref="member">nodes</ref>.Add(Oshawa);</highlight></codeline>
<codeline lineno="133"><highlight class="normal"><sp/><sp/><sp/><sp/><sp/><sp/><sp/><sp/><sp/><sp/><sp/><sp/><ref refid="class_transport___management___system___w_p_f_1_1_mapping_class_1adae437d5242ae05821b49c72483a4622" kindref="member">nodes</ref>.Add(Belleville);</highlight></codeline>
<codeline lineno="134"><highlight class="normal"><sp/><sp/><sp/><sp/><sp/><sp/><sp/><sp/><sp/><sp/><sp/><sp/><ref refid="class_transport___management___system___w_p_f_1_1_mapping_class_1adae437d5242ae05821b49c72483a4622" kindref="member">nodes</ref>.Add(Kingston);</highlight></codeline>
<codeline lineno="135"><highlight class="normal"><sp/><sp/><sp/><sp/><sp/><sp/><sp/><sp/><sp/><sp/><sp/><sp/><ref refid="class_transport___management___system___w_p_f_1_1_mapping_class_1adae437d5242ae05821b49c72483a4622" kindref="member">nodes</ref>.Add(Ottawa);</highlight></codeline>
<codeline lineno="136"><highlight class="normal"></highlight></codeline>
<codeline lineno="137"><highlight class="normal"><sp/><sp/><sp/><sp/><sp/><sp/><sp/><sp/><sp/><sp/><sp/><sp/></highlight><highlight class="keywordtype">int</highlight><highlight class="normal">[]<sp/>eastKMArray<sp/>=<sp/></highlight><highlight class="keyword">new</highlight><highlight class="normal"><sp/></highlight><highlight class="keywordtype">int</highlight><highlight class="normal">[<ref refid="class_transport___management___system___w_p_f_1_1_mapping_class_1a6b13c2cb35ebe12b11e7a0881129cace" kindref="member">Number_of_Cities</ref>]<sp/>{<sp/>191,<sp/>128,<sp/>68,<sp/>60,<sp/>134,<sp/>82,<sp/>196,<sp/>-1<sp/>};</highlight></codeline>
<codeline lineno="138"><highlight class="normal"><sp/><sp/><sp/><sp/><sp/><sp/><sp/><sp/><sp/><sp/><sp/><sp/></highlight><highlight class="keywordflow">for</highlight><highlight class="normal"><sp/>(</highlight><highlight class="keywordtype">int</highlight><highlight class="normal"><sp/>i<sp/>=<sp/>0;<sp/>i<sp/>&lt;<sp/><ref refid="class_transport___management___system___w_p_f_1_1_mapping_class_1a6b13c2cb35ebe12b11e7a0881129cace" kindref="member">Number_of_Cities</ref>;<sp/>i++)</highlight></codeline>
<codeline lineno="139"><highlight class="normal"><sp/><sp/><sp/><sp/><sp/><sp/><sp/><sp/><sp/><sp/><sp/><sp/>{</highlight></codeline>
<codeline lineno="140"><highlight class="normal"><sp/><sp/><sp/><sp/><sp/><sp/><sp/><sp/><sp/><sp/><sp/><sp/><sp/><sp/><sp/><sp/><ref refid="class_transport___management___system___w_p_f_1_1_mapping_class_1adae437d5242ae05821b49c72483a4622" kindref="member">nodes</ref>[i].EastKM<sp/>=<sp/>eastKMArray[i];</highlight></codeline>
<codeline lineno="141"><highlight class="normal"><sp/><sp/><sp/><sp/><sp/><sp/><sp/><sp/><sp/><sp/><sp/><sp/>}</highlight></codeline>
<codeline lineno="142"><highlight class="normal"></highlight></codeline>
<codeline lineno="143"><highlight class="normal"><sp/><sp/><sp/><sp/><sp/><sp/><sp/><sp/><sp/><sp/><sp/><sp/></highlight><highlight class="keywordtype">int</highlight><highlight class="normal">[]<sp/>westKMArray<sp/>=<sp/></highlight><highlight class="keyword">new</highlight><highlight class="normal"><sp/></highlight><highlight class="keywordtype">int</highlight><highlight class="normal">[<ref refid="class_transport___management___system___w_p_f_1_1_mapping_class_1a6b13c2cb35ebe12b11e7a0881129cace" kindref="member">Number_of_Cities</ref>]<sp/>{<sp/>-1,<sp/>191,<sp/>128,<sp/>68,<sp/>60,<sp/>134,<sp/>82,<sp/>196<sp/>};</highlight></codeline>
<codeline lineno="144"><highlight class="normal"><sp/><sp/><sp/><sp/><sp/><sp/><sp/><sp/><sp/><sp/><sp/><sp/></highlight><highlight class="keywordflow">for</highlight><highlight class="normal"><sp/>(</highlight><highlight class="keywordtype">int</highlight><highlight class="normal"><sp/>i<sp/>=<sp/>0;<sp/>i<sp/>&lt;<sp/><ref refid="class_transport___management___system___w_p_f_1_1_mapping_class_1a6b13c2cb35ebe12b11e7a0881129cace" kindref="member">Number_of_Cities</ref>;<sp/>i++)</highlight></codeline>
<codeline lineno="145"><highlight class="normal"><sp/><sp/><sp/><sp/><sp/><sp/><sp/><sp/><sp/><sp/><sp/><sp/>{</highlight></codeline>
<codeline lineno="146"><highlight class="normal"><sp/><sp/><sp/><sp/><sp/><sp/><sp/><sp/><sp/><sp/><sp/><sp/><sp/><sp/><sp/><sp/><ref refid="class_transport___management___system___w_p_f_1_1_mapping_class_1adae437d5242ae05821b49c72483a4622" kindref="member">nodes</ref>[i].WestKM<sp/>=<sp/>westKMArray[i];</highlight></codeline>
<codeline lineno="147"><highlight class="normal"><sp/><sp/><sp/><sp/><sp/><sp/><sp/><sp/><sp/><sp/><sp/><sp/>}</highlight></codeline>
<codeline lineno="148"><highlight class="normal"></highlight></codeline>
<codeline lineno="149"><highlight class="normal"><sp/><sp/><sp/><sp/><sp/><sp/><sp/><sp/><sp/><sp/><sp/><sp/></highlight><highlight class="keywordtype">double</highlight><highlight class="normal">[]<sp/>eastHourArray<sp/>=<sp/></highlight><highlight class="keyword">new</highlight><highlight class="normal"><sp/></highlight><highlight class="keywordtype">double</highlight><highlight class="normal">[<ref refid="class_transport___management___system___w_p_f_1_1_mapping_class_1a6b13c2cb35ebe12b11e7a0881129cace" kindref="member">Number_of_Cities</ref>]<sp/>{<sp/>2.5,<sp/>1.75,<sp/>1.25,<sp/>1.3,<sp/>1.65,<sp/>1.2,<sp/>2.5,<sp/>-1<sp/>};</highlight></codeline>
<codeline lineno="150"><highlight class="normal"><sp/><sp/><sp/><sp/><sp/><sp/><sp/><sp/><sp/><sp/><sp/><sp/></highlight><highlight class="keywordflow">for</highlight><highlight class="normal"><sp/>(</highlight><highlight class="keywordtype">int</highlight><highlight class="normal"><sp/>i<sp/>=<sp/>0;<sp/>i<sp/>&lt;<sp/><ref refid="class_transport___management___system___w_p_f_1_1_mapping_class_1a6b13c2cb35ebe12b11e7a0881129cace" kindref="member">Number_of_Cities</ref>;<sp/>i++)</highlight></codeline>
<codeline lineno="151"><highlight class="normal"><sp/><sp/><sp/><sp/><sp/><sp/><sp/><sp/><sp/><sp/><sp/><sp/>{</highlight></codeline>
<codeline lineno="152"><highlight class="normal"><sp/><sp/><sp/><sp/><sp/><sp/><sp/><sp/><sp/><sp/><sp/><sp/><sp/><sp/><sp/><sp/><ref refid="class_transport___management___system___w_p_f_1_1_mapping_class_1adae437d5242ae05821b49c72483a4622" kindref="member">nodes</ref>[i].EastHour<sp/>=<sp/>eastHourArray[i];</highlight></codeline>
<codeline lineno="153"><highlight class="normal"><sp/><sp/><sp/><sp/><sp/><sp/><sp/><sp/><sp/><sp/><sp/><sp/>}</highlight></codeline>
<codeline lineno="154"><highlight class="normal"></highlight></codeline>
<codeline lineno="155"><highlight class="normal"><sp/><sp/><sp/><sp/><sp/><sp/><sp/><sp/><sp/><sp/><sp/><sp/></highlight><highlight class="keywordtype">double</highlight><highlight class="normal">[]<sp/>WestHourArray<sp/>=<sp/></highlight><highlight class="keyword">new</highlight><highlight class="normal"><sp/></highlight><highlight class="keywordtype">double</highlight><highlight class="normal">[<ref refid="class_transport___management___system___w_p_f_1_1_mapping_class_1a6b13c2cb35ebe12b11e7a0881129cace" kindref="member">Number_of_Cities</ref>]<sp/>{<sp/>-1,<sp/>2.5,<sp/>1.75,<sp/>1.25,<sp/>1.3,<sp/>1.65,<sp/>1.2,<sp/>2.5<sp/>};</highlight></codeline>
<codeline lineno="156"><highlight class="normal"><sp/><sp/><sp/><sp/><sp/><sp/><sp/><sp/><sp/><sp/><sp/><sp/></highlight><highlight class="keywordflow">for</highlight><highlight class="normal"><sp/>(</highlight><highlight class="keywordtype">int</highlight><highlight class="normal"><sp/>i<sp/>=<sp/>0;<sp/>i<sp/>&lt;<sp/><ref refid="class_transport___management___system___w_p_f_1_1_mapping_class_1a6b13c2cb35ebe12b11e7a0881129cace" kindref="member">Number_of_Cities</ref>;<sp/>i++)</highlight></codeline>
<codeline lineno="157"><highlight class="normal"><sp/><sp/><sp/><sp/><sp/><sp/><sp/><sp/><sp/><sp/><sp/><sp/>{</highlight></codeline>
<codeline lineno="158"><highlight class="normal"><sp/><sp/><sp/><sp/><sp/><sp/><sp/><sp/><sp/><sp/><sp/><sp/><sp/><sp/><sp/><sp/><ref refid="class_transport___management___system___w_p_f_1_1_mapping_class_1adae437d5242ae05821b49c72483a4622" kindref="member">nodes</ref>[i].WestHour<sp/>=<sp/>WestHourArray[i];</highlight></codeline>
<codeline lineno="159"><highlight class="normal"><sp/><sp/><sp/><sp/><sp/><sp/><sp/><sp/><sp/><sp/><sp/><sp/>}</highlight></codeline>
<codeline lineno="160"><highlight class="normal"></highlight></codeline>
<codeline lineno="161"><highlight class="normal"><sp/><sp/><sp/><sp/><sp/><sp/><sp/><sp/><sp/><sp/><sp/><sp/></highlight><highlight class="keywordtype">int</highlight><highlight class="normal"><sp/>k<sp/>=<sp/>0;</highlight></codeline>
<codeline lineno="162"><highlight class="normal"><sp/><sp/><sp/><sp/><sp/><sp/><sp/><sp/>}</highlight></codeline>
<codeline lineno="163"><highlight class="normal"></highlight></codeline>
<codeline lineno="164"><highlight class="normal"><sp/><sp/><sp/><sp/><sp/><sp/><sp/><sp/></highlight><highlight class="comment">//<sp/>GetTravelData<sp/>METHOD<sp/>HEADER<sp/>COMMENT<sp/>-------------------------------------------------------------------------------</highlight></codeline>
<codeline lineno="177"><highlight class="comment"></highlight><highlight class="normal"><sp/><sp/><sp/><sp/><sp/><sp/><sp/><sp/></highlight><highlight class="keyword">public</highlight><highlight class="normal"><sp/>List&lt;RouteData&gt;<sp/><ref refid="class_transport___management___system___w_p_f_1_1_mapping_class_1a2d0bf5b2ac5ef1514c9f28ade98716cc" kindref="member">GetTravelData</ref>(</highlight><highlight class="keywordtype">int</highlight><highlight class="normal"><sp/>OriginID,<sp/></highlight><highlight class="keywordtype">int</highlight><highlight class="normal"><sp/>DestinationID,<sp/></highlight><highlight class="keywordtype">bool</highlight><highlight class="normal"><sp/>FLTorLTL)<sp/></highlight><highlight class="comment">//ftl<sp/>is<sp/>true</highlight><highlight class="normal"></highlight></codeline>
<codeline lineno="178"><highlight class="normal"><sp/><sp/><sp/><sp/><sp/><sp/><sp/><sp/>{</highlight></codeline>
<codeline lineno="179"><highlight class="normal"><sp/><sp/><sp/><sp/><sp/><sp/><sp/><sp/><sp/><sp/><sp/><sp/></highlight><highlight class="comment">//figure<sp/>out<sp/>if<sp/>we<sp/>need<sp/>to<sp/>travel<sp/>east<sp/>or<sp/>west</highlight><highlight class="normal"></highlight></codeline>
<codeline lineno="180"><highlight class="normal"><sp/><sp/><sp/><sp/><sp/><sp/><sp/><sp/><sp/><sp/><sp/><sp/><ref refid="class_transport___management___system___w_p_f_1_1_city_node" kindref="compound">CityNode</ref><sp/>current<sp/>=<sp/><ref refid="class_transport___management___system___w_p_f_1_1_mapping_class_1adae437d5242ae05821b49c72483a4622" kindref="member">nodes</ref>.Find(x<sp/>=&gt;<sp/>x.CityID<sp/>==<sp/>OriginID);</highlight></codeline>
<codeline lineno="181"><highlight class="normal"><sp/><sp/><sp/><sp/><sp/><sp/><sp/><sp/><sp/><sp/><sp/><sp/><ref refid="class_transport___management___system___w_p_f_1_1_city_node" kindref="compound">CityNode</ref><sp/>nextCity;</highlight></codeline>
<codeline lineno="182"><highlight class="normal"></highlight></codeline>
<codeline lineno="183"><highlight class="normal"><sp/><sp/><sp/><sp/><sp/><sp/><sp/><sp/><sp/><sp/><sp/><sp/>List&lt;RouteData&gt;<sp/>returnList<sp/>=<sp/></highlight><highlight class="keyword">new</highlight><highlight class="normal"><sp/>List&lt;RouteData&gt;();</highlight></codeline>
<codeline lineno="184"><highlight class="normal"></highlight></codeline>
<codeline lineno="185"><highlight class="normal"><sp/><sp/><sp/><sp/><sp/><sp/><sp/><sp/><sp/><sp/><sp/><sp/></highlight><highlight class="keywordflow">if</highlight><highlight class="normal">(OriginID<sp/>&gt;=<sp/>0<sp/>&amp;&amp;<sp/>OriginID<sp/>&lt;<sp/>Number_of_Cities<sp/>&amp;&amp;<sp/>DestinationID<sp/>&gt;=<sp/>0<sp/>&amp;&amp;<sp/>DestinationID<sp/>&lt;<sp/><ref refid="class_transport___management___system___w_p_f_1_1_mapping_class_1a6b13c2cb35ebe12b11e7a0881129cace" kindref="member">Number_of_Cities</ref><sp/>&amp;&amp;<sp/>OriginID<sp/>!=<sp/>DestinationID)</highlight></codeline>
<codeline lineno="186"><highlight class="normal"><sp/><sp/><sp/><sp/><sp/><sp/><sp/><sp/><sp/><sp/><sp/><sp/>{</highlight></codeline>
<codeline lineno="187"><highlight class="normal"><sp/><sp/><sp/><sp/><sp/><sp/><sp/><sp/><sp/><sp/><sp/><sp/><sp/><sp/><sp/><sp/></highlight><highlight class="keywordflow">do</highlight><highlight class="normal"></highlight></codeline>
<codeline lineno="188"><highlight class="normal"><sp/><sp/><sp/><sp/><sp/><sp/><sp/><sp/><sp/><sp/><sp/><sp/><sp/><sp/><sp/><sp/>{</highlight></codeline>
<codeline lineno="189"><highlight class="normal"><sp/><sp/><sp/><sp/><sp/><sp/><sp/><sp/><sp/><sp/><sp/><sp/><sp/><sp/><sp/><sp/><sp/><sp/><sp/><sp/><ref refid="struct_transport___management___system___w_p_f_1_1_route_data" kindref="compound">RouteData</ref><sp/>tripDataPassBack<sp/>=<sp/></highlight><highlight class="keyword">new</highlight><highlight class="normal"><sp/><ref refid="struct_transport___management___system___w_p_f_1_1_route_data" kindref="compound">RouteData</ref>();</highlight></codeline>
<codeline lineno="190"><highlight class="normal"></highlight></codeline>
<codeline lineno="191"><highlight class="normal"><sp/><sp/><sp/><sp/><sp/><sp/><sp/><sp/><sp/><sp/><sp/><sp/><sp/><sp/><sp/><sp/><sp/><sp/><sp/><sp/></highlight><highlight class="keywordflow">if</highlight><highlight class="normal"><sp/>(OriginID<sp/>&gt;<sp/>DestinationID)</highlight></codeline>
<codeline lineno="192"><highlight class="normal"><sp/><sp/><sp/><sp/><sp/><sp/><sp/><sp/><sp/><sp/><sp/><sp/><sp/><sp/><sp/><sp/><sp/><sp/><sp/><sp/>{</highlight></codeline>
<codeline lineno="193"><highlight class="normal"><sp/><sp/><sp/><sp/><sp/><sp/><sp/><sp/><sp/><sp/><sp/><sp/><sp/><sp/><sp/><sp/><sp/><sp/><sp/><sp/><sp/><sp/><sp/><sp/></highlight><highlight class="comment">//going<sp/>west</highlight><highlight class="normal"></highlight></codeline>
<codeline lineno="194"><highlight class="normal"><sp/><sp/><sp/><sp/><sp/><sp/><sp/><sp/><sp/><sp/><sp/><sp/><sp/><sp/><sp/><sp/><sp/><sp/><sp/><sp/><sp/><sp/><sp/><sp/>nextCity<sp/>=<sp/>current.<ref refid="class_transport___management___system___w_p_f_1_1_city_node_1a42241fedecce3a8de470ed7339432403" kindref="member">West</ref>;</highlight></codeline>
<codeline lineno="195"><highlight class="normal"><sp/><sp/><sp/><sp/><sp/><sp/><sp/><sp/><sp/><sp/><sp/><sp/><sp/><sp/><sp/><sp/><sp/><sp/><sp/><sp/><sp/><sp/><sp/><sp/>tripDataPassBack.<ref refid="struct_transport___management___system___w_p_f_1_1_route_data_1a23cd8f5e8ad99be71ea319ae12706e35" kindref="member">KM</ref><sp/>=<sp/>current.<ref refid="class_transport___management___system___w_p_f_1_1_city_node_1a9c35751ba5a470c3f8c5c541d6c6ae6e" kindref="member">WestKM</ref>;</highlight></codeline>
<codeline lineno="196"><highlight class="normal"><sp/><sp/><sp/><sp/><sp/><sp/><sp/><sp/><sp/><sp/><sp/><sp/><sp/><sp/><sp/><sp/><sp/><sp/><sp/><sp/><sp/><sp/><sp/><sp/>tripDataPassBack.<ref refid="struct_transport___management___system___w_p_f_1_1_route_data_1a1c014862156bfa9f7f5c3177e8a8dc30" kindref="member">DriveTime</ref><sp/>=<sp/>current.<ref refid="class_transport___management___system___w_p_f_1_1_city_node_1a05008ea061410d2952f1912f76ad26fa" kindref="member">WestHour</ref>;</highlight></codeline>
<codeline lineno="197"><highlight class="normal"><sp/><sp/><sp/><sp/><sp/><sp/><sp/><sp/><sp/><sp/><sp/><sp/><sp/><sp/><sp/><sp/><sp/><sp/><sp/><sp/>}</highlight></codeline>
<codeline lineno="198"><highlight class="normal"><sp/><sp/><sp/><sp/><sp/><sp/><sp/><sp/><sp/><sp/><sp/><sp/><sp/><sp/><sp/><sp/><sp/><sp/><sp/><sp/></highlight><highlight class="keywordflow">else</highlight><highlight class="normal"></highlight></codeline>
<codeline lineno="199"><highlight class="normal"><sp/><sp/><sp/><sp/><sp/><sp/><sp/><sp/><sp/><sp/><sp/><sp/><sp/><sp/><sp/><sp/><sp/><sp/><sp/><sp/>{</highlight></codeline>
<codeline lineno="200"><highlight class="normal"><sp/><sp/><sp/><sp/><sp/><sp/><sp/><sp/><sp/><sp/><sp/><sp/><sp/><sp/><sp/><sp/><sp/><sp/><sp/><sp/><sp/><sp/><sp/><sp/></highlight><highlight class="comment">//going<sp/>east</highlight><highlight class="normal"></highlight></codeline>
<codeline lineno="201"><highlight class="normal"><sp/><sp/><sp/><sp/><sp/><sp/><sp/><sp/><sp/><sp/><sp/><sp/><sp/><sp/><sp/><sp/><sp/><sp/><sp/><sp/><sp/><sp/><sp/><sp/>nextCity<sp/>=<sp/>current.<ref refid="class_transport___management___system___w_p_f_1_1_city_node_1a1a8b493f67d74c5d238ecf1d4e7d9620" kindref="member">East</ref>;</highlight></codeline>
<codeline lineno="202"><highlight class="normal"><sp/><sp/><sp/><sp/><sp/><sp/><sp/><sp/><sp/><sp/><sp/><sp/><sp/><sp/><sp/><sp/><sp/><sp/><sp/><sp/><sp/><sp/><sp/><sp/>tripDataPassBack.<ref refid="struct_transport___management___system___w_p_f_1_1_route_data_1a23cd8f5e8ad99be71ea319ae12706e35" kindref="member">KM</ref><sp/>=<sp/>current.<ref refid="class_transport___management___system___w_p_f_1_1_city_node_1a3e017c17a23740fb85e42fca68f541a3" kindref="member">EastKM</ref>;</highlight></codeline>
<codeline lineno="203"><highlight class="normal"><sp/><sp/><sp/><sp/><sp/><sp/><sp/><sp/><sp/><sp/><sp/><sp/><sp/><sp/><sp/><sp/><sp/><sp/><sp/><sp/><sp/><sp/><sp/><sp/>tripDataPassBack.<ref refid="struct_transport___management___system___w_p_f_1_1_route_data_1a1c014862156bfa9f7f5c3177e8a8dc30" kindref="member">DriveTime</ref><sp/>=<sp/>current.<ref refid="class_transport___management___system___w_p_f_1_1_city_node_1aea7ea8b5814108890a32e553958ae85b" kindref="member">EastHour</ref>;</highlight></codeline>
<codeline lineno="204"><highlight class="normal"><sp/><sp/><sp/><sp/><sp/><sp/><sp/><sp/><sp/><sp/><sp/><sp/><sp/><sp/><sp/><sp/><sp/><sp/><sp/><sp/>}</highlight></codeline>
<codeline lineno="205"><highlight class="normal"></highlight></codeline>
<codeline lineno="206"><highlight class="normal"><sp/><sp/><sp/><sp/><sp/><sp/><sp/><sp/><sp/><sp/><sp/><sp/><sp/><sp/><sp/><sp/><sp/><sp/><sp/><sp/>tripDataPassBack.<ref refid="struct_transport___management___system___w_p_f_1_1_route_data_1a78ab42300dd9923b0d9914c6fa57441c" kindref="member">CityA</ref><sp/>=<sp/>current.<ref refid="class_transport___management___system___w_p_f_1_1_city_node_1aeca85784cd7fa87b003d372df46195b1" kindref="member">CityID</ref>;</highlight></codeline>
<codeline lineno="207"><highlight class="normal"><sp/><sp/><sp/><sp/><sp/><sp/><sp/><sp/><sp/><sp/><sp/><sp/><sp/><sp/><sp/><sp/><sp/><sp/><sp/><sp/>tripDataPassBack.<ref refid="struct_transport___management___system___w_p_f_1_1_route_data_1a4b5ac67440353f1061ba8ba3cbcabc92" kindref="member">CityB</ref><sp/>=<sp/>nextCity.<ref refid="class_transport___management___system___w_p_f_1_1_city_node_1aeca85784cd7fa87b003d372df46195b1" kindref="member">CityID</ref>;</highlight></codeline>
<codeline lineno="208"><highlight class="normal"></highlight></codeline>
<codeline lineno="209"><highlight class="normal"><sp/><sp/><sp/><sp/><sp/><sp/><sp/><sp/><sp/><sp/><sp/><sp/><sp/><sp/><sp/><sp/><sp/><sp/><sp/><sp/></highlight><highlight class="keywordflow">if</highlight><highlight class="normal"><sp/>(current.<ref refid="class_transport___management___system___w_p_f_1_1_city_node_1aeca85784cd7fa87b003d372df46195b1" kindref="member">CityID</ref><sp/>==<sp/>OriginID)</highlight></codeline>
<codeline lineno="210"><highlight class="normal"><sp/><sp/><sp/><sp/><sp/><sp/><sp/><sp/><sp/><sp/><sp/><sp/><sp/><sp/><sp/><sp/><sp/><sp/><sp/><sp/>{</highlight></codeline>
<codeline lineno="211"><highlight class="normal"><sp/><sp/><sp/><sp/><sp/><sp/><sp/><sp/><sp/><sp/><sp/><sp/><sp/><sp/><sp/><sp/><sp/><sp/><sp/><sp/><sp/><sp/><sp/><sp/>tripDataPassBack.<ref refid="struct_transport___management___system___w_p_f_1_1_route_data_1a8a1fb3b1c950746f7f44960742163436" kindref="member">PickupTime</ref><sp/>+=<sp/>2;</highlight></codeline>
<codeline lineno="212"><highlight class="normal"><sp/><sp/><sp/><sp/><sp/><sp/><sp/><sp/><sp/><sp/><sp/><sp/><sp/><sp/><sp/><sp/><sp/><sp/><sp/><sp/>}</highlight></codeline>
<codeline lineno="213"><highlight class="normal"></highlight></codeline>
<codeline lineno="214"><highlight class="normal"><sp/><sp/><sp/><sp/><sp/><sp/><sp/><sp/><sp/><sp/><sp/><sp/><sp/><sp/><sp/><sp/><sp/><sp/><sp/><sp/></highlight><highlight class="keywordflow">if</highlight><highlight class="normal"><sp/>(nextCity.<ref refid="class_transport___management___system___w_p_f_1_1_city_node_1aeca85784cd7fa87b003d372df46195b1" kindref="member">CityID</ref><sp/>==<sp/>DestinationID)</highlight></codeline>
<codeline lineno="215"><highlight class="normal"><sp/><sp/><sp/><sp/><sp/><sp/><sp/><sp/><sp/><sp/><sp/><sp/><sp/><sp/><sp/><sp/><sp/><sp/><sp/><sp/>{</highlight></codeline>
<codeline lineno="216"><highlight class="normal"><sp/><sp/><sp/><sp/><sp/><sp/><sp/><sp/><sp/><sp/><sp/><sp/><sp/><sp/><sp/><sp/><sp/><sp/><sp/><sp/><sp/><sp/><sp/><sp/>tripDataPassBack.<ref refid="struct_transport___management___system___w_p_f_1_1_route_data_1a822646cabf49a7459b97f0aad3bfb838" kindref="member">DropoffTime</ref><sp/>+=<sp/>2;</highlight></codeline>
<codeline lineno="217"><highlight class="normal"><sp/><sp/><sp/><sp/><sp/><sp/><sp/><sp/><sp/><sp/><sp/><sp/><sp/><sp/><sp/><sp/><sp/><sp/><sp/><sp/>}</highlight></codeline>
<codeline lineno="218"><highlight class="normal"></highlight></codeline>
<codeline lineno="219"><highlight class="normal"><sp/><sp/><sp/><sp/><sp/><sp/><sp/><sp/><sp/><sp/><sp/><sp/><sp/><sp/><sp/><sp/><sp/><sp/><sp/><sp/></highlight><highlight class="keywordflow">if</highlight><highlight class="normal"><sp/>(FLTorLTL<sp/>&amp;&amp;<sp/>!(nextCity.<ref refid="class_transport___management___system___w_p_f_1_1_city_node_1aeca85784cd7fa87b003d372df46195b1" kindref="member">CityID</ref><sp/>==<sp/>DestinationID))</highlight></codeline>
<codeline lineno="220"><highlight class="normal"><sp/><sp/><sp/><sp/><sp/><sp/><sp/><sp/><sp/><sp/><sp/><sp/><sp/><sp/><sp/><sp/><sp/><sp/><sp/><sp/>{</highlight></codeline>
<codeline lineno="221"><highlight class="normal"><sp/><sp/><sp/><sp/><sp/><sp/><sp/><sp/><sp/><sp/><sp/><sp/><sp/><sp/><sp/><sp/><sp/><sp/><sp/><sp/><sp/><sp/><sp/><sp/>tripDataPassBack.<ref refid="struct_transport___management___system___w_p_f_1_1_route_data_1aac1cdb60d3446d2a2ee8965f11356b72" kindref="member">LtlTime</ref><sp/>+=<sp/>2;</highlight></codeline>
<codeline lineno="222"><highlight class="normal"><sp/><sp/><sp/><sp/><sp/><sp/><sp/><sp/><sp/><sp/><sp/><sp/><sp/><sp/><sp/><sp/><sp/><sp/><sp/><sp/>}</highlight></codeline>
<codeline lineno="223"><highlight class="normal"></highlight></codeline>
<codeline lineno="224"><highlight class="normal"></highlight></codeline>
<codeline lineno="225"><highlight class="normal"><sp/><sp/><sp/><sp/><sp/><sp/><sp/><sp/><sp/><sp/><sp/><sp/><sp/><sp/><sp/><sp/><sp/><sp/><sp/><sp/>returnList.Add(tripDataPassBack);</highlight></codeline>
<codeline lineno="226"><highlight class="normal"></highlight></codeline>
<codeline lineno="227"><highlight class="normal"><sp/><sp/><sp/><sp/><sp/><sp/><sp/><sp/><sp/><sp/><sp/><sp/><sp/><sp/><sp/><sp/><sp/><sp/><sp/><sp/>current<sp/>=<sp/>nextCity;</highlight></codeline>
<codeline lineno="228"><highlight class="normal"></highlight></codeline>
<codeline lineno="229"><highlight class="normal"><sp/><sp/><sp/><sp/><sp/><sp/><sp/><sp/><sp/><sp/><sp/><sp/><sp/><sp/><sp/><sp/>}<sp/></highlight><highlight class="keywordflow">while</highlight><highlight class="normal"><sp/>(nextCity.<ref refid="class_transport___management___system___w_p_f_1_1_city_node_1aeca85784cd7fa87b003d372df46195b1" kindref="member">CityID</ref><sp/>!=<sp/>DestinationID);</highlight></codeline>
<codeline lineno="230"><highlight class="normal"></highlight></codeline>
<codeline lineno="231"><highlight class="normal"><sp/><sp/><sp/><sp/><sp/><sp/><sp/><sp/><sp/><sp/><sp/><sp/><sp/><sp/><sp/><sp/></highlight><highlight class="keywordflow">return</highlight><highlight class="normal"><sp/>returnList;</highlight></codeline>
<codeline lineno="232"><highlight class="normal"></highlight></codeline>
<codeline lineno="233"><highlight class="normal"><sp/><sp/><sp/><sp/><sp/><sp/><sp/><sp/><sp/><sp/><sp/><sp/>}</highlight></codeline>
<codeline lineno="234"><highlight class="normal"></highlight></codeline>
<codeline lineno="235"><highlight class="normal"><sp/><sp/><sp/><sp/><sp/><sp/><sp/><sp/><sp/><sp/><sp/><sp/></highlight><highlight class="keywordflow">return</highlight><highlight class="normal"><sp/></highlight><highlight class="keyword">null</highlight><highlight class="normal">;</highlight></codeline>
<codeline lineno="236"><highlight class="normal"><sp/><sp/><sp/><sp/><sp/><sp/><sp/><sp/>}</highlight></codeline>
<codeline lineno="237"><highlight class="normal"></highlight></codeline>
<codeline lineno="238"><highlight class="normal"><sp/><sp/><sp/><sp/><sp/><sp/><sp/><sp/></highlight><highlight class="comment">//<sp/>SummerizeTrip<sp/>METHOD<sp/>HEADER<sp/>COMMENT<sp/>-------------------------------------------------------------------------------</highlight></codeline>
<codeline lineno="249"><highlight class="comment"></highlight><highlight class="normal"><sp/><sp/><sp/><sp/><sp/><sp/><sp/><sp/></highlight><highlight class="keyword">public</highlight><highlight class="normal"><sp/><ref refid="struct_transport___management___system___w_p_f_1_1_route_sum_data" kindref="compound">RouteSumData</ref><sp/><ref refid="class_transport___management___system___w_p_f_1_1_mapping_class_1a58b3c5157086cc0f11722192607bc422" kindref="member">SummerizeTrip</ref>(List&lt;RouteData&gt;<sp/>inData)</highlight></codeline>
<codeline lineno="250"><highlight class="normal"><sp/><sp/><sp/><sp/><sp/><sp/><sp/><sp/>{</highlight></codeline>
<codeline lineno="251"><highlight class="normal"><sp/><sp/><sp/><sp/><sp/><sp/><sp/><sp/><sp/><sp/><sp/><sp/><ref refid="struct_transport___management___system___w_p_f_1_1_route_sum_data" kindref="compound">RouteSumData</ref><sp/>outData<sp/>=<sp/></highlight><highlight class="keyword">new</highlight><highlight class="normal"><sp/><ref refid="struct_transport___management___system___w_p_f_1_1_route_sum_data" kindref="compound">RouteSumData</ref>();</highlight></codeline>
<codeline lineno="252"><highlight class="normal"><sp/><sp/><sp/><sp/><sp/><sp/><sp/><sp/><sp/><sp/><sp/><sp/>outData.<ref refid="struct_transport___management___system___w_p_f_1_1_route_sum_data_1aa785d7de7cf9f051b5d6e00c6e1aaa08" kindref="member">DestinationCity</ref><sp/>=<sp/>-1;</highlight></codeline>
<codeline lineno="253"><highlight class="normal"></highlight></codeline>
<codeline lineno="254"><highlight class="normal"><sp/><sp/><sp/><sp/><sp/><sp/><sp/><sp/><sp/><sp/><sp/><sp/></highlight><highlight class="keywordflow">if</highlight><highlight class="normal"><sp/>(inData<sp/>==<sp/></highlight><highlight class="keyword">null</highlight><highlight class="normal">)</highlight></codeline>
<codeline lineno="255"><highlight class="normal"><sp/><sp/><sp/><sp/><sp/><sp/><sp/><sp/><sp/><sp/><sp/><sp/>{</highlight></codeline>
<codeline lineno="256"><highlight class="normal"><sp/><sp/><sp/><sp/><sp/><sp/><sp/><sp/><sp/><sp/><sp/><sp/><sp/><sp/><sp/><sp/></highlight><highlight class="keywordflow">foreach</highlight><highlight class="normal"><sp/>(<ref refid="struct_transport___management___system___w_p_f_1_1_route_data" kindref="compound">RouteData</ref><sp/>x<sp/></highlight><highlight class="keywordflow">in</highlight><highlight class="normal"><sp/>inData)</highlight></codeline>
<codeline lineno="257"><highlight class="normal"><sp/><sp/><sp/><sp/><sp/><sp/><sp/><sp/><sp/><sp/><sp/><sp/><sp/><sp/><sp/><sp/>{</highlight></codeline>
<codeline lineno="258"><highlight class="normal"><sp/><sp/><sp/><sp/><sp/><sp/><sp/><sp/><sp/><sp/><sp/><sp/><sp/><sp/><sp/><sp/><sp/><sp/><sp/><sp/>outData.<ref refid="struct_transport___management___system___w_p_f_1_1_route_sum_data_1a4519225a57727b844e4adcdc5e4ec378" kindref="member">totalDriveTime</ref><sp/>+=<sp/>x.<ref refid="struct_transport___management___system___w_p_f_1_1_route_data_1a1c014862156bfa9f7f5c3177e8a8dc30" kindref="member">DriveTime</ref>;</highlight></codeline>
<codeline lineno="259"><highlight class="normal"></highlight></codeline>
<codeline lineno="260"><highlight class="normal"><sp/><sp/><sp/><sp/><sp/><sp/><sp/><sp/><sp/><sp/><sp/><sp/><sp/><sp/><sp/><sp/><sp/><sp/><sp/><sp/>outData.<ref refid="struct_transport___management___system___w_p_f_1_1_route_sum_data_1a3912f1c48f71e670dcaa4f8455100a56" kindref="member">totalTripTime</ref><sp/>+=<sp/>x.<ref refid="struct_transport___management___system___w_p_f_1_1_route_data_1a1c014862156bfa9f7f5c3177e8a8dc30" kindref="member">DriveTime</ref>;</highlight></codeline>
<codeline lineno="261"><highlight class="normal"></highlight></codeline>
<codeline lineno="262"><highlight class="normal"><sp/><sp/><sp/><sp/><sp/><sp/><sp/><sp/><sp/><sp/><sp/><sp/><sp/><sp/><sp/><sp/><sp/><sp/><sp/><sp/>outData.<ref refid="struct_transport___management___system___w_p_f_1_1_route_sum_data_1a3912f1c48f71e670dcaa4f8455100a56" kindref="member">totalTripTime</ref><sp/>+=<sp/>x.<ref refid="struct_transport___management___system___w_p_f_1_1_route_data_1a8a1fb3b1c950746f7f44960742163436" kindref="member">PickupTime</ref>;</highlight></codeline>
<codeline lineno="263"><highlight class="normal"><sp/><sp/><sp/><sp/><sp/><sp/><sp/><sp/><sp/><sp/><sp/><sp/><sp/><sp/><sp/><sp/><sp/><sp/><sp/><sp/>outData.<ref refid="struct_transport___management___system___w_p_f_1_1_route_sum_data_1a3912f1c48f71e670dcaa4f8455100a56" kindref="member">totalTripTime</ref><sp/>+=<sp/>x.<ref refid="struct_transport___management___system___w_p_f_1_1_route_data_1a822646cabf49a7459b97f0aad3bfb838" kindref="member">DropoffTime</ref>;</highlight></codeline>
<codeline lineno="264"><highlight class="normal"><sp/><sp/><sp/><sp/><sp/><sp/><sp/><sp/><sp/><sp/><sp/><sp/><sp/><sp/><sp/><sp/><sp/><sp/><sp/><sp/>outData.<ref refid="struct_transport___management___system___w_p_f_1_1_route_sum_data_1a3912f1c48f71e670dcaa4f8455100a56" kindref="member">totalTripTime</ref><sp/>+=<sp/>x.<ref refid="struct_transport___management___system___w_p_f_1_1_route_data_1aac1cdb60d3446d2a2ee8965f11356b72" kindref="member">LtlTime</ref>;</highlight></codeline>
<codeline lineno="265"><highlight class="normal"></highlight></codeline>
<codeline lineno="266"><highlight class="normal"><sp/><sp/><sp/><sp/><sp/><sp/><sp/><sp/><sp/><sp/><sp/><sp/><sp/><sp/><sp/><sp/><sp/><sp/><sp/><sp/>outData.<ref refid="struct_transport___management___system___w_p_f_1_1_route_sum_data_1aaca3e4b028ef7381d995d32103f44704" kindref="member">totalKM</ref><sp/>+=<sp/>x.<ref refid="struct_transport___management___system___w_p_f_1_1_route_data_1a23cd8f5e8ad99be71ea319ae12706e35" kindref="member">KM</ref>;</highlight></codeline>
<codeline lineno="267"><highlight class="normal"><sp/><sp/><sp/><sp/><sp/><sp/><sp/><sp/><sp/><sp/><sp/><sp/><sp/><sp/><sp/><sp/>}</highlight></codeline>
<codeline lineno="268"><highlight class="normal"></highlight></codeline>
<codeline lineno="269"><highlight class="normal"><sp/><sp/><sp/><sp/><sp/><sp/><sp/><sp/><sp/><sp/><sp/><sp/><sp/><sp/><sp/><sp/>outData.<ref refid="struct_transport___management___system___w_p_f_1_1_route_sum_data_1a3d2ddcb564dfc2322a2b50156df0f72e" kindref="member">OriginCity</ref><sp/>=<sp/>inData[0].CityA;</highlight></codeline>
<codeline lineno="270"><highlight class="normal"><sp/><sp/><sp/><sp/><sp/><sp/><sp/><sp/><sp/><sp/><sp/><sp/><sp/><sp/><sp/><sp/>outData.<ref refid="struct_transport___management___system___w_p_f_1_1_route_sum_data_1aa785d7de7cf9f051b5d6e00c6e1aaa08" kindref="member">DestinationCity</ref><sp/>=<sp/>inData[inData.Count<sp/>-<sp/>1].CityB;</highlight></codeline>
<codeline lineno="271"><highlight class="normal"><sp/><sp/><sp/><sp/><sp/><sp/><sp/><sp/><sp/><sp/><sp/><sp/>}</highlight></codeline>
<codeline lineno="272"><highlight class="normal"></highlight></codeline>
<codeline lineno="273"><highlight class="normal"><sp/><sp/><sp/><sp/><sp/><sp/><sp/><sp/><sp/><sp/><sp/><sp/></highlight><highlight class="keywordflow">return</highlight><highlight class="normal"><sp/>outData;</highlight></codeline>
<codeline lineno="274"><highlight class="normal"><sp/><sp/><sp/><sp/><sp/><sp/><sp/><sp/>}</highlight></codeline>
<codeline lineno="275"><highlight class="normal"><sp/><sp/><sp/><sp/>}</highlight></codeline>
<codeline lineno="276"><highlight class="normal">}</highlight></codeline>
    </programlisting>
    <location file="C:/Users/School User/Code/TMS-Dump/Transport Management System WPF/Transport Management System WPF/MappingClass.cs"/>
  </compounddef>
</doxygen>
