<?xml version='1.0' encoding='UTF-8' standalone='no'?>
<doxygen xmlns:xsi="http://www.w3.org/2001/XMLSchema-instance" xsi:noNamespaceSchemaLocation="compound.xsd" version="1.8.16">
  <compounddef id="_s_q_l___query___t_m_s_8cs" kind="file" language="C#">
    <compoundname>SQL_Query_TMS.cs</compoundname>
    <innerclass refid="class_transport___management___system___w_p_f_1_1_s_q_l___query___t_m_s" prot="public">Transport_Management_System_WPF::SQL_Query_TMS</innerclass>
    <innernamespace refid="namespace_transport___management___system___w_p_f">Transport_Management_System_WPF</innernamespace>
    <briefdescription>
    </briefdescription>
    <detaileddescription>
    </detaileddescription>
    <programlisting>
<codeline lineno="1"><highlight class="comment">//<sp/>ADMIN<sp/>FILE<sp/>HEADER<sp/>COMMENT:<sp/>=================================================================================</highlight><highlight class="normal"></highlight></codeline>
<codeline lineno="2"><highlight class="normal"></highlight><highlight class="comment">/*</highlight></codeline>
<codeline lineno="3"><highlight class="comment"><sp/>*<sp/><sp/>\file<sp/><sp/><sp/><sp/><sp/><sp/><sp/>Admin.cs</highlight></codeline>
<codeline lineno="4"><highlight class="comment"><sp/>*<sp/><sp/>\ingroup<sp/><sp/><sp/><sp/>TMS</highlight></codeline>
<codeline lineno="5"><highlight class="comment"><sp/>*<sp/><sp/>\date<sp/><sp/><sp/><sp/><sp/><sp/><sp/>November<sp/>20,<sp/>2019</highlight></codeline>
<codeline lineno="6"><highlight class="comment"><sp/>*<sp/><sp/>\author<sp/><sp/><sp/><sp/><sp/>8000<sp/>Cigarettes<sp/>-<sp/>Megan</highlight></codeline>
<codeline lineno="7"><highlight class="comment"><sp/>*<sp/><sp/>\brief<sp/><sp/><sp/><sp/><sp/><sp/>This<sp/>file<sp/>contains<sp/>the<sp/>admin<sp/>functionality<sp/><sp/><sp/><sp/></highlight></codeline>
<codeline lineno="8"><highlight class="comment"><sp/>*<sp/><sp/>\see<sp/><sp/><sp/><sp/><sp/><sp/><sp/><sp/>MainWindow.xaml</highlight></codeline>
<codeline lineno="9"><highlight class="comment"><sp/>*<sp/><sp/>\details<sp/><sp/><sp/><sp/>This<sp/>file<sp/>holds<sp/>the<sp/>functionality<sp/>of<sp/>the<sp/>Admin<sp/>class.<sp/>The<sp/>Admin<sp/>has<sp/>the<sp/>ability<sp/>to<sp/>view<sp/>logs<sp/>as<sp/></highlight></codeline>
<codeline lineno="10"><highlight class="comment"><sp/>*<sp/><sp/><sp/><sp/><sp/><sp/><sp/><sp/><sp/><sp/><sp/><sp/><sp/><sp/>specified<sp/>by<sp/>time<sp/>period,<sp/>view<sp/>details<sp/>of<sp/>specific<sp/>logs,<sp/>alter<sp/>where<sp/>the<sp/>log<sp/>files<sp/>are<sp/>stored,<sp/></highlight></codeline>
<codeline lineno="11"><highlight class="comment"><sp/>*<sp/><sp/><sp/><sp/><sp/><sp/><sp/><sp/><sp/><sp/><sp/><sp/><sp/><sp/>initiate<sp/>backups<sp/>of<sp/>the<sp/>TMS<sp/>database,<sp/>choose<sp/>where<sp/>the<sp/>TMS<sp/>db<sp/>is<sp/>backed<sp/>up<sp/>to,<sp/>alter<sp/>the<sp/>Carrier<sp/></highlight></codeline>
<codeline lineno="12"><highlight class="comment"><sp/>*<sp/><sp/><sp/><sp/><sp/><sp/><sp/><sp/><sp/><sp/><sp/><sp/><sp/><sp/>Data<sp/>Table,<sp/>the<sp/>Route<sp/>Table,<sp/>and<sp/>the<sp/>Rate<sp/>/<sp/>Fee<sp/>Tables.<sp/><sp/><sp/><sp/><sp/><sp/><sp/><sp/><sp/><sp/><sp/><sp/><sp/><sp/><sp/><sp/><sp/><sp/><sp/><sp/><sp/><sp/><sp/><sp/><sp/><sp/><sp/><sp/><sp/><sp/><sp/><sp/><sp/><sp/><sp/><sp/><sp/><sp/><sp/></highlight></codeline>
<codeline lineno="13"><highlight class="comment"><sp/>*</highlight></codeline>
<codeline lineno="14"><highlight class="comment"><sp/>*<sp/>===========================================================================================================<sp/>*/</highlight><highlight class="normal"></highlight></codeline>
<codeline lineno="15"><highlight class="normal"></highlight></codeline>
<codeline lineno="16"><highlight class="normal"></highlight><highlight class="keyword">using</highlight><highlight class="normal"><sp/>System;</highlight></codeline>
<codeline lineno="17"><highlight class="normal"></highlight><highlight class="keyword">using</highlight><highlight class="normal"><sp/>System.Collections.Generic;</highlight></codeline>
<codeline lineno="18"><highlight class="normal"></highlight><highlight class="keyword">using</highlight><highlight class="normal"><sp/>System.Linq;</highlight></codeline>
<codeline lineno="19"><highlight class="normal"></highlight><highlight class="keyword">using</highlight><highlight class="normal"><sp/>System.Text;</highlight></codeline>
<codeline lineno="20"><highlight class="normal"></highlight><highlight class="keyword">using</highlight><highlight class="normal"><sp/>System.Threading.Tasks;</highlight></codeline>
<codeline lineno="21"><highlight class="normal"></highlight><highlight class="keyword">using</highlight><highlight class="normal"><sp/>System.Data.SqlClient;</highlight></codeline>
<codeline lineno="22"><highlight class="normal"></highlight><highlight class="keyword">using</highlight><highlight class="normal"><sp/>System.Configuration;</highlight></codeline>
<codeline lineno="23"><highlight class="normal"></highlight><highlight class="keyword">using</highlight><highlight class="normal"><sp/>System.Data;</highlight></codeline>
<codeline lineno="24"><highlight class="normal"></highlight><highlight class="keyword">using</highlight><highlight class="normal"><sp/>MySql.Data.MySqlClient;</highlight></codeline>
<codeline lineno="25"><highlight class="normal"></highlight><highlight class="keyword">using</highlight><highlight class="normal"><sp/>MySql.Data;</highlight></codeline>
<codeline lineno="26"><highlight class="normal"></highlight><highlight class="keyword">using</highlight><highlight class="normal"><sp/>System.Diagnostics;</highlight></codeline>
<codeline lineno="27"><highlight class="normal"></highlight><highlight class="keyword">using</highlight><highlight class="normal"><sp/><ref refid="namespace_t_m_sw_pages" kindref="compound">TMSwPages</ref>;</highlight></codeline>
<codeline lineno="28"><highlight class="normal"></highlight></codeline>
<codeline lineno="29"><highlight class="normal"></highlight><highlight class="comment">//from<sp/>https://www.codeproject.com/articles/43438/connect-c-to-mysql</highlight><highlight class="normal"></highlight></codeline>
<codeline lineno="30"><highlight class="normal"></highlight></codeline>
<codeline lineno="31"><highlight class="normal"></highlight><highlight class="keyword">namespace<sp/></highlight><highlight class="normal"><ref refid="namespace_transport___management___system___w_p_f" kindref="compound">Transport_Management_System_WPF</ref></highlight></codeline>
<codeline lineno="32"><highlight class="normal">{</highlight></codeline>
<codeline lineno="33"><highlight class="normal"><sp/><sp/><sp/><sp/></highlight><highlight class="comment">//<sp/>CLASS<sp/>HEADER<sp/>COMMENT<sp/>-----------------------------------------------------------------------------------</highlight><highlight class="normal"></highlight></codeline>
<codeline lineno="34"><highlight class="normal"><sp/><sp/><sp/><sp/></highlight><highlight class="comment">/*</highlight></codeline>
<codeline lineno="35"><highlight class="comment"><sp/><sp/><sp/><sp/>*<sp/><sp/><sp/>\class<sp/><sp/><sp/><sp/><sp/><sp/>Admin</highlight></codeline>
<codeline lineno="36"><highlight class="comment"><sp/><sp/><sp/><sp/>*<sp/><sp/><sp/>\brief<sp/><sp/><sp/><sp/><sp/><sp/>This<sp/>class<sp/>runs<sp/>the<sp/>Admin<sp/>UI<sp/>functionality</highlight></codeline>
<codeline lineno="37"><highlight class="comment"><sp/><sp/><sp/><sp/>*<sp/><sp/><sp/>\details<sp/><sp/><sp/><sp/>...<sp/>static<sp/>class?<sp/><sp/></highlight></codeline>
<codeline lineno="38"><highlight class="comment"><sp/><sp/><sp/><sp/>*<sp/><sp/><sp/></highlight></codeline>
<codeline lineno="39"><highlight class="comment"><sp/><sp/><sp/><sp/>*<sp/>--------------------------------------------------------------------------------------------------------<sp/>*/</highlight><highlight class="normal"></highlight></codeline>
<codeline lineno="40" refid="class_transport___management___system___w_p_f_1_1_s_q_l___query___t_m_s" refkind="compound"><highlight class="normal"><sp/><sp/><sp/><sp/></highlight><highlight class="keyword">public</highlight><highlight class="normal"><sp/></highlight><highlight class="keyword">class<sp/></highlight><highlight class="normal"><ref refid="class_transport___management___system___w_p_f_1_1_s_q_l___query___t_m_s" kindref="compound">SQL_Query_TMS</ref></highlight></codeline>
<codeline lineno="41"><highlight class="normal"><sp/><sp/><sp/><sp/>{</highlight></codeline>
<codeline lineno="42"><highlight class="normal"><sp/><sp/><sp/><sp/><sp/><sp/><sp/><sp/></highlight><highlight class="keyword">private</highlight><highlight class="normal"><sp/>MySqlConnection<sp/><ref refid="class_transport___management___system___w_p_f_1_1_s_q_l___query___t_m_s_1ae892a829faf4f780b88920b944098a20" kindref="member">connection</ref>;</highlight></codeline>
<codeline lineno="43"><highlight class="normal"><sp/><sp/><sp/><sp/><sp/><sp/><sp/><sp/></highlight><highlight class="keyword">private</highlight><highlight class="normal"><sp/></highlight><highlight class="keywordtype">string</highlight><highlight class="normal"><sp/><ref refid="class_transport___management___system___w_p_f_1_1_s_q_l___query___t_m_s_1a1925e46bbbaca908c0c5c791a6d3db4f" kindref="member">server</ref>;</highlight></codeline>
<codeline lineno="44"><highlight class="normal"><sp/><sp/><sp/><sp/><sp/><sp/><sp/><sp/></highlight><highlight class="keyword">private</highlight><highlight class="normal"><sp/></highlight><highlight class="keywordtype">string</highlight><highlight class="normal"><sp/><ref refid="class_transport___management___system___w_p_f_1_1_s_q_l___query___t_m_s_1a656bf529a4f73200c3afe2415c0c5da1" kindref="member">database</ref>;</highlight></codeline>
<codeline lineno="45"><highlight class="normal"><sp/><sp/><sp/><sp/><sp/><sp/><sp/><sp/></highlight><highlight class="keyword">private</highlight><highlight class="normal"><sp/></highlight><highlight class="keywordtype">string</highlight><highlight class="normal"><sp/><ref refid="class_transport___management___system___w_p_f_1_1_s_q_l___query___t_m_s_1a5144ebf4b2142b813a27987515a9f031" kindref="member">uid</ref>;</highlight></codeline>
<codeline lineno="46"><highlight class="normal"><sp/><sp/><sp/><sp/><sp/><sp/><sp/><sp/></highlight><highlight class="keyword">private</highlight><highlight class="normal"><sp/></highlight><highlight class="keywordtype">string</highlight><highlight class="normal"><sp/><ref refid="class_transport___management___system___w_p_f_1_1_s_q_l___query___t_m_s_1a5002cfbc324dbe60c4dbc7348497525b" kindref="member">password</ref>;</highlight></codeline>
<codeline lineno="47"><highlight class="normal"></highlight></codeline>
<codeline lineno="48"><highlight class="normal"><sp/><sp/><sp/><sp/><sp/><sp/><sp/><sp/></highlight><highlight class="comment">//<sp/>COP-OUT<sp/>METHOD<sp/>HEADER<sp/>COMMENT<sp/>-------------------------------------------------------------------------------</highlight><highlight class="normal"></highlight></codeline>
<codeline lineno="49"><highlight class="normal"><sp/><sp/><sp/><sp/><sp/><sp/><sp/><sp/></highlight><highlight class="comment">/*</highlight></codeline>
<codeline lineno="50"><highlight class="comment"><sp/><sp/><sp/><sp/><sp/><sp/><sp/><sp/>*<sp/><sp/><sp/>\fn<sp/><sp/><sp/><sp/><sp/><sp/><sp/><sp/><sp/>int<sp/>Square()</highlight></codeline>
<codeline lineno="51"><highlight class="comment"><sp/><sp/><sp/><sp/><sp/><sp/><sp/><sp/>*<sp/><sp/><sp/>\brief<sp/><sp/><sp/><sp/><sp/><sp/>To<sp/>create<sp/>a<sp/>new<sp/>Square<sp/>by<sp/>validating<sp/>or<sp/>else<sp/>defaulting<sp/>new<sp/>values</highlight></codeline>
<codeline lineno="52"><highlight class="comment"><sp/><sp/><sp/><sp/><sp/><sp/><sp/><sp/>*<sp/><sp/><sp/>\details<sp/><sp/><sp/><sp/>THis<sp/>is<sp/>if<sp/>you<sp/>have<sp/>more<sp/>to<sp/>say<sp/>about<sp/>what<sp/>the<sp/>function<sp/>does<sp/>and<sp/>don&apos;t<sp/>want<sp/>to<sp/>inline<sp/>comment</highlight></codeline>
<codeline lineno="53"><highlight class="comment"><sp/><sp/><sp/><sp/><sp/><sp/><sp/><sp/>*<sp/><sp/><sp/>\param[in]<sp/><sp/>char[]<sp/><sp/>newColour<sp/><sp/><sp/><sp/><sp/><sp/><sp/>An<sp/>incoming<sp/>value<sp/>meant<sp/>to<sp/>become<sp/>the<sp/>square&apos;s<sp/>colour</highlight></codeline>
<codeline lineno="54"><highlight class="comment"><sp/><sp/><sp/><sp/><sp/><sp/><sp/><sp/>*<sp/><sp/><sp/>\param[out]<sp/>char[]<sp/><sp/>newSideLength<sp/><sp/><sp/>An<sp/>incoming<sp/>value<sp/>meant<sp/>to<sp/>become<sp/>the<sp/>square&apos;s<sp/>side<sp/>length</highlight></codeline>
<codeline lineno="55"><highlight class="comment"><sp/><sp/><sp/><sp/><sp/><sp/><sp/><sp/>*<sp/><sp/><sp/>\exception<sp/><sp/>This<sp/>is<sp/>if<sp/>we<sp/>have<sp/>some<sp/>big<sp/>ol<sp/>try<sp/>catches?</highlight></codeline>
<codeline lineno="56"><highlight class="comment"><sp/><sp/><sp/><sp/><sp/><sp/><sp/><sp/>*<sp/><sp/><sp/>\see<sp/><sp/><sp/><sp/><sp/><sp/><sp/><sp/>CallsMade()</highlight></codeline>
<codeline lineno="57"><highlight class="comment"><sp/><sp/><sp/><sp/><sp/><sp/><sp/><sp/>*<sp/><sp/><sp/>\return<sp/><sp/><sp/><sp/><sp/>None</highlight></codeline>
<codeline lineno="58"><highlight class="comment"><sp/><sp/><sp/><sp/><sp/><sp/><sp/><sp/>*</highlight></codeline>
<codeline lineno="59"><highlight class="comment"><sp/><sp/><sp/><sp/><sp/><sp/><sp/><sp/>*<sp/>----------------------------------------------------------------------------------------------------<sp/>*/</highlight><highlight class="normal"></highlight></codeline>
<codeline lineno="60"><highlight class="normal"><sp/><sp/><sp/><sp/><sp/><sp/><sp/><sp/></highlight><highlight class="comment">//Constructor</highlight><highlight class="normal"></highlight></codeline>
<codeline lineno="61"><highlight class="normal"><sp/><sp/><sp/><sp/><sp/><sp/><sp/><sp/></highlight><highlight class="keyword">public</highlight><highlight class="normal"><sp/><ref refid="class_transport___management___system___w_p_f_1_1_s_q_l___query___t_m_s_1a252b08ffbeac754f95236459867a24fd" kindref="member">SQL_Query_TMS</ref>()</highlight></codeline>
<codeline lineno="62"><highlight class="normal"><sp/><sp/><sp/><sp/><sp/><sp/><sp/><sp/>{</highlight></codeline>
<codeline lineno="63"><highlight class="normal"><sp/><sp/><sp/><sp/><sp/><sp/><sp/><sp/><sp/><sp/><sp/><sp/><ref refid="class_transport___management___system___w_p_f_1_1_s_q_l___query___t_m_s_1a0c96051ff444fa74a29f6170187eb554" kindref="member">Initialize</ref>();</highlight></codeline>
<codeline lineno="64"><highlight class="normal"><sp/><sp/><sp/><sp/><sp/><sp/><sp/><sp/>}</highlight></codeline>
<codeline lineno="65"><highlight class="normal"></highlight></codeline>
<codeline lineno="66"><highlight class="normal"><sp/><sp/><sp/><sp/><sp/><sp/><sp/><sp/></highlight><highlight class="comment">//<sp/>COP-OUT<sp/>METHOD<sp/>HEADER<sp/>COMMENT<sp/>-------------------------------------------------------------------------------</highlight><highlight class="normal"></highlight></codeline>
<codeline lineno="67"><highlight class="normal"><sp/><sp/><sp/><sp/><sp/><sp/><sp/><sp/></highlight><highlight class="comment">/*</highlight></codeline>
<codeline lineno="68"><highlight class="comment"><sp/><sp/><sp/><sp/><sp/><sp/><sp/><sp/>*<sp/><sp/><sp/>\fn<sp/><sp/><sp/><sp/><sp/><sp/><sp/><sp/><sp/>int<sp/>Square()</highlight></codeline>
<codeline lineno="69"><highlight class="comment"><sp/><sp/><sp/><sp/><sp/><sp/><sp/><sp/>*<sp/><sp/><sp/>\brief<sp/><sp/><sp/><sp/><sp/><sp/>To<sp/>create<sp/>a<sp/>new<sp/>Square<sp/>by<sp/>validating<sp/>or<sp/>else<sp/>defaulting<sp/>new<sp/>values</highlight></codeline>
<codeline lineno="70"><highlight class="comment"><sp/><sp/><sp/><sp/><sp/><sp/><sp/><sp/>*<sp/><sp/><sp/>\details<sp/><sp/><sp/><sp/>THis<sp/>is<sp/>if<sp/>you<sp/>have<sp/>more<sp/>to<sp/>say<sp/>about<sp/>what<sp/>the<sp/>function<sp/>does<sp/>and<sp/>don&apos;t<sp/>want<sp/>to<sp/>inline<sp/>comment</highlight></codeline>
<codeline lineno="71"><highlight class="comment"><sp/><sp/><sp/><sp/><sp/><sp/><sp/><sp/>*<sp/><sp/><sp/>\param[in]<sp/><sp/>char[]<sp/><sp/>newColour<sp/><sp/><sp/><sp/><sp/><sp/><sp/>An<sp/>incoming<sp/>value<sp/>meant<sp/>to<sp/>become<sp/>the<sp/>square&apos;s<sp/>colour</highlight></codeline>
<codeline lineno="72"><highlight class="comment"><sp/><sp/><sp/><sp/><sp/><sp/><sp/><sp/>*<sp/><sp/><sp/>\param[out]<sp/>char[]<sp/><sp/>newSideLength<sp/><sp/><sp/>An<sp/>incoming<sp/>value<sp/>meant<sp/>to<sp/>become<sp/>the<sp/>square&apos;s<sp/>side<sp/>length</highlight></codeline>
<codeline lineno="73"><highlight class="comment"><sp/><sp/><sp/><sp/><sp/><sp/><sp/><sp/>*<sp/><sp/><sp/>\exception<sp/><sp/>This<sp/>is<sp/>if<sp/>we<sp/>have<sp/>some<sp/>big<sp/>ol<sp/>try<sp/>catches?</highlight></codeline>
<codeline lineno="74"><highlight class="comment"><sp/><sp/><sp/><sp/><sp/><sp/><sp/><sp/>*<sp/><sp/><sp/>\see<sp/><sp/><sp/><sp/><sp/><sp/><sp/><sp/>CallsMade()</highlight></codeline>
<codeline lineno="75"><highlight class="comment"><sp/><sp/><sp/><sp/><sp/><sp/><sp/><sp/>*<sp/><sp/><sp/>\return<sp/><sp/><sp/><sp/><sp/>None</highlight></codeline>
<codeline lineno="76"><highlight class="comment"><sp/><sp/><sp/><sp/><sp/><sp/><sp/><sp/>*</highlight></codeline>
<codeline lineno="77"><highlight class="comment"><sp/><sp/><sp/><sp/><sp/><sp/><sp/><sp/>*<sp/>----------------------------------------------------------------------------------------------------<sp/>*/</highlight><highlight class="normal"></highlight></codeline>
<codeline lineno="78"><highlight class="normal"><sp/><sp/><sp/><sp/><sp/><sp/><sp/><sp/></highlight><highlight class="comment">//Initialize<sp/>values</highlight><highlight class="normal"></highlight></codeline>
<codeline lineno="79"><highlight class="normal"><sp/><sp/><sp/><sp/><sp/><sp/><sp/><sp/></highlight><highlight class="keyword">public</highlight><highlight class="normal"><sp/></highlight><highlight class="keywordtype">void</highlight><highlight class="normal"><sp/><ref refid="class_transport___management___system___w_p_f_1_1_s_q_l___query___t_m_s_1a0c96051ff444fa74a29f6170187eb554" kindref="member">Initialize</ref>()</highlight></codeline>
<codeline lineno="80"><highlight class="normal"><sp/><sp/><sp/><sp/><sp/><sp/><sp/><sp/>{</highlight></codeline>
<codeline lineno="81"><highlight class="normal"><sp/><sp/><sp/><sp/><sp/><sp/><sp/><sp/><sp/><sp/><sp/><sp/><ref refid="class_transport___management___system___w_p_f_1_1_s_q_l___query___t_m_s_1a1925e46bbbaca908c0c5c791a6d3db4f" kindref="member">server</ref><sp/>=<sp/></highlight><highlight class="stringliteral">&quot;35.193.37.75&quot;</highlight><highlight class="normal">;</highlight></codeline>
<codeline lineno="82"><highlight class="normal"><sp/><sp/><sp/><sp/><sp/><sp/><sp/><sp/><sp/><sp/><sp/><sp/><ref refid="class_transport___management___system___w_p_f_1_1_s_q_l___query___t_m_s_1a656bf529a4f73200c3afe2415c0c5da1" kindref="member">database</ref><sp/>=<sp/></highlight><highlight class="stringliteral">&quot;cigtms&quot;</highlight><highlight class="normal">;</highlight></codeline>
<codeline lineno="83"><highlight class="normal"><sp/><sp/><sp/><sp/><sp/><sp/><sp/><sp/><sp/><sp/><sp/><sp/><ref refid="class_transport___management___system___w_p_f_1_1_s_q_l___query___t_m_s_1a5144ebf4b2142b813a27987515a9f031" kindref="member">uid</ref><sp/>=<sp/></highlight><highlight class="stringliteral">&quot;test&quot;</highlight><highlight class="normal">;</highlight></codeline>
<codeline lineno="84"><highlight class="normal"><sp/><sp/><sp/><sp/><sp/><sp/><sp/><sp/><sp/><sp/><sp/><sp/><ref refid="class_transport___management___system___w_p_f_1_1_s_q_l___query___t_m_s_1a5002cfbc324dbe60c4dbc7348497525b" kindref="member">password</ref><sp/>=<sp/></highlight><highlight class="stringliteral">&quot;password&quot;</highlight><highlight class="normal">;</highlight></codeline>
<codeline lineno="85"><highlight class="normal"><sp/><sp/><sp/><sp/><sp/><sp/><sp/><sp/><sp/><sp/><sp/><sp/></highlight><highlight class="keywordtype">string</highlight><highlight class="normal"><sp/>connectionString;</highlight></codeline>
<codeline lineno="86"><highlight class="normal"><sp/><sp/><sp/><sp/><sp/><sp/><sp/><sp/><sp/><sp/><sp/><sp/>connectionString<sp/>=<sp/></highlight><highlight class="stringliteral">&quot;SERVER=&quot;</highlight><highlight class="normal"><sp/>+<sp/><ref refid="class_transport___management___system___w_p_f_1_1_s_q_l___query___t_m_s_1a1925e46bbbaca908c0c5c791a6d3db4f" kindref="member">server</ref><sp/>+<sp/></highlight><highlight class="stringliteral">&quot;;&quot;</highlight><highlight class="normal"><sp/>+<sp/></highlight><highlight class="stringliteral">&quot;DATABASE=&quot;</highlight><highlight class="normal"><sp/>+</highlight></codeline>
<codeline lineno="87"><highlight class="normal"><sp/><sp/><sp/><sp/><sp/><sp/><sp/><sp/><sp/><sp/><sp/><sp/><ref refid="class_transport___management___system___w_p_f_1_1_s_q_l___query___t_m_s_1a656bf529a4f73200c3afe2415c0c5da1" kindref="member">database</ref><sp/>+<sp/></highlight><highlight class="stringliteral">&quot;;&quot;</highlight><highlight class="normal"><sp/>+<sp/></highlight><highlight class="stringliteral">&quot;UID=&quot;</highlight><highlight class="normal"><sp/>+<sp/><ref refid="class_transport___management___system___w_p_f_1_1_s_q_l___query___t_m_s_1a5144ebf4b2142b813a27987515a9f031" kindref="member">uid</ref><sp/>+<sp/></highlight><highlight class="stringliteral">&quot;;&quot;</highlight><highlight class="normal"><sp/>+<sp/></highlight><highlight class="stringliteral">&quot;PASSWORD=&quot;</highlight><highlight class="normal"><sp/>+<sp/><ref refid="class_transport___management___system___w_p_f_1_1_s_q_l___query___t_m_s_1a5002cfbc324dbe60c4dbc7348497525b" kindref="member">password</ref><sp/>+<sp/></highlight><highlight class="stringliteral">&quot;;&quot;</highlight><highlight class="normal">;</highlight></codeline>
<codeline lineno="88"><highlight class="normal"></highlight></codeline>
<codeline lineno="89"><highlight class="normal"><sp/><sp/><sp/><sp/><sp/><sp/><sp/><sp/><sp/><sp/><sp/><sp/><ref refid="class_transport___management___system___w_p_f_1_1_s_q_l___query___t_m_s_1ae892a829faf4f780b88920b944098a20" kindref="member">connection</ref><sp/>=<sp/></highlight><highlight class="keyword">new</highlight><highlight class="normal"><sp/>MySqlConnection(connectionString);</highlight></codeline>
<codeline lineno="90"><highlight class="normal"></highlight></codeline>
<codeline lineno="91"><highlight class="normal"><sp/><sp/><sp/><sp/><sp/><sp/><sp/><sp/>}</highlight></codeline>
<codeline lineno="92"><highlight class="normal"></highlight></codeline>
<codeline lineno="93"><highlight class="normal"><sp/><sp/><sp/><sp/><sp/><sp/><sp/><sp/></highlight><highlight class="comment">//<sp/>COP-OUT<sp/>METHOD<sp/>HEADER<sp/>COMMENT<sp/>-------------------------------------------------------------------------------</highlight><highlight class="normal"></highlight></codeline>
<codeline lineno="94"><highlight class="normal"><sp/><sp/><sp/><sp/><sp/><sp/><sp/><sp/></highlight><highlight class="comment">/*</highlight></codeline>
<codeline lineno="95"><highlight class="comment"><sp/><sp/><sp/><sp/><sp/><sp/><sp/><sp/>*<sp/><sp/><sp/>\fn<sp/><sp/><sp/><sp/><sp/><sp/><sp/><sp/><sp/>int<sp/>Square()</highlight></codeline>
<codeline lineno="96"><highlight class="comment"><sp/><sp/><sp/><sp/><sp/><sp/><sp/><sp/>*<sp/><sp/><sp/>\brief<sp/><sp/><sp/><sp/><sp/><sp/>To<sp/>create<sp/>a<sp/>new<sp/>Square<sp/>by<sp/>validating<sp/>or<sp/>else<sp/>defaulting<sp/>new<sp/>values</highlight></codeline>
<codeline lineno="97"><highlight class="comment"><sp/><sp/><sp/><sp/><sp/><sp/><sp/><sp/>*<sp/><sp/><sp/>\details<sp/><sp/><sp/><sp/>THis<sp/>is<sp/>if<sp/>you<sp/>have<sp/>more<sp/>to<sp/>say<sp/>about<sp/>what<sp/>the<sp/>function<sp/>does<sp/>and<sp/>don&apos;t<sp/>want<sp/>to<sp/>inline<sp/>comment</highlight></codeline>
<codeline lineno="98"><highlight class="comment"><sp/><sp/><sp/><sp/><sp/><sp/><sp/><sp/>*<sp/><sp/><sp/>\param[in]<sp/><sp/>char[]<sp/><sp/>newColour<sp/><sp/><sp/><sp/><sp/><sp/><sp/>An<sp/>incoming<sp/>value<sp/>meant<sp/>to<sp/>become<sp/>the<sp/>square&apos;s<sp/>colour</highlight></codeline>
<codeline lineno="99"><highlight class="comment"><sp/><sp/><sp/><sp/><sp/><sp/><sp/><sp/>*<sp/><sp/><sp/>\param[out]<sp/>char[]<sp/><sp/>newSideLength<sp/><sp/><sp/>An<sp/>incoming<sp/>value<sp/>meant<sp/>to<sp/>become<sp/>the<sp/>square&apos;s<sp/>side<sp/>length</highlight></codeline>
<codeline lineno="100"><highlight class="comment"><sp/><sp/><sp/><sp/><sp/><sp/><sp/><sp/>*<sp/><sp/><sp/>\exception<sp/><sp/>This<sp/>is<sp/>if<sp/>we<sp/>have<sp/>some<sp/>big<sp/>ol<sp/>try<sp/>catches?</highlight></codeline>
<codeline lineno="101"><highlight class="comment"><sp/><sp/><sp/><sp/><sp/><sp/><sp/><sp/>*<sp/><sp/><sp/>\see<sp/><sp/><sp/><sp/><sp/><sp/><sp/><sp/>CallsMade()</highlight></codeline>
<codeline lineno="102"><highlight class="comment"><sp/><sp/><sp/><sp/><sp/><sp/><sp/><sp/>*<sp/><sp/><sp/>\return<sp/><sp/><sp/><sp/><sp/>None</highlight></codeline>
<codeline lineno="103"><highlight class="comment"><sp/><sp/><sp/><sp/><sp/><sp/><sp/><sp/>*</highlight></codeline>
<codeline lineno="104"><highlight class="comment"><sp/><sp/><sp/><sp/><sp/><sp/><sp/><sp/>*<sp/>----------------------------------------------------------------------------------------------------<sp/>*/</highlight><highlight class="normal"></highlight></codeline>
<codeline lineno="105"><highlight class="normal"><sp/><sp/><sp/><sp/><sp/><sp/><sp/><sp/></highlight><highlight class="comment">//open<sp/>connection<sp/>to<sp/>database</highlight><highlight class="normal"></highlight></codeline>
<codeline lineno="106"><highlight class="normal"><sp/><sp/><sp/><sp/><sp/><sp/><sp/><sp/></highlight><highlight class="keyword">private</highlight><highlight class="normal"><sp/></highlight><highlight class="keywordtype">bool</highlight><highlight class="normal"><sp/><ref refid="class_transport___management___system___w_p_f_1_1_s_q_l___query___t_m_s_1aee1eea15a09e4b889f7f595db573dc85" kindref="member">OpenConnection</ref>()</highlight></codeline>
<codeline lineno="107"><highlight class="normal"><sp/><sp/><sp/><sp/><sp/><sp/><sp/><sp/>{</highlight></codeline>
<codeline lineno="108"><highlight class="normal"><sp/><sp/><sp/><sp/><sp/><sp/><sp/><sp/><sp/><sp/><sp/><sp/></highlight><highlight class="keywordflow">try</highlight><highlight class="normal"></highlight></codeline>
<codeline lineno="109"><highlight class="normal"><sp/><sp/><sp/><sp/><sp/><sp/><sp/><sp/><sp/><sp/><sp/><sp/>{</highlight></codeline>
<codeline lineno="110"><highlight class="normal"><sp/><sp/><sp/><sp/><sp/><sp/><sp/><sp/><sp/><sp/><sp/><sp/><sp/><sp/><sp/><sp/><ref refid="class_transport___management___system___w_p_f_1_1_s_q_l___query___t_m_s_1ae892a829faf4f780b88920b944098a20" kindref="member">connection</ref>.Open();</highlight></codeline>
<codeline lineno="111"><highlight class="normal"><sp/><sp/><sp/><sp/><sp/><sp/><sp/><sp/><sp/><sp/><sp/><sp/><sp/><sp/><sp/><sp/></highlight><highlight class="keywordflow">return</highlight><highlight class="normal"><sp/></highlight><highlight class="keyword">true</highlight><highlight class="normal">;</highlight></codeline>
<codeline lineno="112"><highlight class="normal"><sp/><sp/><sp/><sp/><sp/><sp/><sp/><sp/><sp/><sp/><sp/><sp/>}</highlight></codeline>
<codeline lineno="113"><highlight class="normal"><sp/><sp/><sp/><sp/><sp/><sp/><sp/><sp/><sp/><sp/><sp/><sp/></highlight><highlight class="keywordflow">catch</highlight><highlight class="normal"><sp/>(MySqlException<sp/>ex)</highlight></codeline>
<codeline lineno="114"><highlight class="normal"><sp/><sp/><sp/><sp/><sp/><sp/><sp/><sp/><sp/><sp/><sp/><sp/>{</highlight></codeline>
<codeline lineno="115"><highlight class="normal"><sp/><sp/><sp/><sp/><sp/><sp/><sp/><sp/><sp/><sp/><sp/><sp/><sp/><sp/><sp/><sp/></highlight><highlight class="comment">//When<sp/>handling<sp/>errors,<sp/>you<sp/>can<sp/>your<sp/>application&apos;s<sp/>response<sp/>based<sp/></highlight><highlight class="normal"></highlight></codeline>
<codeline lineno="116"><highlight class="normal"><sp/><sp/><sp/><sp/><sp/><sp/><sp/><sp/><sp/><sp/><sp/><sp/><sp/><sp/><sp/><sp/></highlight><highlight class="comment">//on<sp/>the<sp/>error<sp/>number.</highlight><highlight class="normal"></highlight></codeline>
<codeline lineno="117"><highlight class="normal"><sp/><sp/><sp/><sp/><sp/><sp/><sp/><sp/><sp/><sp/><sp/><sp/><sp/><sp/><sp/><sp/></highlight><highlight class="comment">//The<sp/>two<sp/>most<sp/>common<sp/>error<sp/>numbers<sp/>when<sp/>connecting<sp/>are<sp/>as<sp/>follows:</highlight><highlight class="normal"></highlight></codeline>
<codeline lineno="118"><highlight class="normal"><sp/><sp/><sp/><sp/><sp/><sp/><sp/><sp/><sp/><sp/><sp/><sp/><sp/><sp/><sp/><sp/></highlight><highlight class="comment">//0:<sp/>Cannot<sp/>connect<sp/>to<sp/>server.</highlight><highlight class="normal"></highlight></codeline>
<codeline lineno="119"><highlight class="normal"><sp/><sp/><sp/><sp/><sp/><sp/><sp/><sp/><sp/><sp/><sp/><sp/><sp/><sp/><sp/><sp/></highlight><highlight class="comment">//1045:<sp/>Invalid<sp/>user<sp/>name<sp/>and/or<sp/>password.</highlight><highlight class="normal"></highlight></codeline>
<codeline lineno="120"><highlight class="normal"><sp/><sp/><sp/><sp/><sp/><sp/><sp/><sp/><sp/><sp/><sp/><sp/><sp/><sp/><sp/><sp/></highlight><highlight class="keywordflow">switch</highlight><highlight class="normal"><sp/>(ex.Number)</highlight></codeline>
<codeline lineno="121"><highlight class="normal"><sp/><sp/><sp/><sp/><sp/><sp/><sp/><sp/><sp/><sp/><sp/><sp/><sp/><sp/><sp/><sp/>{</highlight></codeline>
<codeline lineno="122"><highlight class="normal"><sp/><sp/><sp/><sp/><sp/><sp/><sp/><sp/><sp/><sp/><sp/><sp/><sp/><sp/><sp/><sp/><sp/><sp/><sp/><sp/></highlight><highlight class="keywordflow">case</highlight><highlight class="normal"><sp/>0:</highlight></codeline>
<codeline lineno="123"><highlight class="normal"><sp/><sp/><sp/><sp/><sp/><sp/><sp/><sp/><sp/><sp/><sp/><sp/><sp/><sp/><sp/><sp/><sp/><sp/><sp/><sp/><sp/><sp/><sp/><sp/></highlight><highlight class="comment">//MessageBox.Show(&quot;Cannot<sp/>connect<sp/>to<sp/>server.<sp/><sp/>Contact<sp/>administrator&quot;);</highlight><highlight class="normal"></highlight></codeline>
<codeline lineno="124"><highlight class="normal"><sp/><sp/><sp/><sp/><sp/><sp/><sp/><sp/><sp/><sp/><sp/><sp/><sp/><sp/><sp/><sp/><sp/><sp/><sp/><sp/><sp/><sp/><sp/><sp/></highlight><highlight class="keywordflow">break</highlight><highlight class="normal">;</highlight></codeline>
<codeline lineno="125"><highlight class="normal"></highlight></codeline>
<codeline lineno="126"><highlight class="normal"><sp/><sp/><sp/><sp/><sp/><sp/><sp/><sp/><sp/><sp/><sp/><sp/><sp/><sp/><sp/><sp/><sp/><sp/><sp/><sp/></highlight><highlight class="keywordflow">case</highlight><highlight class="normal"><sp/>1045:</highlight></codeline>
<codeline lineno="127"><highlight class="normal"><sp/><sp/><sp/><sp/><sp/><sp/><sp/><sp/><sp/><sp/><sp/><sp/><sp/><sp/><sp/><sp/><sp/><sp/><sp/><sp/><sp/><sp/><sp/><sp/></highlight><highlight class="comment">//MessageBox.Show(&quot;Invalid<sp/>username/password,<sp/>please<sp/>try<sp/>again&quot;);</highlight><highlight class="normal"></highlight></codeline>
<codeline lineno="128"><highlight class="normal"><sp/><sp/><sp/><sp/><sp/><sp/><sp/><sp/><sp/><sp/><sp/><sp/><sp/><sp/><sp/><sp/><sp/><sp/><sp/><sp/><sp/><sp/><sp/><sp/>.LogIt(</highlight><highlight class="stringliteral">&quot;Invalid<sp/>username/password,<sp/>please<sp/>try<sp/>again&quot;</highlight><highlight class="normal">);</highlight></codeline>
<codeline lineno="129"><highlight class="normal"><sp/><sp/><sp/><sp/><sp/><sp/><sp/><sp/><sp/><sp/><sp/><sp/><sp/><sp/><sp/><sp/><sp/><sp/><sp/><sp/><sp/><sp/><sp/><sp/></highlight><highlight class="keywordflow">break</highlight><highlight class="normal">;</highlight></codeline>
<codeline lineno="130"><highlight class="normal"><sp/><sp/><sp/><sp/><sp/><sp/><sp/><sp/><sp/><sp/><sp/><sp/><sp/><sp/><sp/><sp/>}</highlight></codeline>
<codeline lineno="131"><highlight class="normal"><sp/><sp/><sp/><sp/><sp/><sp/><sp/><sp/><sp/><sp/><sp/><sp/><sp/><sp/><sp/><sp/></highlight><highlight class="keywordflow">return</highlight><highlight class="normal"><sp/></highlight><highlight class="keyword">false</highlight><highlight class="normal">;</highlight></codeline>
<codeline lineno="132"><highlight class="normal"><sp/><sp/><sp/><sp/><sp/><sp/><sp/><sp/><sp/><sp/><sp/><sp/>}</highlight></codeline>
<codeline lineno="133"><highlight class="normal"><sp/><sp/><sp/><sp/><sp/><sp/><sp/><sp/>}</highlight></codeline>
<codeline lineno="134"><highlight class="normal"><sp/><sp/><sp/><sp/><sp/><sp/><sp/><sp/></highlight></codeline>
<codeline lineno="135"><highlight class="normal"><sp/><sp/><sp/><sp/><sp/><sp/><sp/><sp/></highlight><highlight class="comment">//<sp/>COP-OUT<sp/>METHOD<sp/>HEADER<sp/>COMMENT<sp/>-------------------------------------------------------------------------------</highlight></codeline>
<codeline lineno="147"><highlight class="comment"></highlight><highlight class="normal"><sp/><sp/><sp/><sp/><sp/><sp/><sp/><sp/></highlight><highlight class="comment">//Close<sp/>connection</highlight><highlight class="normal"></highlight></codeline>
<codeline lineno="148"><highlight class="normal"><sp/><sp/><sp/><sp/><sp/><sp/><sp/><sp/></highlight><highlight class="keyword">private</highlight><highlight class="normal"><sp/></highlight><highlight class="keywordtype">bool</highlight><highlight class="normal"><sp/><ref refid="class_transport___management___system___w_p_f_1_1_s_q_l___query___t_m_s_1a75e0ac629c196f2adc77e21be7b5f6f4" kindref="member">CloseConnection</ref>()</highlight></codeline>
<codeline lineno="149"><highlight class="normal"><sp/><sp/><sp/><sp/><sp/><sp/><sp/><sp/>{</highlight></codeline>
<codeline lineno="150"><highlight class="normal"><sp/><sp/><sp/><sp/><sp/><sp/><sp/><sp/><sp/><sp/><sp/><sp/></highlight><highlight class="keywordflow">try</highlight><highlight class="normal"></highlight></codeline>
<codeline lineno="151"><highlight class="normal"><sp/><sp/><sp/><sp/><sp/><sp/><sp/><sp/><sp/><sp/><sp/><sp/>{</highlight></codeline>
<codeline lineno="152"><highlight class="normal"><sp/><sp/><sp/><sp/><sp/><sp/><sp/><sp/><sp/><sp/><sp/><sp/><sp/><sp/><sp/><sp/><ref refid="class_transport___management___system___w_p_f_1_1_s_q_l___query___t_m_s_1ae892a829faf4f780b88920b944098a20" kindref="member">connection</ref>.Close();</highlight></codeline>
<codeline lineno="153"><highlight class="normal"><sp/><sp/><sp/><sp/><sp/><sp/><sp/><sp/><sp/><sp/><sp/><sp/><sp/><sp/><sp/><sp/></highlight><highlight class="keywordflow">return</highlight><highlight class="normal"><sp/></highlight><highlight class="keyword">true</highlight><highlight class="normal">;</highlight></codeline>
<codeline lineno="154"><highlight class="normal"><sp/><sp/><sp/><sp/><sp/><sp/><sp/><sp/><sp/><sp/><sp/><sp/>}</highlight></codeline>
<codeline lineno="155"><highlight class="normal"><sp/><sp/><sp/><sp/><sp/><sp/><sp/><sp/><sp/><sp/><sp/><sp/></highlight><highlight class="keywordflow">catch</highlight><highlight class="normal"><sp/>(MySqlException<sp/>ex)</highlight></codeline>
<codeline lineno="156"><highlight class="normal"><sp/><sp/><sp/><sp/><sp/><sp/><sp/><sp/><sp/><sp/><sp/><sp/>{</highlight></codeline>
<codeline lineno="157"><highlight class="normal"><sp/><sp/><sp/><sp/><sp/><sp/><sp/><sp/><sp/><sp/><sp/><sp/><sp/><sp/><sp/><sp/></highlight><highlight class="comment">//MessageBox.Show(ex.Message);</highlight><highlight class="normal"></highlight></codeline>
<codeline lineno="158"><highlight class="normal"><sp/><sp/><sp/><sp/><sp/><sp/><sp/><sp/><sp/><sp/><sp/><sp/><sp/><sp/><sp/><sp/></highlight><highlight class="keywordflow">return</highlight><highlight class="normal"><sp/></highlight><highlight class="keyword">false</highlight><highlight class="normal">;</highlight></codeline>
<codeline lineno="159"><highlight class="normal"><sp/><sp/><sp/><sp/><sp/><sp/><sp/><sp/><sp/><sp/><sp/><sp/>}</highlight></codeline>
<codeline lineno="160"><highlight class="normal"><sp/><sp/><sp/><sp/><sp/><sp/><sp/><sp/>}</highlight></codeline>
<codeline lineno="161"><highlight class="normal"></highlight></codeline>
<codeline lineno="162"><highlight class="normal"><sp/><sp/><sp/><sp/><sp/><sp/><sp/><sp/></highlight><highlight class="comment">//<sp/>COP-OUT<sp/>METHOD<sp/>HEADER<sp/>COMMENT<sp/>-------------------------------------------------------------------------------</highlight><highlight class="normal"></highlight></codeline>
<codeline lineno="163"><highlight class="normal"><sp/><sp/><sp/><sp/><sp/><sp/><sp/><sp/></highlight><highlight class="comment">/*</highlight></codeline>
<codeline lineno="164"><highlight class="comment"><sp/><sp/><sp/><sp/><sp/><sp/><sp/><sp/>*<sp/><sp/><sp/>\fn<sp/><sp/><sp/><sp/><sp/><sp/><sp/><sp/><sp/>int<sp/>Square()</highlight></codeline>
<codeline lineno="165"><highlight class="comment"><sp/><sp/><sp/><sp/><sp/><sp/><sp/><sp/>*<sp/><sp/><sp/>\brief<sp/><sp/><sp/><sp/><sp/><sp/>To<sp/>create<sp/>a<sp/>new<sp/>Square<sp/>by<sp/>validating<sp/>or<sp/>else<sp/>defaulting<sp/>new<sp/>values</highlight></codeline>
<codeline lineno="166"><highlight class="comment"><sp/><sp/><sp/><sp/><sp/><sp/><sp/><sp/>*<sp/><sp/><sp/>\details<sp/><sp/><sp/><sp/>THis<sp/>is<sp/>if<sp/>you<sp/>have<sp/>more<sp/>to<sp/>say<sp/>about<sp/>what<sp/>the<sp/>function<sp/>does<sp/>and<sp/>don&apos;t<sp/>want<sp/>to<sp/>inline<sp/>comment</highlight></codeline>
<codeline lineno="167"><highlight class="comment"><sp/><sp/><sp/><sp/><sp/><sp/><sp/><sp/>*<sp/><sp/><sp/>\param[in]<sp/><sp/>char[]<sp/><sp/>newColour<sp/><sp/><sp/><sp/><sp/><sp/><sp/>An<sp/>incoming<sp/>value<sp/>meant<sp/>to<sp/>become<sp/>the<sp/>square&apos;s<sp/>colour</highlight></codeline>
<codeline lineno="168"><highlight class="comment"><sp/><sp/><sp/><sp/><sp/><sp/><sp/><sp/>*<sp/><sp/><sp/>\param[out]<sp/>char[]<sp/><sp/>newSideLength<sp/><sp/><sp/>An<sp/>incoming<sp/>value<sp/>meant<sp/>to<sp/>become<sp/>the<sp/>square&apos;s<sp/>side<sp/>length</highlight></codeline>
<codeline lineno="169"><highlight class="comment"><sp/><sp/><sp/><sp/><sp/><sp/><sp/><sp/>*<sp/><sp/><sp/>\exception<sp/><sp/>This<sp/>is<sp/>if<sp/>we<sp/>have<sp/>some<sp/>big<sp/>ol<sp/>try<sp/>catches?</highlight></codeline>
<codeline lineno="170"><highlight class="comment"><sp/><sp/><sp/><sp/><sp/><sp/><sp/><sp/>*<sp/><sp/><sp/>\see<sp/><sp/><sp/><sp/><sp/><sp/><sp/><sp/>CallsMade()</highlight></codeline>
<codeline lineno="171"><highlight class="comment"><sp/><sp/><sp/><sp/><sp/><sp/><sp/><sp/>*<sp/><sp/><sp/>\return<sp/><sp/><sp/><sp/><sp/>None</highlight></codeline>
<codeline lineno="172"><highlight class="comment"><sp/><sp/><sp/><sp/><sp/><sp/><sp/><sp/>*</highlight></codeline>
<codeline lineno="173"><highlight class="comment"><sp/><sp/><sp/><sp/><sp/><sp/><sp/><sp/>*<sp/>----------------------------------------------------------------------------------------------------<sp/>*/</highlight><highlight class="normal"></highlight></codeline>
<codeline lineno="174"><highlight class="normal"><sp/><sp/><sp/><sp/><sp/><sp/><sp/><sp/></highlight><highlight class="comment">//Select<sp/>statement</highlight><highlight class="normal"></highlight></codeline>
<codeline lineno="175"><highlight class="normal"><sp/><sp/><sp/><sp/><sp/><sp/><sp/><sp/></highlight><highlight class="keyword">public</highlight><highlight class="normal"><sp/>List&lt;string&gt;[]<sp/><ref refid="class_transport___management___system___w_p_f_1_1_s_q_l___query___t_m_s_1a4e711f59f3a0a859d3dbe0b04beca378" kindref="member">Select_Carriers</ref>()</highlight></codeline>
<codeline lineno="176"><highlight class="normal"><sp/><sp/><sp/><sp/><sp/><sp/><sp/><sp/>{</highlight></codeline>
<codeline lineno="177"><highlight class="normal"><sp/><sp/><sp/><sp/><sp/><sp/><sp/><sp/><sp/><sp/><sp/><sp/></highlight><highlight class="keywordtype">string</highlight><highlight class="normal"><sp/>query<sp/>=<sp/></highlight><highlight class="stringliteral">&quot;SELECT<sp/>*<sp/>FROM<sp/>CUS;&quot;</highlight><highlight class="normal">;</highlight></codeline>
<codeline lineno="178"><highlight class="normal"></highlight></codeline>
<codeline lineno="179"><highlight class="normal"><sp/><sp/><sp/><sp/><sp/><sp/><sp/><sp/><sp/><sp/><sp/><sp/></highlight><highlight class="comment">//Create<sp/>a<sp/>list<sp/>to<sp/>store<sp/>the<sp/>result</highlight><highlight class="normal"></highlight></codeline>
<codeline lineno="180"><highlight class="normal"><sp/><sp/><sp/><sp/><sp/><sp/><sp/><sp/><sp/><sp/><sp/><sp/>List&lt;string&gt;[]<sp/>list<sp/>=<sp/></highlight><highlight class="keyword">new</highlight><highlight class="normal"><sp/>List&lt;string&gt;[6];</highlight></codeline>
<codeline lineno="181"><highlight class="normal"><sp/><sp/><sp/><sp/><sp/><sp/><sp/><sp/><sp/><sp/><sp/><sp/>list[0]<sp/>=<sp/></highlight><highlight class="keyword">new</highlight><highlight class="normal"><sp/>List&lt;string&gt;();</highlight></codeline>
<codeline lineno="182"><highlight class="normal"><sp/><sp/><sp/><sp/><sp/><sp/><sp/><sp/><sp/><sp/><sp/><sp/>list[1]<sp/>=<sp/></highlight><highlight class="keyword">new</highlight><highlight class="normal"><sp/>List&lt;string&gt;();</highlight></codeline>
<codeline lineno="183"><highlight class="normal"><sp/><sp/><sp/><sp/><sp/><sp/><sp/><sp/><sp/><sp/><sp/><sp/>list[2]<sp/>=<sp/></highlight><highlight class="keyword">new</highlight><highlight class="normal"><sp/>List&lt;string&gt;();</highlight></codeline>
<codeline lineno="184"><highlight class="normal"><sp/><sp/><sp/><sp/><sp/><sp/><sp/><sp/><sp/><sp/><sp/><sp/>list[3]<sp/>=<sp/></highlight><highlight class="keyword">new</highlight><highlight class="normal"><sp/>List&lt;string&gt;();</highlight></codeline>
<codeline lineno="185"><highlight class="normal"><sp/><sp/><sp/><sp/><sp/><sp/><sp/><sp/><sp/><sp/><sp/><sp/>list[4]<sp/>=<sp/></highlight><highlight class="keyword">new</highlight><highlight class="normal"><sp/>List&lt;string&gt;();</highlight></codeline>
<codeline lineno="186"><highlight class="normal"><sp/><sp/><sp/><sp/><sp/><sp/><sp/><sp/><sp/><sp/><sp/><sp/>list[5]<sp/>=<sp/></highlight><highlight class="keyword">new</highlight><highlight class="normal"><sp/>List&lt;string&gt;();</highlight></codeline>
<codeline lineno="187"><highlight class="normal"><sp/><sp/><sp/><sp/><sp/><sp/><sp/><sp/><sp/><sp/><sp/><sp/>list[6]<sp/>=<sp/></highlight><highlight class="keyword">new</highlight><highlight class="normal"><sp/>List&lt;string&gt;();</highlight></codeline>
<codeline lineno="188"><highlight class="normal"></highlight></codeline>
<codeline lineno="189"><highlight class="normal"><sp/><sp/><sp/><sp/><sp/><sp/><sp/><sp/><sp/><sp/><sp/><sp/></highlight><highlight class="comment">//Open<sp/>connection</highlight><highlight class="normal"></highlight></codeline>
<codeline lineno="190"><highlight class="normal"><sp/><sp/><sp/><sp/><sp/><sp/><sp/><sp/><sp/><sp/><sp/><sp/></highlight><highlight class="keywordflow">if</highlight><highlight class="normal"><sp/>(this.<ref refid="class_transport___management___system___w_p_f_1_1_s_q_l___query___t_m_s_1aee1eea15a09e4b889f7f595db573dc85" kindref="member">OpenConnection</ref>()<sp/>==<sp/></highlight><highlight class="keyword">true</highlight><highlight class="normal">)</highlight></codeline>
<codeline lineno="191"><highlight class="normal"><sp/><sp/><sp/><sp/><sp/><sp/><sp/><sp/><sp/><sp/><sp/><sp/>{</highlight></codeline>
<codeline lineno="192"><highlight class="normal"><sp/><sp/><sp/><sp/><sp/><sp/><sp/><sp/><sp/><sp/><sp/><sp/><sp/><sp/><sp/><sp/></highlight><highlight class="comment">//Create<sp/>Command</highlight><highlight class="normal"></highlight></codeline>
<codeline lineno="193"><highlight class="normal"><sp/><sp/><sp/><sp/><sp/><sp/><sp/><sp/><sp/><sp/><sp/><sp/><sp/><sp/><sp/><sp/>MySqlCommand<sp/>cmd<sp/>=<sp/></highlight><highlight class="keyword">new</highlight><highlight class="normal"><sp/>MySqlCommand(query,<sp/><ref refid="class_transport___management___system___w_p_f_1_1_s_q_l___query___t_m_s_1ae892a829faf4f780b88920b944098a20" kindref="member">connection</ref>);</highlight></codeline>
<codeline lineno="194"><highlight class="normal"><sp/><sp/><sp/><sp/><sp/><sp/><sp/><sp/><sp/><sp/><sp/><sp/><sp/><sp/><sp/><sp/></highlight><highlight class="comment">//Create<sp/>a<sp/>data<sp/>reader<sp/>and<sp/>Execute<sp/>the<sp/>command</highlight><highlight class="normal"></highlight></codeline>
<codeline lineno="195"><highlight class="normal"><sp/><sp/><sp/><sp/><sp/><sp/><sp/><sp/><sp/><sp/><sp/><sp/><sp/><sp/><sp/><sp/>MySqlDataReader<sp/>dataReader<sp/>=<sp/>cmd.ExecuteReader();</highlight></codeline>
<codeline lineno="196"><highlight class="normal"></highlight></codeline>
<codeline lineno="197"><highlight class="normal"><sp/><sp/><sp/><sp/><sp/><sp/><sp/><sp/><sp/><sp/><sp/><sp/><sp/><sp/><sp/><sp/></highlight><highlight class="comment">//Read<sp/>the<sp/>data<sp/>and<sp/>store<sp/>them<sp/>in<sp/>the<sp/>list</highlight><highlight class="normal"></highlight></codeline>
<codeline lineno="198"><highlight class="normal"><sp/><sp/><sp/><sp/><sp/><sp/><sp/><sp/><sp/><sp/><sp/><sp/><sp/><sp/><sp/><sp/></highlight><highlight class="keywordflow">while</highlight><highlight class="normal"><sp/>(dataReader.Read())</highlight></codeline>
<codeline lineno="199"><highlight class="normal"><sp/><sp/><sp/><sp/><sp/><sp/><sp/><sp/><sp/><sp/><sp/><sp/><sp/><sp/><sp/><sp/>{</highlight></codeline>
<codeline lineno="200"><highlight class="normal"><sp/><sp/><sp/><sp/><sp/><sp/><sp/><sp/><sp/><sp/><sp/><sp/><sp/><sp/><sp/><sp/><sp/><sp/><sp/><sp/>list[0].Add(dataReader[</highlight><highlight class="stringliteral">&quot;cName&quot;</highlight><highlight class="normal">]<sp/>+<sp/></highlight><highlight class="stringliteral">&quot;&quot;</highlight><highlight class="normal">);</highlight></codeline>
<codeline lineno="201"><highlight class="normal"><sp/><sp/><sp/><sp/><sp/><sp/><sp/><sp/><sp/><sp/><sp/><sp/><sp/><sp/><sp/><sp/><sp/><sp/><sp/><sp/>list[1].Add(dataReader[</highlight><highlight class="stringliteral">&quot;CityID&quot;</highlight><highlight class="normal">]<sp/>+<sp/></highlight><highlight class="stringliteral">&quot;&quot;</highlight><highlight class="normal">);</highlight></codeline>
<codeline lineno="202"><highlight class="normal"><sp/><sp/><sp/><sp/><sp/><sp/><sp/><sp/><sp/><sp/><sp/><sp/><sp/><sp/><sp/><sp/><sp/><sp/><sp/><sp/>list[2].Add(dataReader[</highlight><highlight class="stringliteral">&quot;FTLA&quot;</highlight><highlight class="normal">]<sp/>+<sp/></highlight><highlight class="stringliteral">&quot;&quot;</highlight><highlight class="normal">);</highlight></codeline>
<codeline lineno="203"><highlight class="normal"><sp/><sp/><sp/><sp/><sp/><sp/><sp/><sp/><sp/><sp/><sp/><sp/><sp/><sp/><sp/><sp/><sp/><sp/><sp/><sp/>list[3].Add(dataReader[</highlight><highlight class="stringliteral">&quot;LTLA&quot;</highlight><highlight class="normal">]<sp/>+<sp/></highlight><highlight class="stringliteral">&quot;&quot;</highlight><highlight class="normal">);</highlight></codeline>
<codeline lineno="204"><highlight class="normal"><sp/><sp/><sp/><sp/><sp/><sp/><sp/><sp/><sp/><sp/><sp/><sp/><sp/><sp/><sp/><sp/><sp/><sp/><sp/><sp/>list[4].Add(dataReader[</highlight><highlight class="stringliteral">&quot;FTLRate&quot;</highlight><highlight class="normal">]<sp/>+<sp/></highlight><highlight class="stringliteral">&quot;&quot;</highlight><highlight class="normal">);</highlight></codeline>
<codeline lineno="205"><highlight class="normal"><sp/><sp/><sp/><sp/><sp/><sp/><sp/><sp/><sp/><sp/><sp/><sp/><sp/><sp/><sp/><sp/><sp/><sp/><sp/><sp/>list[5].Add(dataReader[</highlight><highlight class="stringliteral">&quot;LTLRate&quot;</highlight><highlight class="normal">]<sp/>+<sp/></highlight><highlight class="stringliteral">&quot;&quot;</highlight><highlight class="normal">);</highlight></codeline>
<codeline lineno="206"><highlight class="normal"><sp/><sp/><sp/><sp/><sp/><sp/><sp/><sp/><sp/><sp/><sp/><sp/><sp/><sp/><sp/><sp/><sp/><sp/><sp/><sp/>list[7].Add(dataReader[</highlight><highlight class="stringliteral">&quot;reefCharge&quot;</highlight><highlight class="normal">]<sp/>+<sp/></highlight><highlight class="stringliteral">&quot;&quot;</highlight><highlight class="normal">);</highlight></codeline>
<codeline lineno="207"><highlight class="normal"><sp/><sp/><sp/><sp/><sp/><sp/><sp/><sp/><sp/><sp/><sp/><sp/><sp/><sp/><sp/><sp/>}</highlight></codeline>
<codeline lineno="208"><highlight class="normal"></highlight></codeline>
<codeline lineno="209"><highlight class="normal"><sp/><sp/><sp/><sp/><sp/><sp/><sp/><sp/><sp/><sp/><sp/><sp/><sp/><sp/><sp/><sp/></highlight><highlight class="comment">//close<sp/>Data<sp/>Reader</highlight><highlight class="normal"></highlight></codeline>
<codeline lineno="210"><highlight class="normal"><sp/><sp/><sp/><sp/><sp/><sp/><sp/><sp/><sp/><sp/><sp/><sp/><sp/><sp/><sp/><sp/>dataReader.Close();</highlight></codeline>
<codeline lineno="211"><highlight class="normal"></highlight></codeline>
<codeline lineno="212"><highlight class="normal"><sp/><sp/><sp/><sp/><sp/><sp/><sp/><sp/><sp/><sp/><sp/><sp/><sp/><sp/><sp/><sp/></highlight><highlight class="comment">//close<sp/>Connection</highlight><highlight class="normal"></highlight></codeline>
<codeline lineno="213"><highlight class="normal"><sp/><sp/><sp/><sp/><sp/><sp/><sp/><sp/><sp/><sp/><sp/><sp/><sp/><sp/><sp/><sp/>this.<ref refid="class_transport___management___system___w_p_f_1_1_s_q_l___query___t_m_s_1a75e0ac629c196f2adc77e21be7b5f6f4" kindref="member">CloseConnection</ref>();</highlight></codeline>
<codeline lineno="214"><highlight class="normal"></highlight></codeline>
<codeline lineno="215"><highlight class="normal"><sp/><sp/><sp/><sp/><sp/><sp/><sp/><sp/><sp/><sp/><sp/><sp/><sp/><sp/><sp/><sp/></highlight><highlight class="comment">//return<sp/>list<sp/>to<sp/>be<sp/>displayed</highlight><highlight class="normal"></highlight></codeline>
<codeline lineno="216"><highlight class="normal"><sp/><sp/><sp/><sp/><sp/><sp/><sp/><sp/><sp/><sp/><sp/><sp/><sp/><sp/><sp/><sp/></highlight><highlight class="keywordflow">return</highlight><highlight class="normal"><sp/>list;</highlight></codeline>
<codeline lineno="217"><highlight class="normal"><sp/><sp/><sp/><sp/><sp/><sp/><sp/><sp/><sp/><sp/><sp/><sp/>}</highlight></codeline>
<codeline lineno="218"><highlight class="normal"><sp/><sp/><sp/><sp/><sp/><sp/><sp/><sp/><sp/><sp/><sp/><sp/></highlight><highlight class="keywordflow">else</highlight><highlight class="normal"></highlight></codeline>
<codeline lineno="219"><highlight class="normal"><sp/><sp/><sp/><sp/><sp/><sp/><sp/><sp/><sp/><sp/><sp/><sp/>{</highlight></codeline>
<codeline lineno="220"><highlight class="normal"><sp/><sp/><sp/><sp/><sp/><sp/><sp/><sp/><sp/><sp/><sp/><sp/><sp/><sp/><sp/><sp/></highlight><highlight class="keywordflow">return</highlight><highlight class="normal"><sp/>list;</highlight></codeline>
<codeline lineno="221"><highlight class="normal"><sp/><sp/><sp/><sp/><sp/><sp/><sp/><sp/><sp/><sp/><sp/><sp/>}</highlight></codeline>
<codeline lineno="222"><highlight class="normal"><sp/><sp/><sp/><sp/><sp/><sp/><sp/><sp/>}</highlight></codeline>
<codeline lineno="223"><highlight class="normal"></highlight></codeline>
<codeline lineno="224"><highlight class="normal"></highlight></codeline>
<codeline lineno="226"><highlight class="normal"><sp/><sp/><sp/><sp/><sp/><sp/><sp/><sp/></highlight><highlight class="comment">//public<sp/>void<sp/>Insert()</highlight><highlight class="normal"></highlight></codeline>
<codeline lineno="227"><highlight class="normal"><sp/><sp/><sp/><sp/><sp/><sp/><sp/><sp/></highlight><highlight class="comment">//{</highlight><highlight class="normal"></highlight></codeline>
<codeline lineno="228"><highlight class="normal"><sp/><sp/><sp/><sp/><sp/><sp/><sp/><sp/></highlight><highlight class="comment">//}</highlight><highlight class="normal"></highlight></codeline>
<codeline lineno="229"><highlight class="normal"></highlight></codeline>
<codeline lineno="231"><highlight class="normal"><sp/><sp/><sp/><sp/><sp/><sp/><sp/><sp/></highlight><highlight class="comment">//public<sp/>void<sp/>Update()</highlight><highlight class="normal"></highlight></codeline>
<codeline lineno="232"><highlight class="normal"><sp/><sp/><sp/><sp/><sp/><sp/><sp/><sp/></highlight><highlight class="comment">//{</highlight><highlight class="normal"></highlight></codeline>
<codeline lineno="233"><highlight class="normal"><sp/><sp/><sp/><sp/><sp/><sp/><sp/><sp/></highlight><highlight class="comment">//}</highlight><highlight class="normal"></highlight></codeline>
<codeline lineno="234"><highlight class="normal"></highlight></codeline>
<codeline lineno="236"><highlight class="normal"><sp/><sp/><sp/><sp/><sp/><sp/><sp/><sp/></highlight><highlight class="comment">//public<sp/>void<sp/>Delete()</highlight><highlight class="normal"></highlight></codeline>
<codeline lineno="237"><highlight class="normal"><sp/><sp/><sp/><sp/><sp/><sp/><sp/><sp/></highlight><highlight class="comment">//{</highlight><highlight class="normal"></highlight></codeline>
<codeline lineno="238"><highlight class="normal"><sp/><sp/><sp/><sp/><sp/><sp/><sp/><sp/></highlight><highlight class="comment">//}</highlight><highlight class="normal"></highlight></codeline>
<codeline lineno="239"><highlight class="normal"></highlight></codeline>
<codeline lineno="241"><highlight class="normal"><sp/><sp/><sp/><sp/><sp/><sp/><sp/><sp/></highlight><highlight class="comment">//public<sp/>List&lt;string&gt;[]<sp/>Select()</highlight><highlight class="normal"></highlight></codeline>
<codeline lineno="242"><highlight class="normal"><sp/><sp/><sp/><sp/><sp/><sp/><sp/><sp/></highlight><highlight class="comment">//{</highlight><highlight class="normal"></highlight></codeline>
<codeline lineno="243"><highlight class="normal"><sp/><sp/><sp/><sp/><sp/><sp/><sp/><sp/></highlight><highlight class="comment">//}</highlight><highlight class="normal"></highlight></codeline>
<codeline lineno="244"><highlight class="normal"></highlight></codeline>
<codeline lineno="246"><highlight class="normal"><sp/><sp/><sp/><sp/><sp/><sp/><sp/><sp/></highlight><highlight class="comment">//public<sp/>int<sp/>Count()</highlight><highlight class="normal"></highlight></codeline>
<codeline lineno="247"><highlight class="normal"><sp/><sp/><sp/><sp/><sp/><sp/><sp/><sp/></highlight><highlight class="comment">//{</highlight><highlight class="normal"></highlight></codeline>
<codeline lineno="248"><highlight class="normal"><sp/><sp/><sp/><sp/><sp/><sp/><sp/><sp/></highlight><highlight class="comment">//}</highlight><highlight class="normal"></highlight></codeline>
<codeline lineno="249"><highlight class="normal"></highlight></codeline>
<codeline lineno="251"><highlight class="normal"><sp/><sp/><sp/><sp/><sp/><sp/><sp/><sp/></highlight><highlight class="comment">//public<sp/>void<sp/>Backup()</highlight><highlight class="normal"></highlight></codeline>
<codeline lineno="252"><highlight class="normal"><sp/><sp/><sp/><sp/><sp/><sp/><sp/><sp/></highlight><highlight class="comment">//{</highlight><highlight class="normal"></highlight></codeline>
<codeline lineno="253"><highlight class="normal"><sp/><sp/><sp/><sp/><sp/><sp/><sp/><sp/></highlight><highlight class="comment">//}</highlight><highlight class="normal"></highlight></codeline>
<codeline lineno="254"><highlight class="normal"></highlight></codeline>
<codeline lineno="256"><highlight class="normal"><sp/><sp/><sp/><sp/><sp/><sp/><sp/><sp/></highlight><highlight class="comment">//public<sp/>void<sp/>Restore()</highlight><highlight class="normal"></highlight></codeline>
<codeline lineno="257"><highlight class="normal"><sp/><sp/><sp/><sp/><sp/><sp/><sp/><sp/></highlight><highlight class="comment">//{</highlight><highlight class="normal"></highlight></codeline>
<codeline lineno="258"><highlight class="normal"><sp/><sp/><sp/><sp/><sp/><sp/><sp/><sp/></highlight><highlight class="comment">//}</highlight><highlight class="normal"></highlight></codeline>
<codeline lineno="259"><highlight class="normal"><sp/><sp/><sp/><sp/>}</highlight></codeline>
<codeline lineno="260"><highlight class="normal"></highlight></codeline>
<codeline lineno="261"><highlight class="normal"></highlight></codeline>
<codeline lineno="262"><highlight class="normal"><sp/><sp/><sp/><sp/></highlight><highlight class="comment">//class<sp/>SQL_Query</highlight><highlight class="normal"></highlight></codeline>
<codeline lineno="263"><highlight class="normal"><sp/><sp/><sp/><sp/></highlight><highlight class="comment">//{</highlight><highlight class="normal"></highlight></codeline>
<codeline lineno="264"><highlight class="normal"><sp/><sp/><sp/><sp/></highlight><highlight class="comment">//<sp/><sp/><sp/><sp/>public<sp/>string<sp/>sql<sp/>=<sp/>null;</highlight><highlight class="normal"></highlight></codeline>
<codeline lineno="265"><highlight class="normal"><sp/><sp/><sp/><sp/></highlight><highlight class="comment">//<sp/><sp/><sp/><sp/>public<sp/>void<sp/>ContractCalling()</highlight><highlight class="normal"></highlight></codeline>
<codeline lineno="266"><highlight class="normal"><sp/><sp/><sp/><sp/></highlight><highlight class="comment">//<sp/><sp/><sp/><sp/>{</highlight><highlight class="normal"></highlight></codeline>
<codeline lineno="267"><highlight class="normal"><sp/><sp/><sp/><sp/></highlight><highlight class="comment">//<sp/><sp/><sp/><sp/><sp/><sp/><sp/><sp/>sql<sp/>=<sp/>null;</highlight><highlight class="normal"></highlight></codeline>
<codeline lineno="268"><highlight class="normal"><sp/><sp/><sp/><sp/></highlight><highlight class="comment">//<sp/><sp/><sp/><sp/><sp/><sp/><sp/><sp/>string<sp/>connetionString<sp/>=<sp/>null;</highlight><highlight class="normal"></highlight></codeline>
<codeline lineno="269"><highlight class="normal"><sp/><sp/><sp/><sp/></highlight><highlight class="comment">//<sp/><sp/><sp/><sp/><sp/><sp/><sp/><sp/>SqlConnection<sp/>connection;</highlight><highlight class="normal"></highlight></codeline>
<codeline lineno="270"><highlight class="normal"><sp/><sp/><sp/><sp/></highlight><highlight class="comment">//<sp/><sp/><sp/><sp/><sp/><sp/><sp/><sp/>SqlDataAdapter<sp/>adapter<sp/>=<sp/>new<sp/>SqlDataAdapter();</highlight><highlight class="normal"></highlight></codeline>
<codeline lineno="271"><highlight class="normal"><sp/><sp/><sp/><sp/></highlight><highlight class="comment">//<sp/><sp/><sp/><sp/><sp/><sp/><sp/><sp/>connetionString<sp/>=<sp/>&quot;Data<sp/>Source=159.89.117.198,3306;Initial<sp/>Catalog=cmp;User<sp/>ID=DevOSHT;Password=Snodgr4ss!&quot;;</highlight><highlight class="normal"></highlight></codeline>
<codeline lineno="272"><highlight class="normal"><sp/><sp/><sp/><sp/></highlight><highlight class="comment">//<sp/><sp/><sp/><sp/><sp/><sp/><sp/><sp/>connection<sp/>=<sp/>new<sp/>SqlConnection(connetionString);</highlight><highlight class="normal"></highlight></codeline>
<codeline lineno="273"><highlight class="normal"><sp/><sp/><sp/><sp/></highlight><highlight class="comment">//<sp/><sp/><sp/><sp/><sp/><sp/><sp/><sp/>sql<sp/>=<sp/>&quot;SELECT<sp/>*<sp/>FROM<sp/>Contract;&quot;;</highlight><highlight class="normal"></highlight></codeline>
<codeline lineno="274"><highlight class="normal"></highlight></codeline>
<codeline lineno="275"><highlight class="normal"><sp/><sp/><sp/><sp/></highlight><highlight class="comment">//<sp/><sp/><sp/><sp/><sp/><sp/><sp/><sp/>connection.Open();</highlight><highlight class="normal"></highlight></codeline>
<codeline lineno="276"><highlight class="normal"><sp/><sp/><sp/><sp/></highlight><highlight class="comment">//<sp/><sp/><sp/><sp/><sp/><sp/><sp/><sp/>//adapter.InsertCommand<sp/>=<sp/>new<sp/>SqlCommand(sql,<sp/>connection);</highlight><highlight class="normal"></highlight></codeline>
<codeline lineno="277"><highlight class="normal"><sp/><sp/><sp/><sp/></highlight><highlight class="comment">//<sp/><sp/><sp/><sp/><sp/><sp/><sp/><sp/>//adapter.InsertCommand.ExecuteNonQuery();</highlight><highlight class="normal"></highlight></codeline>
<codeline lineno="278"><highlight class="normal"></highlight></codeline>
<codeline lineno="279"><highlight class="normal"><sp/><sp/><sp/><sp/></highlight><highlight class="comment">//<sp/><sp/><sp/><sp/><sp/><sp/><sp/><sp/>SqlCommand<sp/>cmd<sp/>=<sp/>new<sp/>SqlCommand(sql,<sp/>connection);</highlight><highlight class="normal"></highlight></codeline>
<codeline lineno="280"><highlight class="normal"><sp/><sp/><sp/><sp/></highlight><highlight class="comment">//<sp/><sp/><sp/><sp/><sp/><sp/><sp/><sp/>using<sp/>(SqlDataReader<sp/>reader<sp/>=<sp/>cmd.ExecuteReader())<sp/></highlight><highlight class="normal"></highlight></codeline>
<codeline lineno="281"><highlight class="normal"><sp/><sp/><sp/><sp/></highlight><highlight class="comment">//<sp/><sp/><sp/><sp/><sp/><sp/><sp/><sp/>{</highlight><highlight class="normal"></highlight></codeline>
<codeline lineno="282"><highlight class="normal"><sp/><sp/><sp/><sp/></highlight><highlight class="comment">//<sp/><sp/><sp/><sp/><sp/><sp/><sp/><sp/><sp/><sp/><sp/><sp/>while<sp/>(reader.Read())</highlight><highlight class="normal"></highlight></codeline>
<codeline lineno="283"><highlight class="normal"><sp/><sp/><sp/><sp/></highlight><highlight class="comment">//<sp/><sp/><sp/><sp/><sp/><sp/><sp/><sp/><sp/><sp/><sp/><sp/>{<sp/><sp/></highlight><highlight class="normal"></highlight></codeline>
<codeline lineno="284"><highlight class="normal"><sp/><sp/><sp/><sp/></highlight><highlight class="comment">//<sp/><sp/><sp/><sp/><sp/><sp/><sp/><sp/><sp/><sp/><sp/><sp/><sp/><sp/>string<sp/>returnString<sp/>=<sp/>reader.GetValue().ToString().Trim();<sp/><sp/></highlight><highlight class="normal"></highlight></codeline>
<codeline lineno="285"><highlight class="normal"><sp/><sp/><sp/><sp/></highlight><highlight class="comment">//<sp/><sp/><sp/><sp/><sp/><sp/><sp/><sp/><sp/><sp/><sp/><sp/>}</highlight><highlight class="normal"></highlight></codeline>
<codeline lineno="286"><highlight class="normal"><sp/><sp/><sp/><sp/></highlight><highlight class="comment">//<sp/><sp/><sp/><sp/><sp/><sp/><sp/><sp/>}</highlight><highlight class="normal"></highlight></codeline>
<codeline lineno="287"><highlight class="normal"><sp/><sp/><sp/><sp/></highlight><highlight class="comment">//<sp/><sp/><sp/><sp/>}</highlight><highlight class="normal"></highlight></codeline>
<codeline lineno="288"><highlight class="normal"><sp/><sp/><sp/><sp/></highlight><highlight class="comment">//}</highlight><highlight class="normal"></highlight></codeline>
<codeline lineno="289"><highlight class="normal">}</highlight></codeline>
    </programlisting>
    <location file="C:/Users/School User/Code/TMS-Dump/Transport Management System WPF/Transport Management System WPF/SQL_Query_TMS.cs"/>
  </compounddef>
</doxygen>
