<?xml version='1.0' encoding='UTF-8' standalone='no'?>
<doxygen xmlns:xsi="http://www.w3.org/2001/XMLSchema-instance" xsi:noNamespaceSchemaLocation="compound.xsd" version="1.8.16">
  <compounddef id="_t_m_sw_pages_2_admin_classes_8cs" kind="file" language="C#">
    <compoundname>AdminClasses.cs</compoundname>
    <innerclass refid="class_t_m_sw_pages_1_1_admin" prot="public">TMSwPages::Admin</innerclass>
    <innerclass refid="class_t_m_sw_pages_1_1_t_m_s_logger" prot="public">TMSwPages::TMSLogger</innerclass>
    <innerclass refid="class_t_m_sw_pages_1_1_t_m_s_log" prot="public">TMSwPages::TMSLog</innerclass>
    <innerclass refid="class_t_m_sw_pages_1_1_backup_t_m_s" prot="public">TMSwPages::BackupTMS</innerclass>
    <innerclass refid="class_t_m_sw_pages_1_1_alter_tables" prot="public">TMSwPages::AlterTables</innerclass>
    <innernamespace refid="namespace_t_m_sw_pages">TMSwPages</innernamespace>
    <innernamespace refid="namespace_system">System</innernamespace>
    <innernamespace refid="namespace_system_1_1_i_o">System::IO</innernamespace>
    <innernamespace refid="namespace_system_1_1_collections_1_1_generic">System::Collections::Generic</innernamespace>
    <innernamespace refid="namespace_system_1_1_linq">System::Linq</innernamespace>
    <innernamespace refid="namespace_system_1_1_text">System::Text</innernamespace>
    <innernamespace refid="namespace_system_1_1_text_1_1_regular_expressions">System::Text::RegularExpressions</innernamespace>
    <innernamespace refid="namespace_system_1_1_threading_1_1_tasks">System::Threading::Tasks</innernamespace>
    <innernamespace refid="namespace_system_1_1_windows_1_1_documents">System::Windows::Documents</innernamespace>
    <briefdescription>
<para>This file contains the admin functionality <linebreak/>
 </para>
    </briefdescription>
    <detaileddescription>
<para><simplesect kind="date"><para>November 22, 2019 </para>
</simplesect>
<simplesect kind="author"><para>8000 Cigarettes - Megan</para>
</simplesect>
This file holds the functionality of the Admin class. The Admin has the ability to view logs as specified by time period, view details of specific logs, alter where the log files are stored, initiate backups of the TMS database, choose where the TMS db is backed up to, alter the Carrier Data Table, the Route Table, and the Rate / Fee Tables. <linebreak/>
</para>
<para><hruler/>
 </para>
    </detaileddescription>
    <programlisting>
<codeline lineno="1"><highlight class="comment">//<sp/>ADMINCLASSES<sp/>FILE<sp/>HEADER<sp/>COMMENT:<sp/>===========================================================================</highlight></codeline>
<codeline lineno="15"><highlight class="comment"></highlight><highlight class="keyword">using</highlight><highlight class="normal"><sp/>System;</highlight></codeline>
<codeline lineno="16"><highlight class="normal"></highlight><highlight class="keyword">using</highlight><highlight class="normal"><sp/>System.IO;</highlight></codeline>
<codeline lineno="17"><highlight class="normal"></highlight><highlight class="keyword">using</highlight><highlight class="normal"><sp/>System.Collections.Generic;</highlight></codeline>
<codeline lineno="18"><highlight class="normal"></highlight><highlight class="keyword">using</highlight><highlight class="normal"><sp/>System.Linq;</highlight></codeline>
<codeline lineno="19"><highlight class="normal"></highlight><highlight class="keyword">using</highlight><highlight class="normal"><sp/>System.Text;</highlight></codeline>
<codeline lineno="20"><highlight class="normal"></highlight><highlight class="keyword">using</highlight><highlight class="normal"><sp/>System.Text.RegularExpressions;</highlight></codeline>
<codeline lineno="21"><highlight class="normal"></highlight><highlight class="keyword">using</highlight><highlight class="normal"><sp/>System.Threading.Tasks;</highlight></codeline>
<codeline lineno="22"><highlight class="normal"></highlight><highlight class="keyword">using</highlight><highlight class="normal"><sp/>System.Windows.Documents;</highlight></codeline>
<codeline lineno="23"><highlight class="normal"></highlight></codeline>
<codeline lineno="24" refid="namespace_t_m_sw_pages" refkind="compound"><highlight class="normal"></highlight><highlight class="keyword">namespace<sp/></highlight><highlight class="normal"><ref refid="namespace_t_m_sw_pages" kindref="compound">TMSwPages</ref></highlight></codeline>
<codeline lineno="25"><highlight class="normal">{</highlight></codeline>
<codeline lineno="26"><highlight class="normal"><sp/><sp/><sp/><sp/></highlight><highlight class="comment">//<sp/>CLASS<sp/>HEADER<sp/>COMMENT<sp/>-----------------------------------------------------------------------------------</highlight></codeline>
<codeline lineno="34" refid="class_t_m_sw_pages_1_1_admin" refkind="compound"><highlight class="comment"></highlight><highlight class="normal"><sp/><sp/><sp/><sp/></highlight><highlight class="keyword">class<sp/></highlight><highlight class="normal"><ref refid="class_t_m_sw_pages_1_1_admin" kindref="compound">Admin</ref></highlight></codeline>
<codeline lineno="35"><highlight class="normal"><sp/><sp/><sp/><sp/>{</highlight></codeline>
<codeline lineno="36"><highlight class="normal"><sp/><sp/><sp/><sp/><sp/><sp/><sp/><sp/></highlight><highlight class="comment">//TMSLogger<sp/>adminLogger<sp/>=<sp/>null;</highlight><highlight class="normal"></highlight></codeline>
<codeline lineno="37"><highlight class="normal"><sp/><sp/><sp/><sp/><sp/><sp/><sp/><sp/><ref refid="class_t_m_sw_pages_1_1_backup_t_m_s" kindref="compound">BackupTMS</ref><sp/><ref refid="class_t_m_sw_pages_1_1_admin_1a8a5920a3a10044bd01c6597febf53489" kindref="member">adminBackup</ref><sp/>=<sp/></highlight><highlight class="keyword">null</highlight><highlight class="normal">;</highlight></codeline>
<codeline lineno="38"><highlight class="normal"><sp/><sp/><sp/><sp/><sp/><sp/><sp/><sp/><ref refid="class_t_m_sw_pages_1_1_alter_tables" kindref="compound">AlterTables</ref><sp/><ref refid="class_t_m_sw_pages_1_1_admin_1a1fa24937bf3f23bdb385ed055873ad35" kindref="member">adminAlter</ref><sp/>=<sp/></highlight><highlight class="keyword">null</highlight><highlight class="normal">;</highlight></codeline>
<codeline lineno="39"><highlight class="normal"></highlight></codeline>
<codeline lineno="40"><highlight class="normal"><sp/><sp/><sp/><sp/><sp/><sp/><sp/><sp/><ref refid="class_t_m_sw_pages_1_1_admin_1a9544cc6cc847d75e5eca01c31dfa7655" kindref="member">Admin</ref>()</highlight></codeline>
<codeline lineno="41"><highlight class="normal"><sp/><sp/><sp/><sp/><sp/><sp/><sp/><sp/>{</highlight></codeline>
<codeline lineno="42"><highlight class="normal"><sp/><sp/><sp/><sp/><sp/><sp/><sp/><sp/><sp/><sp/><sp/><sp/></highlight><highlight class="comment">//adminLogger<sp/>=<sp/>new<sp/>TMSLogger();</highlight><highlight class="normal"></highlight></codeline>
<codeline lineno="43"><highlight class="normal"><sp/><sp/><sp/><sp/><sp/><sp/><sp/><sp/><sp/><sp/><sp/><sp/><ref refid="class_t_m_sw_pages_1_1_admin_1a8a5920a3a10044bd01c6597febf53489" kindref="member">adminBackup</ref><sp/>=<sp/></highlight><highlight class="keyword">new</highlight><highlight class="normal"><sp/><ref refid="class_t_m_sw_pages_1_1_backup_t_m_s" kindref="compound">BackupTMS</ref>();</highlight></codeline>
<codeline lineno="44"><highlight class="normal"><sp/><sp/><sp/><sp/><sp/><sp/><sp/><sp/><sp/><sp/><sp/><sp/><ref refid="class_t_m_sw_pages_1_1_admin_1a1fa24937bf3f23bdb385ed055873ad35" kindref="member">adminAlter</ref><sp/>=<sp/></highlight><highlight class="keyword">new</highlight><highlight class="normal"><sp/><ref refid="class_t_m_sw_pages_1_1_alter_tables" kindref="compound">AlterTables</ref>();</highlight></codeline>
<codeline lineno="45"><highlight class="normal"><sp/><sp/><sp/><sp/><sp/><sp/><sp/><sp/>}</highlight></codeline>
<codeline lineno="46"><highlight class="normal"></highlight></codeline>
<codeline lineno="47"><highlight class="normal"><sp/><sp/><sp/><sp/>}</highlight></codeline>
<codeline lineno="48"><highlight class="normal"></highlight></codeline>
<codeline lineno="49"><highlight class="normal"><sp/><sp/><sp/><sp/></highlight><highlight class="comment">//<sp/>CLASS<sp/>HEADER<sp/>COMMENT<sp/>-----------------------------------------------------------------------------------</highlight></codeline>
<codeline lineno="57" refid="class_t_m_sw_pages_1_1_t_m_s_logger" refkind="compound"><highlight class="comment"></highlight><highlight class="normal"><sp/><sp/><sp/><sp/></highlight><highlight class="keyword">static</highlight><highlight class="normal"><sp/></highlight><highlight class="keyword">public</highlight><highlight class="normal"><sp/></highlight><highlight class="keyword">class<sp/></highlight><highlight class="normal"><ref refid="class_t_m_sw_pages_1_1_t_m_s_logger" kindref="compound">TMSLogger</ref></highlight></codeline>
<codeline lineno="58"><highlight class="normal"><sp/><sp/><sp/><sp/>{</highlight></codeline>
<codeline lineno="59"><highlight class="normal"><sp/><sp/><sp/><sp/><sp/><sp/><sp/><sp/></highlight><highlight class="keyword">static</highlight><highlight class="normal"><sp/></highlight><highlight class="keyword">public</highlight><highlight class="normal"><sp/></highlight><highlight class="keywordtype">string</highlight><highlight class="normal"><sp/><ref refid="class_t_m_sw_pages_1_1_t_m_s_logger_1abd17098cd11371b489a998544f09ac74" kindref="member">LoggerPath</ref><sp/>{<sp/></highlight><highlight class="keyword">set</highlight><highlight class="normal">;<sp/></highlight><highlight class="keyword">get</highlight><highlight class="normal">;<sp/>}<sp/><sp/><sp/><sp/><sp/><sp/><sp/><sp/><sp/><sp/><sp/><sp/><sp/><sp/><sp/></highlight></codeline>
<codeline lineno="60"><highlight class="normal"><sp/><sp/><sp/><sp/><sp/><sp/><sp/><sp/></highlight><highlight class="keyword">static</highlight><highlight class="normal"><sp/></highlight><highlight class="keyword">public</highlight><highlight class="normal"><sp/>List&lt;TMSLog&gt;<sp/><ref refid="class_t_m_sw_pages_1_1_t_m_s_logger_1a02bbc48a021dcef462bdc3a2e984b5a6" kindref="member">logs</ref><sp/>=<sp/></highlight><highlight class="keyword">new</highlight><highlight class="normal"><sp/>List&lt;TMSLog&gt;();<sp/><sp/><sp/><sp/><sp/><sp/><sp/></highlight></codeline>
<codeline lineno="61"><highlight class="normal"></highlight></codeline>
<codeline lineno="62"><highlight class="normal"><sp/><sp/><sp/><sp/><sp/><sp/><sp/><sp/></highlight><highlight class="comment">//<sp/>METHOD<sp/>HEADER<sp/>COMMENT<sp/>-------------------------------------------------------------------------------</highlight></codeline>
<codeline lineno="73"><highlight class="comment"></highlight><highlight class="normal"><sp/><sp/><sp/><sp/><sp/><sp/><sp/><sp/></highlight><highlight class="keyword">static</highlight><highlight class="normal"><sp/></highlight><highlight class="keyword">public</highlight><highlight class="normal"><sp/></highlight><highlight class="keywordtype">void</highlight><highlight class="normal"><sp/><ref refid="class_t_m_sw_pages_1_1_t_m_s_logger_1ae3fc46f0a10cbcbe582f57f0ea75cc8d" kindref="member">LogIt</ref>(</highlight><highlight class="keywordtype">string</highlight><highlight class="normal"><sp/>newLogString)</highlight></codeline>
<codeline lineno="74"><highlight class="normal"><sp/><sp/><sp/><sp/><sp/><sp/><sp/><sp/>{</highlight></codeline>
<codeline lineno="75"><highlight class="normal"><sp/><sp/><sp/><sp/><sp/><sp/><sp/><sp/><sp/><sp/><sp/><sp/><ref refid="class_t_m_sw_pages_1_1_t_m_s_log" kindref="compound">TMSLog</ref><sp/>myLog<sp/>=<sp/></highlight><highlight class="keyword">new</highlight><highlight class="normal"><sp/><ref refid="class_t_m_sw_pages_1_1_t_m_s_log" kindref="compound">TMSLog</ref>(newLogString);</highlight></codeline>
<codeline lineno="76"><highlight class="normal"><sp/><sp/><sp/><sp/><sp/><sp/><sp/><sp/><sp/><sp/><sp/><sp/><ref refid="class_t_m_sw_pages_1_1_t_m_s_logger_1a02bbc48a021dcef462bdc3a2e984b5a6" kindref="member">logs</ref>.Add(myLog);</highlight></codeline>
<codeline lineno="77"><highlight class="normal"><sp/><sp/><sp/><sp/><sp/><sp/><sp/><sp/><sp/><sp/><sp/><sp/></highlight><highlight class="keywordflow">if</highlight><highlight class="normal"><sp/>(<ref refid="class_t_m_sw_pages_1_1_t_m_s_logger_1a40f50c4cf1a0cfee17b050a19bea7daf" kindref="member">AppendLogFile</ref>(myLog)<sp/>==<sp/></highlight><highlight class="keyword">false</highlight><highlight class="normal">)</highlight></codeline>
<codeline lineno="78"><highlight class="normal"><sp/><sp/><sp/><sp/><sp/><sp/><sp/><sp/><sp/><sp/><sp/><sp/>{</highlight></codeline>
<codeline lineno="80"><highlight class="normal"><sp/><sp/><sp/><sp/><sp/><sp/><sp/><sp/><sp/><sp/><sp/><sp/><sp/><sp/><sp/><sp/><ref refid="class_t_m_sw_pages_1_1_t_m_s_logger_1a40f50c4cf1a0cfee17b050a19bea7daf" kindref="member">AppendLogFile</ref>(myLog);<sp/></highlight></codeline>
<codeline lineno="81"><highlight class="normal"><sp/><sp/><sp/><sp/><sp/><sp/><sp/><sp/><sp/><sp/><sp/><sp/>};</highlight></codeline>
<codeline lineno="82"><highlight class="normal"></highlight></codeline>
<codeline lineno="83"><highlight class="normal"><sp/><sp/><sp/><sp/><sp/><sp/><sp/><sp/>}</highlight></codeline>
<codeline lineno="84"><highlight class="normal"></highlight></codeline>
<codeline lineno="85"><highlight class="normal"><sp/><sp/><sp/><sp/><sp/><sp/><sp/><sp/></highlight><highlight class="comment">//<sp/>METHOD<sp/>HEADER<sp/>COMMENT<sp/>-------------------------------------------------------------------------------</highlight></codeline>
<codeline lineno="96"><highlight class="comment"></highlight><highlight class="normal"><sp/><sp/><sp/><sp/><sp/><sp/><sp/><sp/></highlight><highlight class="keyword">static</highlight><highlight class="normal"><sp/></highlight><highlight class="keyword">public</highlight><highlight class="normal"><sp/></highlight><highlight class="keywordtype">void</highlight><highlight class="normal"><sp/><ref refid="class_t_m_sw_pages_1_1_t_m_s_logger_1a34e534b54ac36d38c33d7a8cb5abb7c7" kindref="member">NewLog</ref>(</highlight><highlight class="keywordtype">string</highlight><highlight class="normal"><sp/>newLogString)</highlight></codeline>
<codeline lineno="97"><highlight class="normal"><sp/><sp/><sp/><sp/><sp/><sp/><sp/><sp/>{</highlight></codeline>
<codeline lineno="98"><highlight class="normal"><sp/><sp/><sp/><sp/><sp/><sp/><sp/><sp/><sp/><sp/><sp/><sp/><ref refid="class_t_m_sw_pages_1_1_t_m_s_log" kindref="compound">TMSLog</ref><sp/>myLog<sp/>=<sp/></highlight><highlight class="keyword">new</highlight><highlight class="normal"><sp/><ref refid="class_t_m_sw_pages_1_1_t_m_s_log" kindref="compound">TMSLog</ref>(newLogString);</highlight></codeline>
<codeline lineno="99"><highlight class="normal"><sp/><sp/><sp/><sp/><sp/><sp/><sp/><sp/><sp/><sp/><sp/><sp/><ref refid="class_t_m_sw_pages_1_1_t_m_s_logger_1a02bbc48a021dcef462bdc3a2e984b5a6" kindref="member">logs</ref>.Add(myLog);</highlight></codeline>
<codeline lineno="100"><highlight class="normal"><sp/><sp/><sp/><sp/><sp/><sp/><sp/><sp/>}</highlight></codeline>
<codeline lineno="101"><highlight class="normal"></highlight></codeline>
<codeline lineno="102"><highlight class="normal"><sp/><sp/><sp/><sp/><sp/><sp/><sp/><sp/></highlight><highlight class="comment">//<sp/>METHOD<sp/>HEADER<sp/>COMMENT<sp/>-------------------------------------------------------------------------------</highlight></codeline>
<codeline lineno="113"><highlight class="comment"></highlight><highlight class="normal"><sp/><sp/><sp/><sp/><sp/><sp/><sp/><sp/></highlight><highlight class="keyword">static</highlight><highlight class="normal"><sp/></highlight><highlight class="keyword">public</highlight><highlight class="normal"><sp/></highlight><highlight class="keywordtype">bool</highlight><highlight class="normal"><sp/><ref refid="class_t_m_sw_pages_1_1_t_m_s_logger_1a836d54e3a54cfe47be113970676871aa" kindref="member">ReadExistingLogFile</ref>()</highlight></codeline>
<codeline lineno="114"><highlight class="normal"><sp/><sp/><sp/><sp/><sp/><sp/><sp/><sp/>{</highlight></codeline>
<codeline lineno="115"><highlight class="normal"><sp/><sp/><sp/><sp/><sp/><sp/><sp/><sp/><sp/><sp/><sp/><sp/></highlight><highlight class="keywordtype">bool</highlight><highlight class="normal"><sp/>readSuccess<sp/>=<sp/></highlight><highlight class="keyword">true</highlight><highlight class="normal">;</highlight></codeline>
<codeline lineno="116"><highlight class="normal"><sp/><sp/><sp/><sp/><sp/><sp/><sp/><sp/><sp/><sp/><sp/><sp/><ref refid="class_t_m_sw_pages_1_1_t_m_s_logger_1abd17098cd11371b489a998544f09ac74" kindref="member">LoggerPath</ref><sp/>=<sp/>Environment.CurrentDirectory;</highlight></codeline>
<codeline lineno="117"><highlight class="normal"></highlight></codeline>
<codeline lineno="118"><highlight class="normal"><sp/><sp/><sp/><sp/><sp/><sp/><sp/><sp/><sp/><sp/><sp/><sp/></highlight><highlight class="keywordflow">try</highlight><highlight class="normal"></highlight></codeline>
<codeline lineno="119"><highlight class="normal"><sp/><sp/><sp/><sp/><sp/><sp/><sp/><sp/><sp/><sp/><sp/><sp/>{</highlight></codeline>
<codeline lineno="121"><highlight class="normal"><sp/><sp/><sp/><sp/><sp/><sp/><sp/><sp/><sp/><sp/><sp/><sp/><sp/><sp/><sp/><sp/><ref refid="class_t_m_sw_pages_1_1_t_m_s_logger_1a02bbc48a021dcef462bdc3a2e984b5a6" kindref="member">logs</ref>.Clear();</highlight></codeline>
<codeline lineno="122"><highlight class="normal"></highlight></codeline>
<codeline lineno="124"><highlight class="normal"><sp/><sp/><sp/><sp/><sp/><sp/><sp/><sp/><sp/><sp/><sp/><sp/><sp/><sp/><sp/><sp/>FileStream<sp/>fileStream<sp/>=<sp/></highlight><highlight class="keyword">new</highlight><highlight class="normal"><sp/>FileStream((<ref refid="class_t_m_sw_pages_1_1_t_m_s_logger_1abd17098cd11371b489a998544f09ac74" kindref="member">LoggerPath</ref><sp/>+<sp/></highlight><highlight class="stringliteral">&quot;/TMSLogger.txt&quot;</highlight><highlight class="normal">),<sp/>FileMode.Open,<sp/>FileAccess.Read);</highlight></codeline>
<codeline lineno="125"><highlight class="normal"><sp/><sp/><sp/><sp/><sp/><sp/><sp/><sp/><sp/><sp/><sp/><sp/><sp/><sp/><sp/><sp/>StreamReader<sp/>streamReader<sp/>=<sp/></highlight><highlight class="keyword">new</highlight><highlight class="normal"><sp/>StreamReader(fileStream);</highlight></codeline>
<codeline lineno="126"><highlight class="normal"></highlight></codeline>
<codeline lineno="128"><highlight class="normal"><sp/><sp/><sp/><sp/><sp/><sp/><sp/><sp/><sp/><sp/><sp/><sp/><sp/><sp/><sp/><sp/></highlight><highlight class="keywordflow">while</highlight><highlight class="normal"><sp/>(!streamReader.EndOfStream)</highlight></codeline>
<codeline lineno="129"><highlight class="normal"><sp/><sp/><sp/><sp/><sp/><sp/><sp/><sp/><sp/><sp/><sp/><sp/><sp/><sp/><sp/><sp/>{</highlight></codeline>
<codeline lineno="130"><highlight class="normal"><sp/><sp/><sp/><sp/><sp/><sp/><sp/><sp/><sp/><sp/><sp/><sp/><sp/><sp/><sp/><sp/><sp/><sp/><sp/><sp/></highlight><highlight class="keywordtype">string</highlight><highlight class="normal"><sp/>lineString<sp/>=<sp/></highlight><highlight class="stringliteral">&quot;&quot;</highlight><highlight class="normal">;</highlight></codeline>
<codeline lineno="131"><highlight class="normal"><sp/><sp/><sp/><sp/><sp/><sp/><sp/><sp/><sp/><sp/><sp/><sp/><sp/><sp/><sp/><sp/><sp/><sp/><sp/><sp/></highlight><highlight class="keywordflow">if</highlight><highlight class="normal"><sp/>((lineString<sp/>=<sp/>streamReader.ReadLine()).Trim()<sp/>!=<sp/></highlight><highlight class="stringliteral">&quot;&quot;</highlight><highlight class="normal">)</highlight></codeline>
<codeline lineno="132"><highlight class="normal"><sp/><sp/><sp/><sp/><sp/><sp/><sp/><sp/><sp/><sp/><sp/><sp/><sp/><sp/><sp/><sp/><sp/><sp/><sp/><sp/>{</highlight></codeline>
<codeline lineno="133"><highlight class="normal"><sp/><sp/><sp/><sp/><sp/><sp/><sp/><sp/><sp/><sp/><sp/><sp/><sp/><sp/><sp/><sp/><sp/><sp/><sp/><sp/><sp/><sp/><sp/><sp/><ref refid="class_t_m_sw_pages_1_1_t_m_s_logger_1a34e534b54ac36d38c33d7a8cb5abb7c7" kindref="member">NewLog</ref>(lineString);</highlight></codeline>
<codeline lineno="134"><highlight class="normal"><sp/><sp/><sp/><sp/><sp/><sp/><sp/><sp/><sp/><sp/><sp/><sp/><sp/><sp/><sp/><sp/><sp/><sp/><sp/><sp/>}</highlight></codeline>
<codeline lineno="135"><highlight class="normal"></highlight></codeline>
<codeline lineno="136"><highlight class="normal"><sp/><sp/><sp/><sp/><sp/><sp/><sp/><sp/><sp/><sp/><sp/><sp/><sp/><sp/><sp/><sp/>}</highlight></codeline>
<codeline lineno="137"><highlight class="normal"></highlight></codeline>
<codeline lineno="139"><highlight class="normal"><sp/><sp/><sp/><sp/><sp/><sp/><sp/><sp/><sp/><sp/><sp/><sp/><sp/><sp/><sp/><sp/>streamReader.Close();<sp/>fileStream.Close();</highlight></codeline>
<codeline lineno="140"><highlight class="normal"><sp/><sp/><sp/><sp/><sp/><sp/><sp/><sp/><sp/><sp/><sp/><sp/>}</highlight></codeline>
<codeline lineno="142"><highlight class="normal"><sp/><sp/><sp/><sp/><sp/><sp/><sp/><sp/><sp/><sp/><sp/><sp/></highlight><highlight class="keywordflow">catch</highlight><highlight class="normal"><sp/>(Exception<sp/>e)</highlight></codeline>
<codeline lineno="143"><highlight class="normal"><sp/><sp/><sp/><sp/><sp/><sp/><sp/><sp/><sp/><sp/><sp/><sp/>{</highlight></codeline>
<codeline lineno="144"><highlight class="normal"><sp/><sp/><sp/><sp/><sp/><sp/><sp/><sp/><sp/><sp/><sp/><sp/><sp/><sp/><sp/><sp/><ref refid="class_t_m_sw_pages_1_1_t_m_s_logger_1ae3fc46f0a10cbcbe582f57f0ea75cc8d" kindref="member">LogIt</ref>(</highlight><highlight class="stringliteral">&quot;|&quot;</highlight><highlight class="normal"><sp/>+<sp/><ref refid="class_t_m_sw_pages_1_1_t_m_s_logger_1abd17098cd11371b489a998544f09ac74" kindref="member">LoggerPath</ref><sp/>+<sp/></highlight><highlight class="stringliteral">&quot;/AdminClasses.cs&quot;</highlight><highlight class="normal"><sp/>+<sp/></highlight><highlight class="stringliteral">&quot;|&quot;</highlight><highlight class="normal"><sp/>+<sp/></highlight><highlight class="stringliteral">&quot;TMSLogger&quot;</highlight><highlight class="normal"><sp/>+<sp/></highlight><highlight class="stringliteral">&quot;|&quot;</highlight><highlight class="normal"><sp/>+<sp/></highlight><highlight class="stringliteral">&quot;ReadExistingLogFile&quot;</highlight><highlight class="normal"><sp/>+<sp/></highlight><highlight class="stringliteral">&quot;|&quot;</highlight><highlight class="normal"><sp/>+<sp/></highlight><highlight class="stringliteral">&quot;Exception&quot;</highlight><highlight class="normal"><sp/>+<sp/></highlight><highlight class="stringliteral">&quot;|&quot;</highlight><highlight class="normal"><sp/>+<sp/>e.Message<sp/>+<sp/></highlight><highlight class="stringliteral">&quot;|&quot;</highlight><highlight class="normal">);</highlight></codeline>
<codeline lineno="145"><highlight class="normal"><sp/><sp/><sp/><sp/><sp/><sp/><sp/><sp/><sp/><sp/><sp/><sp/><sp/><sp/><sp/><sp/>readSuccess<sp/>=<sp/></highlight><highlight class="keyword">false</highlight><highlight class="normal">;</highlight></codeline>
<codeline lineno="146"><highlight class="normal"><sp/><sp/><sp/><sp/><sp/><sp/><sp/><sp/><sp/><sp/><sp/><sp/>}</highlight></codeline>
<codeline lineno="147"><highlight class="normal"></highlight></codeline>
<codeline lineno="148"><highlight class="normal"><sp/><sp/><sp/><sp/><sp/><sp/><sp/><sp/><sp/><sp/><sp/><sp/></highlight><highlight class="keywordflow">return</highlight><highlight class="normal"><sp/>readSuccess;</highlight></codeline>
<codeline lineno="149"><highlight class="normal"></highlight></codeline>
<codeline lineno="150"><highlight class="normal"><sp/><sp/><sp/><sp/><sp/><sp/><sp/><sp/>}</highlight></codeline>
<codeline lineno="151"><highlight class="normal"></highlight></codeline>
<codeline lineno="152"><highlight class="normal"><sp/><sp/><sp/><sp/><sp/><sp/><sp/><sp/></highlight><highlight class="comment">//<sp/>METHOD<sp/>HEADER<sp/>COMMENT<sp/>-------------------------------------------------------------------------------</highlight></codeline>
<codeline lineno="163"><highlight class="comment"></highlight><highlight class="normal"><sp/><sp/><sp/><sp/><sp/><sp/><sp/><sp/></highlight><highlight class="keyword">static</highlight><highlight class="normal"><sp/></highlight><highlight class="keyword">public</highlight><highlight class="normal"><sp/></highlight><highlight class="keywordtype">bool</highlight><highlight class="normal"><sp/><ref refid="class_t_m_sw_pages_1_1_t_m_s_logger_1a40f50c4cf1a0cfee17b050a19bea7daf" kindref="member">AppendLogFile</ref>(<ref refid="class_t_m_sw_pages_1_1_t_m_s_log" kindref="compound">TMSLog</ref><sp/>newLog)</highlight></codeline>
<codeline lineno="164"><highlight class="normal"><sp/><sp/><sp/><sp/><sp/><sp/><sp/><sp/>{</highlight></codeline>
<codeline lineno="165"><highlight class="normal"><sp/><sp/><sp/><sp/><sp/><sp/><sp/><sp/><sp/><sp/><sp/><sp/></highlight><highlight class="keywordtype">bool</highlight><highlight class="normal"><sp/>appendSuccess<sp/>=<sp/></highlight><highlight class="keyword">true</highlight><highlight class="normal">;</highlight></codeline>
<codeline lineno="166"><highlight class="normal"><sp/><sp/><sp/><sp/><sp/><sp/><sp/><sp/><sp/><sp/><sp/><sp/><ref refid="class_t_m_sw_pages_1_1_t_m_s_logger_1abd17098cd11371b489a998544f09ac74" kindref="member">LoggerPath</ref><sp/>=<sp/>Environment.CurrentDirectory;</highlight></codeline>
<codeline lineno="167"><highlight class="normal"></highlight></codeline>
<codeline lineno="168"><highlight class="normal"><sp/><sp/><sp/><sp/><sp/><sp/><sp/><sp/><sp/><sp/><sp/><sp/></highlight><highlight class="keywordflow">try</highlight><highlight class="normal"></highlight></codeline>
<codeline lineno="169"><highlight class="normal"><sp/><sp/><sp/><sp/><sp/><sp/><sp/><sp/><sp/><sp/><sp/><sp/>{</highlight></codeline>
<codeline lineno="171"><highlight class="normal"><sp/><sp/><sp/><sp/><sp/><sp/><sp/><sp/><sp/><sp/><sp/><sp/><sp/><sp/><sp/><sp/>FileStream<sp/>fileStream<sp/>=<sp/></highlight><highlight class="keyword">new</highlight><highlight class="normal"><sp/>FileStream((<ref refid="class_t_m_sw_pages_1_1_t_m_s_logger_1abd17098cd11371b489a998544f09ac74" kindref="member">LoggerPath</ref><sp/>+<sp/></highlight><highlight class="stringliteral">&quot;/TMSLogger.txt&quot;</highlight><highlight class="normal">),<sp/>FileMode.Append,<sp/>FileAccess.Write);</highlight></codeline>
<codeline lineno="172"><highlight class="normal"><sp/><sp/><sp/><sp/><sp/><sp/><sp/><sp/><sp/><sp/><sp/><sp/><sp/><sp/><sp/><sp/>StreamWriter<sp/>fileWriter<sp/>=<sp/></highlight><highlight class="keyword">new</highlight><highlight class="normal"><sp/>StreamWriter(fileStream);</highlight></codeline>
<codeline lineno="173"><highlight class="normal"></highlight></codeline>
<codeline lineno="175"><highlight class="normal"><sp/><sp/><sp/><sp/><sp/><sp/><sp/><sp/><sp/><sp/><sp/><sp/><sp/><sp/><sp/><sp/>fileWriter.WriteLine(newLog.<ref refid="class_t_m_sw_pages_1_1_t_m_s_log_1ad019d775d3aa5dab214b38e2c7649d9e" kindref="member">BSV</ref>);</highlight></codeline>
<codeline lineno="176"><highlight class="normal"><sp/><sp/><sp/><sp/><sp/><sp/><sp/><sp/><sp/><sp/><sp/><sp/><sp/><sp/><sp/><sp/>fileWriter.Flush();</highlight></codeline>
<codeline lineno="177"><highlight class="normal"></highlight></codeline>
<codeline lineno="179"><highlight class="normal"><sp/><sp/><sp/><sp/><sp/><sp/><sp/><sp/><sp/><sp/><sp/><sp/><sp/><sp/><sp/><sp/>fileWriter.Close();<sp/>fileStream.Close();</highlight></codeline>
<codeline lineno="180"><highlight class="normal"><sp/><sp/><sp/><sp/><sp/><sp/><sp/><sp/><sp/><sp/><sp/><sp/>}</highlight></codeline>
<codeline lineno="182"><highlight class="normal"><sp/><sp/><sp/><sp/><sp/><sp/><sp/><sp/><sp/><sp/><sp/><sp/></highlight><highlight class="keywordflow">catch</highlight><highlight class="normal"><sp/>(Exception<sp/>e)</highlight></codeline>
<codeline lineno="183"><highlight class="normal"><sp/><sp/><sp/><sp/><sp/><sp/><sp/><sp/><sp/><sp/><sp/><sp/>{</highlight></codeline>
<codeline lineno="185"><highlight class="normal"><sp/><sp/><sp/><sp/><sp/><sp/><sp/><sp/><sp/><sp/><sp/><sp/><sp/><sp/><sp/><sp/><ref refid="class_t_m_sw_pages_1_1_t_m_s_logger_1ae3fc46f0a10cbcbe582f57f0ea75cc8d" kindref="member">LogIt</ref>(</highlight><highlight class="stringliteral">&quot;|&quot;</highlight><highlight class="normal"><sp/>+<sp/><ref refid="class_t_m_sw_pages_1_1_t_m_s_logger_1abd17098cd11371b489a998544f09ac74" kindref="member">LoggerPath</ref><sp/>+<sp/></highlight><highlight class="stringliteral">&quot;/AdminClasses.cs&quot;</highlight><highlight class="normal"><sp/>+<sp/></highlight><highlight class="stringliteral">&quot;|&quot;</highlight><highlight class="normal"><sp/>+<sp/></highlight><highlight class="stringliteral">&quot;TMSLogger&quot;</highlight><highlight class="normal"><sp/>+<sp/></highlight><highlight class="stringliteral">&quot;|&quot;</highlight><highlight class="normal"><sp/>+<sp/></highlight><highlight class="stringliteral">&quot;AppendLogFile&quot;</highlight><highlight class="normal"><sp/>+<sp/></highlight><highlight class="stringliteral">&quot;|&quot;</highlight><highlight class="normal"><sp/>+<sp/></highlight><highlight class="stringliteral">&quot;Exception&quot;</highlight><highlight class="normal"><sp/>+<sp/></highlight><highlight class="stringliteral">&quot;|&quot;</highlight><highlight class="normal"><sp/>+<sp/>e.Message<sp/>+<sp/></highlight><highlight class="stringliteral">&quot;|&quot;</highlight><highlight class="normal">);</highlight></codeline>
<codeline lineno="186"><highlight class="normal"><sp/><sp/><sp/><sp/><sp/><sp/><sp/><sp/><sp/><sp/><sp/><sp/><sp/><sp/><sp/><sp/>appendSuccess<sp/>=<sp/></highlight><highlight class="keyword">false</highlight><highlight class="normal">;</highlight></codeline>
<codeline lineno="187"><highlight class="normal"><sp/><sp/><sp/><sp/><sp/><sp/><sp/><sp/><sp/><sp/><sp/><sp/>}</highlight></codeline>
<codeline lineno="188"><highlight class="normal"></highlight></codeline>
<codeline lineno="189"><highlight class="normal"><sp/><sp/><sp/><sp/><sp/><sp/><sp/><sp/><sp/><sp/><sp/><sp/></highlight><highlight class="keywordflow">return</highlight><highlight class="normal"><sp/>appendSuccess;</highlight></codeline>
<codeline lineno="190"><highlight class="normal"></highlight></codeline>
<codeline lineno="191"><highlight class="normal"><sp/><sp/><sp/><sp/><sp/><sp/><sp/><sp/>}</highlight></codeline>
<codeline lineno="192"><highlight class="normal"></highlight></codeline>
<codeline lineno="193"><highlight class="normal"><sp/><sp/><sp/><sp/><sp/><sp/><sp/><sp/></highlight><highlight class="comment">//<sp/>METHOD<sp/>HEADER<sp/>COMMENT<sp/>-------------------------------------------------------------------------------</highlight></codeline>
<codeline lineno="205"><highlight class="comment"></highlight><highlight class="normal"><sp/><sp/><sp/><sp/><sp/><sp/><sp/><sp/></highlight><highlight class="keyword">static</highlight><highlight class="normal"><sp/></highlight><highlight class="keywordtype">void</highlight><highlight class="normal"><sp/><ref refid="class_t_m_sw_pages_1_1_t_m_s_logger_1a3feb70f75cd69696b3355f6deac9cb32" kindref="member">ChangeLogLocation</ref>()</highlight></codeline>
<codeline lineno="206"><highlight class="normal"><sp/><sp/><sp/><sp/><sp/><sp/><sp/><sp/>{</highlight></codeline>
<codeline lineno="207"><highlight class="normal"><sp/><sp/><sp/><sp/><sp/><sp/><sp/><sp/><sp/><sp/><sp/><sp/></highlight><highlight class="keywordtype">string</highlight><highlight class="normal"><sp/>newLoggerPath<sp/>=<sp/></highlight><highlight class="stringliteral">&quot;&quot;</highlight><highlight class="normal">;</highlight></codeline>
<codeline lineno="208"><highlight class="normal"><sp/><sp/><sp/><sp/><sp/><sp/><sp/><sp/><sp/><sp/><sp/><sp/></highlight><highlight class="comment">/*<sp/>Select<sp/>a<sp/>new<sp/>location<sp/>from<sp/>the<sp/>popup<sp/>box</highlight></codeline>
<codeline lineno="209"><highlight class="comment"><sp/><sp/><sp/><sp/><sp/><sp/><sp/><sp/><sp/><sp/><sp/><sp/>private<sp/>void<sp/>SaveAs_Click(object<sp/>sender,<sp/>RoutedEventArgs<sp/>e)</highlight></codeline>
<codeline lineno="210"><highlight class="comment"><sp/><sp/><sp/><sp/><sp/><sp/><sp/><sp/><sp/><sp/><sp/><sp/>{</highlight></codeline>
<codeline lineno="211"><highlight class="comment"><sp/><sp/><sp/><sp/><sp/><sp/><sp/><sp/><sp/><sp/><sp/><sp/><sp/><sp/><sp/><sp/>//<sp/>View<sp/>Save<sp/>As<sp/>File<sp/>Dialog</highlight></codeline>
<codeline lineno="212"><highlight class="comment"><sp/><sp/><sp/><sp/><sp/><sp/><sp/><sp/><sp/><sp/><sp/><sp/><sp/><sp/><sp/><sp/>SaveFileDialog<sp/>saveFileDialog<sp/>=<sp/>new<sp/>SaveFileDialog();</highlight></codeline>
<codeline lineno="213"><highlight class="comment"><sp/><sp/><sp/><sp/><sp/><sp/><sp/><sp/><sp/><sp/><sp/><sp/><sp/><sp/><sp/><sp/>saveFileDialog.Filter<sp/>=<sp/>&quot;Rich<sp/>Text<sp/>Format<sp/>(*.rtf)|*.rtf|All<sp/>files<sp/>(*.*)|*.*&quot;;</highlight></codeline>
<codeline lineno="214"><highlight class="comment"></highlight></codeline>
<codeline lineno="215"><highlight class="comment"><sp/><sp/><sp/><sp/><sp/><sp/><sp/><sp/><sp/><sp/><sp/><sp/><sp/><sp/><sp/><sp/>//<sp/>Set<sp/>a<sp/>text<sp/>range<sp/>using<sp/>the<sp/>textbox<sp/>name</highlight></codeline>
<codeline lineno="216"><highlight class="comment"><sp/><sp/><sp/><sp/><sp/><sp/><sp/><sp/><sp/><sp/><sp/><sp/><sp/><sp/><sp/><sp/>TextRange<sp/>textRange<sp/>=<sp/>new<sp/>TextRange(myTextbox.Document.ContentStart,<sp/>myTextbox.Document.ContentEnd);</highlight></codeline>
<codeline lineno="217"><highlight class="comment"></highlight></codeline>
<codeline lineno="218"><highlight class="comment"><sp/><sp/><sp/><sp/><sp/><sp/><sp/><sp/><sp/><sp/><sp/><sp/><sp/><sp/><sp/><sp/>if<sp/>(saveFileDialog.ShowDialog()<sp/>==<sp/>true)</highlight></codeline>
<codeline lineno="219"><highlight class="comment"><sp/><sp/><sp/><sp/><sp/><sp/><sp/><sp/><sp/><sp/><sp/><sp/><sp/><sp/><sp/><sp/>{</highlight></codeline>
<codeline lineno="220"><highlight class="comment"><sp/><sp/><sp/><sp/><sp/><sp/><sp/><sp/><sp/><sp/><sp/><sp/><sp/><sp/><sp/><sp/><sp/><sp/><sp/><sp/>//<sp/>Save<sp/>work<sp/>area<sp/>to<sp/>chosen<sp/>file</highlight></codeline>
<codeline lineno="221"><highlight class="comment"><sp/><sp/><sp/><sp/><sp/><sp/><sp/><sp/><sp/><sp/><sp/><sp/><sp/><sp/><sp/><sp/><sp/><sp/><sp/><sp/>FileStream<sp/>fileStream<sp/>=<sp/>new<sp/>FileStream(saveFileDialog.FileName,<sp/>FileMode.Create);</highlight></codeline>
<codeline lineno="222"><highlight class="comment"><sp/><sp/><sp/><sp/><sp/><sp/><sp/><sp/><sp/><sp/><sp/><sp/><sp/><sp/><sp/><sp/><sp/><sp/><sp/><sp/>textRange.Save(fileStream,<sp/>DataFormats.Rtf);</highlight></codeline>
<codeline lineno="223"><highlight class="comment"></highlight></codeline>
<codeline lineno="224"><highlight class="comment"><sp/><sp/><sp/><sp/><sp/><sp/><sp/><sp/><sp/><sp/><sp/><sp/><sp/><sp/><sp/><sp/><sp/><sp/><sp/><sp/>//<sp/>Set<sp/>unsaved<sp/>flag<sp/>to<sp/>false</highlight></codeline>
<codeline lineno="225"><highlight class="comment"><sp/><sp/><sp/><sp/><sp/><sp/><sp/><sp/><sp/><sp/><sp/><sp/><sp/><sp/><sp/><sp/><sp/><sp/><sp/><sp/>unsavedText<sp/>=<sp/>false;</highlight></codeline>
<codeline lineno="226"><highlight class="comment"></highlight></codeline>
<codeline lineno="227"><highlight class="comment"><sp/><sp/><sp/><sp/><sp/><sp/><sp/><sp/><sp/><sp/><sp/><sp/><sp/><sp/><sp/><sp/>}</highlight></codeline>
<codeline lineno="228"><highlight class="comment"><sp/><sp/><sp/><sp/><sp/><sp/><sp/><sp/><sp/><sp/><sp/><sp/>}<sp/>*/</highlight><highlight class="normal"></highlight></codeline>
<codeline lineno="229"><highlight class="normal"></highlight></codeline>
<codeline lineno="230"><highlight class="normal"><sp/><sp/><sp/><sp/><sp/><sp/><sp/><sp/><sp/><sp/><sp/><sp/></highlight><highlight class="comment">//string<sp/>nLoggerPath<sp/>=<sp/>&quot;&quot;;</highlight><highlight class="normal"></highlight></codeline>
<codeline lineno="231"><highlight class="normal"><sp/><sp/><sp/><sp/><sp/><sp/><sp/><sp/><sp/><sp/><sp/><sp/></highlight><highlight class="comment">//<sp/>Copy<sp/>over<sp/>log<sp/>from<sp/>old<sp/>location<sp/>to<sp/>new<sp/>one</highlight><highlight class="normal"></highlight></codeline>
<codeline lineno="232"><highlight class="normal"><sp/><sp/><sp/><sp/><sp/><sp/><sp/><sp/><sp/><sp/><sp/><sp/></highlight><highlight class="comment">//<sp/>If<sp/>successful,<sp/>inform<sp/>user,<sp/>delete<sp/>old<sp/>log</highlight><highlight class="normal"></highlight></codeline>
<codeline lineno="233"><highlight class="normal"><sp/><sp/><sp/><sp/><sp/><sp/><sp/><sp/><sp/><sp/><sp/><sp/></highlight><highlight class="comment">//<sp/>If<sp/>failed,<sp/>inform<sp/>user,<sp/>keep<sp/>old<sp/>log</highlight><highlight class="normal"></highlight></codeline>
<codeline lineno="234"><highlight class="normal"></highlight></codeline>
<codeline lineno="235"><highlight class="normal"><sp/><sp/><sp/><sp/><sp/><sp/><sp/><sp/>}</highlight></codeline>
<codeline lineno="236"><highlight class="normal"></highlight></codeline>
<codeline lineno="237"><highlight class="normal"><sp/><sp/><sp/><sp/>}</highlight></codeline>
<codeline lineno="238"><highlight class="normal"></highlight></codeline>
<codeline lineno="239"><highlight class="normal"><sp/><sp/><sp/><sp/></highlight><highlight class="comment">//<sp/>CLASS<sp/>HEADER<sp/>COMMENT<sp/>-----------------------------------------------------------------------------------</highlight></codeline>
<codeline lineno="246" refid="class_t_m_sw_pages_1_1_t_m_s_log" refkind="compound"><highlight class="comment"></highlight><highlight class="normal"><sp/><sp/><sp/><sp/></highlight><highlight class="keyword">public</highlight><highlight class="normal"><sp/></highlight><highlight class="keyword">class<sp/></highlight><highlight class="normal"><ref refid="class_t_m_sw_pages_1_1_t_m_s_log" kindref="compound">TMSLog</ref></highlight></codeline>
<codeline lineno="247"><highlight class="normal"><sp/><sp/><sp/><sp/>{</highlight></codeline>
<codeline lineno="249"><highlight class="normal"><sp/><sp/><sp/><sp/><sp/><sp/><sp/><sp/></highlight><highlight class="keyword">public</highlight><highlight class="normal"><sp/></highlight><highlight class="keywordtype">string</highlight><highlight class="normal"><sp/><ref refid="class_t_m_sw_pages_1_1_t_m_s_log_1a73ddb0bd8fd9f180a64cf9bd60cbdcbc" kindref="member">logPath</ref><sp/>{<sp/></highlight><highlight class="keyword">set</highlight><highlight class="normal">;<sp/></highlight><highlight class="keyword">get</highlight><highlight class="normal">;<sp/>}</highlight></codeline>
<codeline lineno="250"><highlight class="normal"><sp/><sp/><sp/><sp/><sp/><sp/><sp/><sp/></highlight><highlight class="keyword">public</highlight><highlight class="normal"><sp/></highlight><highlight class="keywordtype">string</highlight><highlight class="normal"><sp/><ref refid="class_t_m_sw_pages_1_1_t_m_s_log_1a75eef8a95a889fbdaa91108eb36616f8" kindref="member">logClass</ref><sp/>{<sp/></highlight><highlight class="keyword">set</highlight><highlight class="normal">;<sp/></highlight><highlight class="keyword">get</highlight><highlight class="normal">;<sp/>}</highlight></codeline>
<codeline lineno="251"><highlight class="normal"><sp/><sp/><sp/><sp/><sp/><sp/><sp/><sp/></highlight><highlight class="keyword">public</highlight><highlight class="normal"><sp/></highlight><highlight class="keywordtype">string</highlight><highlight class="normal"><sp/><ref refid="class_t_m_sw_pages_1_1_t_m_s_log_1a4737e680e5065cca97a9126366f6c45b" kindref="member">logMethod</ref><sp/>{<sp/></highlight><highlight class="keyword">set</highlight><highlight class="normal">;<sp/></highlight><highlight class="keyword">get</highlight><highlight class="normal">;<sp/>}</highlight></codeline>
<codeline lineno="252"><highlight class="normal"><sp/><sp/><sp/><sp/><sp/><sp/><sp/><sp/></highlight><highlight class="keyword">public</highlight><highlight class="normal"><sp/></highlight><highlight class="keywordtype">string</highlight><highlight class="normal"><sp/><ref refid="class_t_m_sw_pages_1_1_t_m_s_log_1a96c4b0ad4d89080acfea990ded895990" kindref="member">logType</ref><sp/>{<sp/></highlight><highlight class="keyword">set</highlight><highlight class="normal">;<sp/></highlight><highlight class="keyword">get</highlight><highlight class="normal">;<sp/>}</highlight></codeline>
<codeline lineno="253"><highlight class="normal"><sp/><sp/><sp/><sp/><sp/><sp/><sp/><sp/></highlight><highlight class="keyword">public</highlight><highlight class="normal"><sp/></highlight><highlight class="keywordtype">string</highlight><highlight class="normal"><sp/><ref refid="class_t_m_sw_pages_1_1_t_m_s_log_1a8c2f5627d9867c65b384fcb9c112e870" kindref="member">logMessage</ref><sp/>{<sp/></highlight><highlight class="keyword">set</highlight><highlight class="normal">;<sp/></highlight><highlight class="keyword">get</highlight><highlight class="normal">;<sp/>}</highlight></codeline>
<codeline lineno="254"><highlight class="normal"><sp/><sp/><sp/><sp/><sp/><sp/><sp/><sp/></highlight><highlight class="keyword">public</highlight><highlight class="normal"><sp/></highlight><highlight class="keywordtype">string</highlight><highlight class="normal"><sp/><ref refid="class_t_m_sw_pages_1_1_t_m_s_log_1ad019d775d3aa5dab214b38e2c7649d9e" kindref="member">BSV</ref><sp/>{<sp/></highlight><highlight class="keyword">set</highlight><highlight class="normal">;<sp/></highlight><highlight class="keyword">get</highlight><highlight class="normal">;<sp/>}<sp/><sp/><sp/><sp/><sp/><sp/><sp/><sp/><sp/><sp/><sp/><sp/><sp/><sp/><sp/><sp/><sp/><sp/><sp/><sp/><sp/></highlight></codeline>
<codeline lineno="255"><highlight class="normal"><sp/><sp/><sp/><sp/><sp/><sp/><sp/><sp/></highlight><highlight class="keyword">public</highlight><highlight class="normal"><sp/>DateTime<sp/><ref refid="class_t_m_sw_pages_1_1_t_m_s_log_1a5915525c995d3de3adbffb989fd5d57c" kindref="member">logTime</ref><sp/>{<sp/></highlight><highlight class="keyword">set</highlight><highlight class="normal">;<sp/></highlight><highlight class="keyword">get</highlight><highlight class="normal">;<sp/>}</highlight></codeline>
<codeline lineno="256"><highlight class="normal"></highlight></codeline>
<codeline lineno="257"><highlight class="normal"><sp/><sp/><sp/><sp/><sp/><sp/><sp/><sp/></highlight><highlight class="comment">//<sp/>METHOD<sp/>HEADER<sp/>COMMENT<sp/>-------------------------------------------------------------------------------</highlight></codeline>
<codeline lineno="269"><highlight class="comment"></highlight><highlight class="normal"><sp/><sp/><sp/><sp/><sp/><sp/><sp/><sp/></highlight><highlight class="keyword">public</highlight><highlight class="normal"><sp/><ref refid="class_t_m_sw_pages_1_1_t_m_s_log_1a39979ea10bff721dbe7a2cd291e2a425" kindref="member">TMSLog</ref>(</highlight><highlight class="keywordtype">string</highlight><highlight class="normal"><sp/>nUnparsed)</highlight></codeline>
<codeline lineno="270"><highlight class="normal"><sp/><sp/><sp/><sp/><sp/><sp/><sp/><sp/>{</highlight></codeline>
<codeline lineno="272"><highlight class="normal"><sp/><sp/><sp/><sp/><sp/><sp/><sp/><sp/><sp/><sp/><sp/><sp/></highlight><highlight class="keywordflow">if</highlight><highlight class="normal"><sp/>((Regex.Matches(nUnparsed,<sp/></highlight><highlight class="stringliteral">&quot;\\|&quot;</highlight><highlight class="normal">).Count)<sp/>==<sp/>6)</highlight></codeline>
<codeline lineno="273"><highlight class="normal"><sp/><sp/><sp/><sp/><sp/><sp/><sp/><sp/><sp/><sp/><sp/><sp/>{</highlight></codeline>
<codeline lineno="274"><highlight class="normal"><sp/><sp/><sp/><sp/><sp/><sp/><sp/><sp/><sp/><sp/><sp/><sp/><sp/><sp/><sp/><sp/></highlight><highlight class="keywordtype">string</highlight><highlight class="normal">[]<sp/>temp<sp/>=<sp/>nUnparsed.Split(</highlight><highlight class="charliteral">&apos;|&apos;</highlight><highlight class="normal">);</highlight></codeline>
<codeline lineno="275"><highlight class="normal"><sp/><sp/><sp/><sp/><sp/><sp/><sp/><sp/><sp/><sp/><sp/><sp/><sp/><sp/><sp/><sp/><ref refid="class_t_m_sw_pages_1_1_t_m_s_log_1a73ddb0bd8fd9f180a64cf9bd60cbdcbc" kindref="member">logPath</ref><sp/>=<sp/>temp[1];</highlight></codeline>
<codeline lineno="276"><highlight class="normal"><sp/><sp/><sp/><sp/><sp/><sp/><sp/><sp/><sp/><sp/><sp/><sp/><sp/><sp/><sp/><sp/><ref refid="class_t_m_sw_pages_1_1_t_m_s_log_1a75eef8a95a889fbdaa91108eb36616f8" kindref="member">logClass</ref><sp/>=<sp/>temp[2];</highlight></codeline>
<codeline lineno="277"><highlight class="normal"><sp/><sp/><sp/><sp/><sp/><sp/><sp/><sp/><sp/><sp/><sp/><sp/><sp/><sp/><sp/><sp/><ref refid="class_t_m_sw_pages_1_1_t_m_s_log_1a4737e680e5065cca97a9126366f6c45b" kindref="member">logMethod</ref><sp/>=<sp/>temp[3];</highlight></codeline>
<codeline lineno="278"><highlight class="normal"><sp/><sp/><sp/><sp/><sp/><sp/><sp/><sp/><sp/><sp/><sp/><sp/><sp/><sp/><sp/><sp/><ref refid="class_t_m_sw_pages_1_1_t_m_s_log_1a96c4b0ad4d89080acfea990ded895990" kindref="member">logType</ref><sp/>=<sp/>temp[4];</highlight></codeline>
<codeline lineno="279"><highlight class="normal"><sp/><sp/><sp/><sp/><sp/><sp/><sp/><sp/><sp/><sp/><sp/><sp/><sp/><sp/><sp/><sp/><ref refid="class_t_m_sw_pages_1_1_t_m_s_log_1a8c2f5627d9867c65b384fcb9c112e870" kindref="member">logMessage</ref><sp/>=<sp/>temp[5];</highlight></codeline>
<codeline lineno="280"><highlight class="normal"><sp/><sp/><sp/><sp/><sp/><sp/><sp/><sp/><sp/><sp/><sp/><sp/><sp/><sp/><sp/><sp/><ref refid="class_t_m_sw_pages_1_1_t_m_s_log_1a5915525c995d3de3adbffb989fd5d57c" kindref="member">logTime</ref><sp/>=<sp/>DateTime.UtcNow;</highlight></codeline>
<codeline lineno="281"><highlight class="normal"><sp/><sp/><sp/><sp/><sp/><sp/><sp/><sp/><sp/><sp/><sp/><sp/>}</highlight></codeline>
<codeline lineno="283"><highlight class="normal"><sp/><sp/><sp/><sp/><sp/><sp/><sp/><sp/><sp/><sp/><sp/><sp/></highlight><highlight class="keywordflow">else</highlight><highlight class="normal"><sp/></highlight><highlight class="keywordflow">if</highlight><highlight class="normal"><sp/>((Regex.Matches(nUnparsed,<sp/></highlight><highlight class="stringliteral">&quot;\\|&quot;</highlight><highlight class="normal">).Count)<sp/>==<sp/>7)</highlight></codeline>
<codeline lineno="284"><highlight class="normal"><sp/><sp/><sp/><sp/><sp/><sp/><sp/><sp/><sp/><sp/><sp/><sp/>{</highlight></codeline>
<codeline lineno="285"><highlight class="normal"><sp/><sp/><sp/><sp/><sp/><sp/><sp/><sp/><sp/><sp/><sp/><sp/><sp/><sp/><sp/><sp/></highlight><highlight class="keywordtype">string</highlight><highlight class="normal">[]<sp/>temp<sp/>=<sp/>nUnparsed.Split(</highlight><highlight class="charliteral">&apos;|&apos;</highlight><highlight class="normal">);</highlight></codeline>
<codeline lineno="286"><highlight class="normal"><sp/><sp/><sp/><sp/><sp/><sp/><sp/><sp/><sp/><sp/><sp/><sp/><sp/><sp/><sp/><sp/><ref refid="class_t_m_sw_pages_1_1_t_m_s_log_1a5915525c995d3de3adbffb989fd5d57c" kindref="member">logTime</ref><sp/>=<sp/>DateTime.Parse(temp[1]);</highlight></codeline>
<codeline lineno="287"><highlight class="normal"><sp/><sp/><sp/><sp/><sp/><sp/><sp/><sp/><sp/><sp/><sp/><sp/><sp/><sp/><sp/><sp/><ref refid="class_t_m_sw_pages_1_1_t_m_s_log_1a73ddb0bd8fd9f180a64cf9bd60cbdcbc" kindref="member">logPath</ref><sp/>=<sp/>temp[2];</highlight></codeline>
<codeline lineno="288"><highlight class="normal"><sp/><sp/><sp/><sp/><sp/><sp/><sp/><sp/><sp/><sp/><sp/><sp/><sp/><sp/><sp/><sp/><ref refid="class_t_m_sw_pages_1_1_t_m_s_log_1a75eef8a95a889fbdaa91108eb36616f8" kindref="member">logClass</ref><sp/>=<sp/>temp[3];</highlight></codeline>
<codeline lineno="289"><highlight class="normal"><sp/><sp/><sp/><sp/><sp/><sp/><sp/><sp/><sp/><sp/><sp/><sp/><sp/><sp/><sp/><sp/><ref refid="class_t_m_sw_pages_1_1_t_m_s_log_1a4737e680e5065cca97a9126366f6c45b" kindref="member">logMethod</ref><sp/>=<sp/>temp[4];</highlight></codeline>
<codeline lineno="290"><highlight class="normal"><sp/><sp/><sp/><sp/><sp/><sp/><sp/><sp/><sp/><sp/><sp/><sp/><sp/><sp/><sp/><sp/><ref refid="class_t_m_sw_pages_1_1_t_m_s_log_1a96c4b0ad4d89080acfea990ded895990" kindref="member">logType</ref><sp/>=<sp/>temp[5];</highlight></codeline>
<codeline lineno="291"><highlight class="normal"><sp/><sp/><sp/><sp/><sp/><sp/><sp/><sp/><sp/><sp/><sp/><sp/><sp/><sp/><sp/><sp/><ref refid="class_t_m_sw_pages_1_1_t_m_s_log_1a8c2f5627d9867c65b384fcb9c112e870" kindref="member">logMessage</ref><sp/>=<sp/>temp[6];</highlight></codeline>
<codeline lineno="292"><highlight class="normal"><sp/><sp/><sp/><sp/><sp/><sp/><sp/><sp/><sp/><sp/><sp/><sp/>}</highlight></codeline>
<codeline lineno="294"><highlight class="normal"><sp/><sp/><sp/><sp/><sp/><sp/><sp/><sp/><sp/><sp/><sp/><sp/></highlight><highlight class="keywordflow">else</highlight><highlight class="normal"></highlight></codeline>
<codeline lineno="295"><highlight class="normal"><sp/><sp/><sp/><sp/><sp/><sp/><sp/><sp/><sp/><sp/><sp/><sp/>{</highlight></codeline>
<codeline lineno="296"><highlight class="normal"><sp/><sp/><sp/><sp/><sp/><sp/><sp/><sp/><sp/><sp/><sp/><sp/><sp/><sp/><sp/><sp/><ref refid="class_t_m_sw_pages_1_1_t_m_s_log_1a73ddb0bd8fd9f180a64cf9bd60cbdcbc" kindref="member">logPath</ref><sp/>=<sp/></highlight><highlight class="stringliteral">&quot;AdminClasses.cs&quot;</highlight><highlight class="normal">;</highlight></codeline>
<codeline lineno="297"><highlight class="normal"><sp/><sp/><sp/><sp/><sp/><sp/><sp/><sp/><sp/><sp/><sp/><sp/><sp/><sp/><sp/><sp/><ref refid="class_t_m_sw_pages_1_1_t_m_s_log_1a75eef8a95a889fbdaa91108eb36616f8" kindref="member">logClass</ref><sp/>=<sp/></highlight><highlight class="stringliteral">&quot;TMSLog&quot;</highlight><highlight class="normal">;</highlight></codeline>
<codeline lineno="298"><highlight class="normal"><sp/><sp/><sp/><sp/><sp/><sp/><sp/><sp/><sp/><sp/><sp/><sp/><sp/><sp/><sp/><sp/><ref refid="class_t_m_sw_pages_1_1_t_m_s_log_1a4737e680e5065cca97a9126366f6c45b" kindref="member">logMethod</ref><sp/>=<sp/></highlight><highlight class="stringliteral">&quot;Constructor&quot;</highlight><highlight class="normal">;</highlight></codeline>
<codeline lineno="299"><highlight class="normal"><sp/><sp/><sp/><sp/><sp/><sp/><sp/><sp/><sp/><sp/><sp/><sp/><sp/><sp/><sp/><sp/><ref refid="class_t_m_sw_pages_1_1_t_m_s_log_1a96c4b0ad4d89080acfea990ded895990" kindref="member">logType</ref><sp/>=<sp/></highlight><highlight class="stringliteral">&quot;LogParseError&quot;</highlight><highlight class="normal">;</highlight></codeline>
<codeline lineno="300"><highlight class="normal"><sp/><sp/><sp/><sp/><sp/><sp/><sp/><sp/><sp/><sp/><sp/><sp/><sp/><sp/><sp/><sp/><ref refid="class_t_m_sw_pages_1_1_t_m_s_log_1a8c2f5627d9867c65b384fcb9c112e870" kindref="member">logMessage</ref><sp/>=<sp/></highlight><highlight class="stringliteral">&quot;The<sp/>log<sp/>message<sp/>did<sp/>not<sp/>enter<sp/>as<sp/>the<sp/>correct<sp/>string<sp/>format&quot;</highlight><highlight class="normal">;</highlight></codeline>
<codeline lineno="301"><highlight class="normal"><sp/><sp/><sp/><sp/><sp/><sp/><sp/><sp/><sp/><sp/><sp/><sp/><sp/><sp/><sp/><sp/><ref refid="class_t_m_sw_pages_1_1_t_m_s_log_1a5915525c995d3de3adbffb989fd5d57c" kindref="member">logTime</ref><sp/>=<sp/>DateTime.UtcNow;</highlight></codeline>
<codeline lineno="302"><highlight class="normal"><sp/><sp/><sp/><sp/><sp/><sp/><sp/><sp/><sp/><sp/><sp/><sp/><sp/><sp/><sp/><sp/>nUnparsed<sp/>=<sp/></highlight><highlight class="stringliteral">&quot;|&quot;</highlight><highlight class="normal"><sp/>+<sp/><ref refid="class_t_m_sw_pages_1_1_t_m_s_log_1a73ddb0bd8fd9f180a64cf9bd60cbdcbc" kindref="member">logPath</ref><sp/>+<sp/></highlight><highlight class="stringliteral">&quot;|&quot;</highlight><highlight class="normal"><sp/>+<sp/><ref refid="class_t_m_sw_pages_1_1_t_m_s_log_1a75eef8a95a889fbdaa91108eb36616f8" kindref="member">logClass</ref><sp/>+<sp/></highlight><highlight class="stringliteral">&quot;|&quot;</highlight><highlight class="normal"><sp/>+<sp/><ref refid="class_t_m_sw_pages_1_1_t_m_s_log_1a4737e680e5065cca97a9126366f6c45b" kindref="member">logMethod</ref><sp/>+<sp/></highlight><highlight class="stringliteral">&quot;|&quot;</highlight><highlight class="normal"><sp/>+<sp/><ref refid="class_t_m_sw_pages_1_1_t_m_s_log_1a96c4b0ad4d89080acfea990ded895990" kindref="member">logType</ref><sp/>+<sp/></highlight><highlight class="stringliteral">&quot;|&quot;</highlight><highlight class="normal"><sp/>+<sp/><ref refid="class_t_m_sw_pages_1_1_t_m_s_log_1a8c2f5627d9867c65b384fcb9c112e870" kindref="member">logMessage</ref><sp/>+<sp/></highlight><highlight class="stringliteral">&quot;|&quot;</highlight><highlight class="normal">;</highlight></codeline>
<codeline lineno="303"><highlight class="normal"><sp/><sp/><sp/><sp/><sp/><sp/><sp/><sp/><sp/><sp/><sp/><sp/>}</highlight></codeline>
<codeline lineno="304"><highlight class="normal"></highlight></codeline>
<codeline lineno="305"><highlight class="normal"><sp/><sp/><sp/><sp/><sp/><sp/><sp/><sp/><sp/><sp/><sp/><sp/><ref refid="class_t_m_sw_pages_1_1_t_m_s_log_1ad019d775d3aa5dab214b38e2c7649d9e" kindref="member">BSV</ref><sp/>=<sp/></highlight><highlight class="stringliteral">&quot;|&quot;</highlight><highlight class="normal"><sp/>+<sp/><ref refid="class_t_m_sw_pages_1_1_t_m_s_log_1a5915525c995d3de3adbffb989fd5d57c" kindref="member">logTime</ref><sp/>+<sp/>nUnparsed;</highlight></codeline>
<codeline lineno="306"><highlight class="normal"><sp/><sp/><sp/><sp/><sp/><sp/><sp/><sp/>}</highlight></codeline>
<codeline lineno="307"><highlight class="normal"></highlight></codeline>
<codeline lineno="308"><highlight class="normal"><sp/><sp/><sp/><sp/>}</highlight></codeline>
<codeline lineno="309"><highlight class="normal"></highlight></codeline>
<codeline lineno="310"><highlight class="normal"><sp/><sp/><sp/><sp/></highlight><highlight class="comment">//<sp/>CLASS<sp/>HEADER<sp/>COMMENT<sp/>-----------------------------------------------------------------------------------</highlight></codeline>
<codeline lineno="318" refid="class_t_m_sw_pages_1_1_backup_t_m_s" refkind="compound"><highlight class="comment"></highlight><highlight class="normal"><sp/><sp/><sp/><sp/></highlight><highlight class="keyword">class<sp/></highlight><highlight class="normal"><ref refid="class_t_m_sw_pages_1_1_backup_t_m_s" kindref="compound">BackupTMS</ref></highlight></codeline>
<codeline lineno="319"><highlight class="normal"><sp/><sp/><sp/><sp/>{</highlight></codeline>
<codeline lineno="320"><highlight class="normal"><sp/><sp/><sp/><sp/><sp/><sp/><sp/><sp/></highlight><highlight class="comment">//<sp/>Read<sp/>store<sp/>location</highlight><highlight class="normal"></highlight></codeline>
<codeline lineno="321"><highlight class="normal"><sp/><sp/><sp/><sp/><sp/><sp/><sp/><sp/></highlight><highlight class="comment">//<sp/>Choose<sp/>new<sp/>store<sp/>location</highlight><highlight class="normal"></highlight></codeline>
<codeline lineno="322"><highlight class="normal"><sp/><sp/><sp/><sp/><sp/><sp/><sp/><sp/></highlight><highlight class="comment">//<sp/>Copy<sp/>files<sp/>from<sp/>old<sp/>location<sp/>to<sp/>new<sp/>location</highlight><highlight class="normal"></highlight></codeline>
<codeline lineno="323"><highlight class="normal"><sp/><sp/><sp/><sp/><sp/><sp/><sp/><sp/></highlight><highlight class="comment">//<sp/>If<sp/>error,<sp/>inform<sp/>user,<sp/>do<sp/>not<sp/>delete<sp/>old<sp/>copy.<sp/></highlight><highlight class="normal"></highlight></codeline>
<codeline lineno="324"><highlight class="normal"><sp/><sp/><sp/><sp/><sp/><sp/><sp/><sp/></highlight><highlight class="comment">//<sp/>Else<sp/>if<sp/>success,<sp/>inform<sp/>user,<sp/>delete<sp/>old<sp/>copy</highlight><highlight class="normal"></highlight></codeline>
<codeline lineno="325"><highlight class="normal"></highlight></codeline>
<codeline lineno="326"><highlight class="normal"><sp/><sp/><sp/><sp/><sp/><sp/><sp/><sp/></highlight><highlight class="comment">//<sp/>Initiate<sp/>backup<sp/>(button)<sp/></highlight><highlight class="normal"></highlight></codeline>
<codeline lineno="327"><highlight class="normal"><sp/><sp/><sp/><sp/><sp/><sp/><sp/><sp/></highlight><highlight class="comment">//<sp/>Write<sp/>to<sp/>location</highlight><highlight class="normal"></highlight></codeline>
<codeline lineno="328"><highlight class="normal"><sp/><sp/><sp/><sp/><sp/><sp/><sp/><sp/></highlight><highlight class="comment">//<sp/>If<sp/>successful<sp/>write,<sp/>delete<sp/>old<sp/>copy<sp/>of<sp/>backup<sp/>(do<sp/>not<sp/>immediately<sp/>overwrite)</highlight><highlight class="normal"></highlight></codeline>
<codeline lineno="329"><highlight class="normal"><sp/><sp/><sp/><sp/>}</highlight></codeline>
<codeline lineno="330"><highlight class="normal"></highlight></codeline>
<codeline lineno="331"><highlight class="normal"><sp/><sp/><sp/><sp/></highlight><highlight class="comment">//<sp/>CLASS<sp/>HEADER<sp/>COMMENT<sp/>-----------------------------------------------------------------------------------</highlight></codeline>
<codeline lineno="339" refid="class_t_m_sw_pages_1_1_alter_tables" refkind="compound"><highlight class="comment"></highlight><highlight class="normal"><sp/><sp/><sp/><sp/></highlight><highlight class="keyword">class<sp/></highlight><highlight class="normal"><ref refid="class_t_m_sw_pages_1_1_alter_tables" kindref="compound">AlterTables</ref></highlight></codeline>
<codeline lineno="340"><highlight class="normal"><sp/><sp/><sp/><sp/>{</highlight></codeline>
<codeline lineno="341"><highlight class="normal"><sp/><sp/><sp/><sp/><sp/><sp/><sp/><sp/></highlight><highlight class="comment">//<sp/>Access<sp/>tables</highlight><highlight class="normal"></highlight></codeline>
<codeline lineno="342"><highlight class="normal"><sp/><sp/><sp/><sp/><sp/><sp/><sp/><sp/></highlight><highlight class="comment">//<sp/>Carrier<sp/>Data<sp/>Table</highlight><highlight class="normal"></highlight></codeline>
<codeline lineno="343"><highlight class="normal"><sp/><sp/><sp/><sp/><sp/><sp/><sp/><sp/></highlight><highlight class="comment">//<sp/>Route<sp/>Table</highlight><highlight class="normal"></highlight></codeline>
<codeline lineno="344"><highlight class="normal"><sp/><sp/><sp/><sp/><sp/><sp/><sp/><sp/></highlight><highlight class="comment">//<sp/>Rate<sp/>/<sp/>Fee<sp/>Table</highlight><highlight class="normal"></highlight></codeline>
<codeline lineno="345"><highlight class="normal"></highlight></codeline>
<codeline lineno="346"><highlight class="normal"><sp/><sp/><sp/><sp/><sp/><sp/><sp/><sp/></highlight><highlight class="comment">//<sp/>Draw<sp/>tables</highlight><highlight class="normal"></highlight></codeline>
<codeline lineno="347"><highlight class="normal"><sp/><sp/><sp/><sp/><sp/><sp/><sp/><sp/></highlight><highlight class="comment">//<sp/>Carrier<sp/>Data<sp/>Table</highlight><highlight class="normal"></highlight></codeline>
<codeline lineno="348"><highlight class="normal"><sp/><sp/><sp/><sp/><sp/><sp/><sp/><sp/></highlight><highlight class="comment">//<sp/>Route<sp/>Table</highlight><highlight class="normal"></highlight></codeline>
<codeline lineno="349"><highlight class="normal"><sp/><sp/><sp/><sp/><sp/><sp/><sp/><sp/></highlight><highlight class="comment">//<sp/>Rate<sp/>/<sp/>Fee<sp/>Table</highlight><highlight class="normal"></highlight></codeline>
<codeline lineno="350"><highlight class="normal"></highlight></codeline>
<codeline lineno="351"><highlight class="normal"><sp/><sp/><sp/><sp/><sp/><sp/><sp/><sp/></highlight><highlight class="comment">//<sp/>Change<sp/>table<sp/>data<sp/></highlight><highlight class="normal"></highlight></codeline>
<codeline lineno="352"><highlight class="normal"><sp/><sp/><sp/><sp/><sp/><sp/><sp/><sp/></highlight><highlight class="comment">//<sp/>Carrier<sp/>Data<sp/>Table</highlight><highlight class="normal"></highlight></codeline>
<codeline lineno="353"><highlight class="normal"><sp/><sp/><sp/><sp/><sp/><sp/><sp/><sp/></highlight><highlight class="comment">//<sp/>Route<sp/>Table</highlight><highlight class="normal"></highlight></codeline>
<codeline lineno="354"><highlight class="normal"><sp/><sp/><sp/><sp/><sp/><sp/><sp/><sp/></highlight><highlight class="comment">//<sp/>Rate<sp/>/<sp/>Fee<sp/>Table</highlight><highlight class="normal"></highlight></codeline>
<codeline lineno="355"><highlight class="normal"><sp/><sp/><sp/><sp/>}</highlight></codeline>
<codeline lineno="356"><highlight class="normal">}</highlight></codeline>
    </programlisting>
    <location file="C:/Users/School User/Code/TMS-Dump/Transport Management System WPF/TMSwPages/AdminClasses.cs"/>
  </compounddef>
</doxygen>
