<?xml version='1.0' encoding='UTF-8' standalone='no'?>
<doxygen xmlns:xsi="http://www.w3.org/2001/XMLSchema-instance" xsi:noNamespaceSchemaLocation="compound.xsd" version="1.8.16">
  <compounddef id="_transport_01_management_01_system_01_w_p_f_2mainwindow_8xaml_8cs" kind="file" language="C++">
    <compoundname>MainWindow.xaml.cs</compoundname>
    <innerclass refid="class_transport___management___system___w_p_f_1_1_main_window" prot="public">Transport_Management_System_WPF::MainWindow</innerclass>
    <innernamespace refid="namespace_transport___management___system___w_p_f">Transport_Management_System_WPF</innernamespace>
    <briefdescription>
<para>This file contains the admin functionality <linebreak/>
 </para>
    </briefdescription>
    <detaileddescription>
<para><simplesect kind="date"><para>November 20, 2019 </para>
</simplesect>
<simplesect kind="author"><para>8000 Cigarettes - Megan </para>
</simplesect>
<simplesect kind="see"><para>MainWindow.xaml</para>
</simplesect>
This file holds the functionality of the MainWindow class. <linebreak/>
</para>
<para><hruler/>
 </para>
    </detaileddescription>
    <programlisting>
<codeline lineno="1"><highlight class="comment">//<sp/>ADMIN<sp/>FILE<sp/>HEADER<sp/>COMMENT:<sp/>=================================================================================</highlight></codeline>
<codeline lineno="13"><highlight class="comment"></highlight><highlight class="keyword">using</highlight><highlight class="normal"><sp/>Microsoft.VisualC.StlClr;</highlight></codeline>
<codeline lineno="14"><highlight class="normal"></highlight><highlight class="keyword">using</highlight><highlight class="normal"><sp/>System;</highlight></codeline>
<codeline lineno="15"><highlight class="normal"></highlight><highlight class="keyword">using</highlight><highlight class="normal"><sp/>System.Collections.Generic;</highlight></codeline>
<codeline lineno="16"><highlight class="normal"></highlight><highlight class="keyword">using</highlight><highlight class="normal"><sp/>System.Linq;</highlight></codeline>
<codeline lineno="17"><highlight class="normal"></highlight><highlight class="keyword">using</highlight><highlight class="normal"><sp/>System.Text;</highlight></codeline>
<codeline lineno="18"><highlight class="normal"></highlight><highlight class="keyword">using</highlight><highlight class="normal"><sp/>System.Threading.Tasks;</highlight></codeline>
<codeline lineno="19"><highlight class="normal"></highlight><highlight class="keyword">using</highlight><highlight class="normal"><sp/>System.Windows;</highlight></codeline>
<codeline lineno="20"><highlight class="normal"></highlight><highlight class="keyword">using</highlight><highlight class="normal"><sp/>System.Windows.Controls;</highlight></codeline>
<codeline lineno="21"><highlight class="normal"></highlight><highlight class="keyword">using</highlight><highlight class="normal"><sp/>System.Windows.Data;</highlight></codeline>
<codeline lineno="22"><highlight class="normal"></highlight><highlight class="keyword">using</highlight><highlight class="normal"><sp/>System.Windows.Documents;</highlight></codeline>
<codeline lineno="23"><highlight class="normal"></highlight><highlight class="keyword">using</highlight><highlight class="normal"><sp/>System.Windows.Input;</highlight></codeline>
<codeline lineno="24"><highlight class="normal"></highlight><highlight class="keyword">using</highlight><highlight class="normal"><sp/>System.Windows.Media;</highlight></codeline>
<codeline lineno="25"><highlight class="normal"></highlight><highlight class="keyword">using</highlight><highlight class="normal"><sp/>System.Windows.Media.Imaging;</highlight></codeline>
<codeline lineno="26"><highlight class="normal"></highlight><highlight class="keyword">using</highlight><highlight class="normal"><sp/>System.Windows.Navigation;</highlight></codeline>
<codeline lineno="27"><highlight class="normal"></highlight><highlight class="keyword">using</highlight><highlight class="normal"><sp/>System.Windows.Shapes;</highlight></codeline>
<codeline lineno="28"><highlight class="normal"></highlight></codeline>
<codeline lineno="29"><highlight class="normal"></highlight><highlight class="keyword">namespace<sp/></highlight><highlight class="normal"><ref refid="namespace_transport___management___system___w_p_f" kindref="compound">Transport_Management_System_WPF</ref></highlight></codeline>
<codeline lineno="30"><highlight class="normal">{</highlight></codeline>
<codeline lineno="31"><highlight class="normal"></highlight></codeline>
<codeline lineno="32"><highlight class="normal"><sp/><sp/><sp/><sp/></highlight><highlight class="comment">//<sp/>CLASS<sp/>HEADER<sp/>COMMENT<sp/>-----------------------------------------------------------------------------------</highlight></codeline>
<codeline lineno="39" refid="class_transport___management___system___w_p_f_1_1_main_window" refkind="compound"><highlight class="comment"></highlight><highlight class="normal"><sp/><sp/><sp/><sp/></highlight><highlight class="keyword">public</highlight><highlight class="normal"><sp/></highlight><highlight class="keyword">partial<sp/>class<sp/></highlight><highlight class="normal"><ref refid="class_transport___management___system___w_p_f_1_1_main_window" kindref="compound">MainWindow</ref><sp/>:<sp/>Window</highlight></codeline>
<codeline lineno="40"><highlight class="normal"><sp/><sp/><sp/><sp/>{</highlight></codeline>
<codeline lineno="41"><highlight class="normal"><sp/><sp/><sp/><sp/><sp/><sp/><sp/><sp/>List&lt;Contract&gt;<sp/><ref refid="class_transport___management___system___w_p_f_1_1_main_window_1aea3c35693adbbaf5eb02439b30dbade5" kindref="member">acceptedContracts</ref><sp/>=<sp/></highlight><highlight class="keyword">new</highlight><highlight class="normal"><sp/>List&lt;Contract&gt;();</highlight></codeline>
<codeline lineno="42"><highlight class="normal"><sp/><sp/><sp/><sp/><sp/><sp/><sp/><sp/></highlight><highlight class="keyword">public</highlight><highlight class="normal"><sp/></highlight><highlight class="keyword">static</highlight><highlight class="normal"><sp/><ref refid="class_transport___management___system___w_p_f_1_1_buyer_class" kindref="compound">BuyerClass</ref><sp/><ref refid="class_transport___management___system___w_p_f_1_1_main_window_1a37653ae01d60682a07e052147dff7d50" kindref="member">buyer</ref><sp/>=<sp/></highlight><highlight class="keyword">new</highlight><highlight class="normal"><sp/><ref refid="class_transport___management___system___w_p_f_1_1_buyer_class" kindref="compound">BuyerClass</ref>();</highlight></codeline>
<codeline lineno="43"><highlight class="normal"><sp/><sp/><sp/><sp/><sp/><sp/><sp/><sp/></highlight><highlight class="keyword">public</highlight><highlight class="normal"><sp/></highlight><highlight class="keyword">static</highlight><highlight class="normal"><sp/></highlight><highlight class="keywordtype">string</highlight><highlight class="normal"><sp/><ref refid="class_transport___management___system___w_p_f_1_1_main_window_1afa15319061c0ec966e6aadad8471e897" kindref="member">a</ref><sp/>=<sp/></highlight><highlight class="stringliteral">&quot;&quot;</highlight><highlight class="normal">;</highlight></codeline>
<codeline lineno="44"><highlight class="normal"></highlight></codeline>
<codeline lineno="45"><highlight class="normal"><sp/><sp/><sp/><sp/><sp/><sp/><sp/><sp/></highlight><highlight class="comment">//<sp/>COP-OUT<sp/>METHOD<sp/>HEADER<sp/>COMMENT<sp/>-------------------------------------------------------------------------------</highlight><highlight class="normal"></highlight></codeline>
<codeline lineno="46"><highlight class="normal"><sp/><sp/><sp/><sp/><sp/><sp/><sp/><sp/></highlight><highlight class="comment">/*</highlight></codeline>
<codeline lineno="47"><highlight class="comment"><sp/><sp/><sp/><sp/><sp/><sp/><sp/><sp/>*<sp/><sp/><sp/>\fn<sp/><sp/><sp/><sp/><sp/><sp/><sp/><sp/><sp/>int<sp/>Square()</highlight></codeline>
<codeline lineno="48"><highlight class="comment"><sp/><sp/><sp/><sp/><sp/><sp/><sp/><sp/>*<sp/><sp/><sp/>\brief<sp/><sp/><sp/><sp/><sp/><sp/>To<sp/>create<sp/>a<sp/>new<sp/>Square<sp/>by<sp/>validating<sp/>or<sp/>else<sp/>defaulting<sp/>new<sp/>values</highlight></codeline>
<codeline lineno="49"><highlight class="comment"><sp/><sp/><sp/><sp/><sp/><sp/><sp/><sp/>*<sp/><sp/><sp/>\details<sp/><sp/><sp/><sp/>THis<sp/>is<sp/>if<sp/>you<sp/>have<sp/>more<sp/>to<sp/>say<sp/>about<sp/>what<sp/>the<sp/>function<sp/>does<sp/>and<sp/>don&apos;t<sp/>want<sp/>to<sp/>inline<sp/>comment</highlight></codeline>
<codeline lineno="50"><highlight class="comment"><sp/><sp/><sp/><sp/><sp/><sp/><sp/><sp/>*<sp/><sp/><sp/>\param[in]<sp/><sp/>char[]<sp/><sp/>newColour<sp/><sp/><sp/><sp/><sp/><sp/><sp/>An<sp/>incoming<sp/>value<sp/>meant<sp/>to<sp/>become<sp/>the<sp/>square&apos;s<sp/>colour</highlight></codeline>
<codeline lineno="51"><highlight class="comment"><sp/><sp/><sp/><sp/><sp/><sp/><sp/><sp/>*<sp/><sp/><sp/>\param[out]<sp/>char[]<sp/><sp/>newSideLength<sp/><sp/><sp/>An<sp/>incoming<sp/>value<sp/>meant<sp/>to<sp/>become<sp/>the<sp/>square&apos;s<sp/>side<sp/>length</highlight></codeline>
<codeline lineno="52"><highlight class="comment"><sp/><sp/><sp/><sp/><sp/><sp/><sp/><sp/>*<sp/><sp/><sp/>\exception<sp/><sp/>This<sp/>is<sp/>if<sp/>we<sp/>have<sp/>some<sp/>big<sp/>ol<sp/>try<sp/>catches?</highlight></codeline>
<codeline lineno="53"><highlight class="comment"><sp/><sp/><sp/><sp/><sp/><sp/><sp/><sp/>*<sp/><sp/><sp/>\see<sp/><sp/><sp/><sp/><sp/><sp/><sp/><sp/>CallsMade()</highlight></codeline>
<codeline lineno="54"><highlight class="comment"><sp/><sp/><sp/><sp/><sp/><sp/><sp/><sp/>*<sp/><sp/><sp/>\return<sp/><sp/><sp/><sp/><sp/>None</highlight></codeline>
<codeline lineno="55"><highlight class="comment"><sp/><sp/><sp/><sp/><sp/><sp/><sp/><sp/>*</highlight></codeline>
<codeline lineno="56"><highlight class="comment"><sp/><sp/><sp/><sp/><sp/><sp/><sp/><sp/>*<sp/>----------------------------------------------------------------------------------------------------<sp/>*/</highlight><highlight class="normal"></highlight></codeline>
<codeline lineno="57"><highlight class="normal"><sp/><sp/><sp/><sp/><sp/><sp/><sp/><sp/></highlight><highlight class="keyword">public</highlight><highlight class="normal"><sp/><ref refid="class_transport___management___system___w_p_f_1_1_main_window_1a2751b4e1cae01713e693ab84e8c217f6" kindref="member">MainWindow</ref>()</highlight></codeline>
<codeline lineno="58"><highlight class="normal"><sp/><sp/><sp/><sp/><sp/><sp/><sp/><sp/>{</highlight></codeline>
<codeline lineno="59"><highlight class="normal"><sp/><sp/><sp/><sp/><sp/><sp/><sp/><sp/><sp/><sp/><sp/><sp/>InitializeComponent();</highlight></codeline>
<codeline lineno="60"><highlight class="normal"><sp/><sp/><sp/><sp/><sp/><sp/><sp/><sp/><sp/><sp/><sp/><sp/>DG1.ItemsSource<sp/>=<sp/><ref refid="class_transport___management___system___w_p_f_1_1_main_window_1a37653ae01d60682a07e052147dff7d50" kindref="member">buyer</ref>.Contracts;</highlight></codeline>
<codeline lineno="61"><highlight class="normal"><sp/><sp/><sp/><sp/><sp/><sp/><sp/><sp/><sp/><sp/><sp/><sp/>DG2.ItemsSource<sp/>=<sp/>this.<ref refid="class_transport___management___system___w_p_f_1_1_main_window_1aea3c35693adbbaf5eb02439b30dbade5" kindref="member">acceptedContracts</ref>;</highlight></codeline>
<codeline lineno="62"><highlight class="normal"><sp/><sp/><sp/><sp/><sp/><sp/><sp/><sp/>}</highlight></codeline>
<codeline lineno="63"><highlight class="normal"></highlight></codeline>
<codeline lineno="64"><highlight class="normal"><sp/><sp/><sp/><sp/><sp/><sp/><sp/><sp/></highlight><highlight class="comment">//<sp/>COP-OUT<sp/>METHOD<sp/>HEADER<sp/>COMMENT<sp/>-------------------------------------------------------------------------------</highlight><highlight class="normal"></highlight></codeline>
<codeline lineno="65"><highlight class="normal"><sp/><sp/><sp/><sp/><sp/><sp/><sp/><sp/></highlight><highlight class="comment">/*</highlight></codeline>
<codeline lineno="66"><highlight class="comment"><sp/><sp/><sp/><sp/><sp/><sp/><sp/><sp/>*<sp/><sp/><sp/>\fn<sp/><sp/><sp/><sp/><sp/><sp/><sp/><sp/><sp/>int<sp/>Square()</highlight></codeline>
<codeline lineno="67"><highlight class="comment"><sp/><sp/><sp/><sp/><sp/><sp/><sp/><sp/>*<sp/><sp/><sp/>\brief<sp/><sp/><sp/><sp/><sp/><sp/>To<sp/>create<sp/>a<sp/>new<sp/>Square<sp/>by<sp/>validating<sp/>or<sp/>else<sp/>defaulting<sp/>new<sp/>values</highlight></codeline>
<codeline lineno="68"><highlight class="comment"><sp/><sp/><sp/><sp/><sp/><sp/><sp/><sp/>*<sp/><sp/><sp/>\details<sp/><sp/><sp/><sp/>THis<sp/>is<sp/>if<sp/>you<sp/>have<sp/>more<sp/>to<sp/>say<sp/>about<sp/>what<sp/>the<sp/>function<sp/>does<sp/>and<sp/>don&apos;t<sp/>want<sp/>to<sp/>inline<sp/>comment</highlight></codeline>
<codeline lineno="69"><highlight class="comment"><sp/><sp/><sp/><sp/><sp/><sp/><sp/><sp/>*<sp/><sp/><sp/>\param[in]<sp/><sp/>char[]<sp/><sp/>newColour<sp/><sp/><sp/><sp/><sp/><sp/><sp/>An<sp/>incoming<sp/>value<sp/>meant<sp/>to<sp/>become<sp/>the<sp/>square&apos;s<sp/>colour</highlight></codeline>
<codeline lineno="70"><highlight class="comment"><sp/><sp/><sp/><sp/><sp/><sp/><sp/><sp/>*<sp/><sp/><sp/>\param[out]<sp/>char[]<sp/><sp/>newSideLength<sp/><sp/><sp/>An<sp/>incoming<sp/>value<sp/>meant<sp/>to<sp/>become<sp/>the<sp/>square&apos;s<sp/>side<sp/>length</highlight></codeline>
<codeline lineno="71"><highlight class="comment"><sp/><sp/><sp/><sp/><sp/><sp/><sp/><sp/>*<sp/><sp/><sp/>\exception<sp/><sp/>This<sp/>is<sp/>if<sp/>we<sp/>have<sp/>some<sp/>big<sp/>ol<sp/>try<sp/>catches?</highlight></codeline>
<codeline lineno="72"><highlight class="comment"><sp/><sp/><sp/><sp/><sp/><sp/><sp/><sp/>*<sp/><sp/><sp/>\see<sp/><sp/><sp/><sp/><sp/><sp/><sp/><sp/>CallsMade()</highlight></codeline>
<codeline lineno="73"><highlight class="comment"><sp/><sp/><sp/><sp/><sp/><sp/><sp/><sp/>*<sp/><sp/><sp/>\return<sp/><sp/><sp/><sp/><sp/>None</highlight></codeline>
<codeline lineno="74"><highlight class="comment"><sp/><sp/><sp/><sp/><sp/><sp/><sp/><sp/>*</highlight></codeline>
<codeline lineno="75"><highlight class="comment"><sp/><sp/><sp/><sp/><sp/><sp/><sp/><sp/>*<sp/>----------------------------------------------------------------------------------------------------<sp/>*/</highlight><highlight class="normal"></highlight></codeline>
<codeline lineno="76"><highlight class="normal"><sp/><sp/><sp/><sp/><sp/><sp/><sp/><sp/></highlight><highlight class="keyword">public</highlight><highlight class="normal"><sp/></highlight><highlight class="keywordtype">void</highlight><highlight class="normal"><sp/><ref refid="class_transport___management___system___w_p_f_1_1_main_window_1aed4b9bf6216079df88ff73b118b9004e" kindref="member">SetOutput</ref>(</highlight><highlight class="keywordtype">string</highlight><highlight class="normal"><sp/>outputString)</highlight></codeline>
<codeline lineno="77"><highlight class="normal"><sp/><sp/><sp/><sp/><sp/><sp/><sp/><sp/>{</highlight></codeline>
<codeline lineno="78"><highlight class="normal"><sp/><sp/><sp/><sp/><sp/><sp/><sp/><sp/><sp/><sp/><sp/><sp/>Output.Text<sp/>=<sp/>outputString;</highlight></codeline>
<codeline lineno="79"><highlight class="normal"><sp/><sp/><sp/><sp/><sp/><sp/><sp/><sp/>}</highlight></codeline>
<codeline lineno="80"><highlight class="normal"></highlight></codeline>
<codeline lineno="81"><highlight class="normal"><sp/><sp/><sp/><sp/><sp/><sp/><sp/><sp/></highlight><highlight class="comment">//<sp/>COP-OUT<sp/>METHOD<sp/>HEADER<sp/>COMMENT<sp/>-------------------------------------------------------------------------------</highlight><highlight class="normal"></highlight></codeline>
<codeline lineno="82"><highlight class="normal"><sp/><sp/><sp/><sp/><sp/><sp/><sp/><sp/></highlight><highlight class="comment">/*</highlight></codeline>
<codeline lineno="83"><highlight class="comment"><sp/><sp/><sp/><sp/><sp/><sp/><sp/><sp/>*<sp/><sp/><sp/>\fn<sp/><sp/><sp/><sp/><sp/><sp/><sp/><sp/><sp/>int<sp/>Square()</highlight></codeline>
<codeline lineno="84"><highlight class="comment"><sp/><sp/><sp/><sp/><sp/><sp/><sp/><sp/>*<sp/><sp/><sp/>\brief<sp/><sp/><sp/><sp/><sp/><sp/>To<sp/>create<sp/>a<sp/>new<sp/>Square<sp/>by<sp/>validating<sp/>or<sp/>else<sp/>defaulting<sp/>new<sp/>values</highlight></codeline>
<codeline lineno="85"><highlight class="comment"><sp/><sp/><sp/><sp/><sp/><sp/><sp/><sp/>*<sp/><sp/><sp/>\details<sp/><sp/><sp/><sp/>THis<sp/>is<sp/>if<sp/>you<sp/>have<sp/>more<sp/>to<sp/>say<sp/>about<sp/>what<sp/>the<sp/>function<sp/>does<sp/>and<sp/>don&apos;t<sp/>want<sp/>to<sp/>inline<sp/>comment</highlight></codeline>
<codeline lineno="86"><highlight class="comment"><sp/><sp/><sp/><sp/><sp/><sp/><sp/><sp/>*<sp/><sp/><sp/>\param[in]<sp/><sp/>char[]<sp/><sp/>newColour<sp/><sp/><sp/><sp/><sp/><sp/><sp/>An<sp/>incoming<sp/>value<sp/>meant<sp/>to<sp/>become<sp/>the<sp/>square&apos;s<sp/>colour</highlight></codeline>
<codeline lineno="87"><highlight class="comment"><sp/><sp/><sp/><sp/><sp/><sp/><sp/><sp/>*<sp/><sp/><sp/>\param[out]<sp/>char[]<sp/><sp/>newSideLength<sp/><sp/><sp/>An<sp/>incoming<sp/>value<sp/>meant<sp/>to<sp/>become<sp/>the<sp/>square&apos;s<sp/>side<sp/>length</highlight></codeline>
<codeline lineno="88"><highlight class="comment"><sp/><sp/><sp/><sp/><sp/><sp/><sp/><sp/>*<sp/><sp/><sp/>\exception<sp/><sp/>This<sp/>is<sp/>if<sp/>we<sp/>have<sp/>some<sp/>big<sp/>ol<sp/>try<sp/>catches?</highlight></codeline>
<codeline lineno="89"><highlight class="comment"><sp/><sp/><sp/><sp/><sp/><sp/><sp/><sp/>*<sp/><sp/><sp/>\see<sp/><sp/><sp/><sp/><sp/><sp/><sp/><sp/>CallsMade()</highlight></codeline>
<codeline lineno="90"><highlight class="comment"><sp/><sp/><sp/><sp/><sp/><sp/><sp/><sp/>*<sp/><sp/><sp/>\return<sp/><sp/><sp/><sp/><sp/>None</highlight></codeline>
<codeline lineno="91"><highlight class="comment"><sp/><sp/><sp/><sp/><sp/><sp/><sp/><sp/>*</highlight></codeline>
<codeline lineno="92"><highlight class="comment"><sp/><sp/><sp/><sp/><sp/><sp/><sp/><sp/>*<sp/>----------------------------------------------------------------------------------------------------<sp/>*/</highlight><highlight class="normal"></highlight></codeline>
<codeline lineno="93"><highlight class="normal"><sp/><sp/><sp/><sp/><sp/><sp/><sp/><sp/></highlight><highlight class="keyword">private</highlight><highlight class="normal"><sp/></highlight><highlight class="keywordtype">void</highlight><highlight class="normal"><sp/><ref refid="class_transport___management___system___w_p_f_1_1_main_window_1affee0e4589fca964a7d86d7dcccd3103" kindref="member">RedMenuItem_Click</ref>(</highlight><highlight class="keywordtype">object</highlight><highlight class="normal"><sp/>sender,<sp/>RoutedEventArgs<sp/>e)</highlight></codeline>
<codeline lineno="94"><highlight class="normal"><sp/><sp/><sp/><sp/><sp/><sp/><sp/><sp/>{</highlight></codeline>
<codeline lineno="95"><highlight class="normal"><sp/><sp/><sp/><sp/><sp/><sp/><sp/><sp/><sp/><sp/><sp/><sp/>Output.Text<sp/>=<sp/></highlight><highlight class="stringliteral">&quot;Yeet&quot;</highlight><highlight class="normal">;</highlight></codeline>
<codeline lineno="96"><highlight class="normal"><sp/><sp/><sp/><sp/><sp/><sp/><sp/><sp/><sp/><sp/><sp/><sp/></highlight><highlight class="comment">//Megan.Append(&quot;Yeet&quot;);</highlight><highlight class="normal"></highlight></codeline>
<codeline lineno="97"><highlight class="normal"><sp/><sp/><sp/><sp/><sp/><sp/><sp/><sp/>}</highlight></codeline>
<codeline lineno="98"><highlight class="normal"></highlight></codeline>
<codeline lineno="99"><highlight class="normal"><sp/><sp/><sp/><sp/><sp/><sp/><sp/><sp/></highlight><highlight class="comment">//<sp/>COP-OUT<sp/>METHOD<sp/>HEADER<sp/>COMMENT<sp/>-------------------------------------------------------------------------------</highlight><highlight class="normal"></highlight></codeline>
<codeline lineno="100"><highlight class="normal"><sp/><sp/><sp/><sp/><sp/><sp/><sp/><sp/></highlight><highlight class="comment">/*</highlight></codeline>
<codeline lineno="101"><highlight class="comment"><sp/><sp/><sp/><sp/><sp/><sp/><sp/><sp/>*<sp/><sp/><sp/>\fn<sp/><sp/><sp/><sp/><sp/><sp/><sp/><sp/><sp/>int<sp/>Square()</highlight></codeline>
<codeline lineno="102"><highlight class="comment"><sp/><sp/><sp/><sp/><sp/><sp/><sp/><sp/>*<sp/><sp/><sp/>\brief<sp/><sp/><sp/><sp/><sp/><sp/>To<sp/>create<sp/>a<sp/>new<sp/>Square<sp/>by<sp/>validating<sp/>or<sp/>else<sp/>defaulting<sp/>new<sp/>values</highlight></codeline>
<codeline lineno="103"><highlight class="comment"><sp/><sp/><sp/><sp/><sp/><sp/><sp/><sp/>*<sp/><sp/><sp/>\details<sp/><sp/><sp/><sp/>THis<sp/>is<sp/>if<sp/>you<sp/>have<sp/>more<sp/>to<sp/>say<sp/>about<sp/>what<sp/>the<sp/>function<sp/>does<sp/>and<sp/>don&apos;t<sp/>want<sp/>to<sp/>inline<sp/>comment</highlight></codeline>
<codeline lineno="104"><highlight class="comment"><sp/><sp/><sp/><sp/><sp/><sp/><sp/><sp/>*<sp/><sp/><sp/>\param[in]<sp/><sp/>char[]<sp/><sp/>newColour<sp/><sp/><sp/><sp/><sp/><sp/><sp/>An<sp/>incoming<sp/>value<sp/>meant<sp/>to<sp/>become<sp/>the<sp/>square&apos;s<sp/>colour</highlight></codeline>
<codeline lineno="105"><highlight class="comment"><sp/><sp/><sp/><sp/><sp/><sp/><sp/><sp/>*<sp/><sp/><sp/>\param[out]<sp/>char[]<sp/><sp/>newSideLength<sp/><sp/><sp/>An<sp/>incoming<sp/>value<sp/>meant<sp/>to<sp/>become<sp/>the<sp/>square&apos;s<sp/>side<sp/>length</highlight></codeline>
<codeline lineno="106"><highlight class="comment"><sp/><sp/><sp/><sp/><sp/><sp/><sp/><sp/>*<sp/><sp/><sp/>\exception<sp/><sp/>This<sp/>is<sp/>if<sp/>we<sp/>have<sp/>some<sp/>big<sp/>ol<sp/>try<sp/>catches?</highlight></codeline>
<codeline lineno="107"><highlight class="comment"><sp/><sp/><sp/><sp/><sp/><sp/><sp/><sp/>*<sp/><sp/><sp/>\see<sp/><sp/><sp/><sp/><sp/><sp/><sp/><sp/>CallsMade()</highlight></codeline>
<codeline lineno="108"><highlight class="comment"><sp/><sp/><sp/><sp/><sp/><sp/><sp/><sp/>*<sp/><sp/><sp/>\return<sp/><sp/><sp/><sp/><sp/>None</highlight></codeline>
<codeline lineno="109"><highlight class="comment"><sp/><sp/><sp/><sp/><sp/><sp/><sp/><sp/>*</highlight></codeline>
<codeline lineno="110"><highlight class="comment"><sp/><sp/><sp/><sp/><sp/><sp/><sp/><sp/>*<sp/>----------------------------------------------------------------------------------------------------<sp/>*/</highlight><highlight class="normal"></highlight></codeline>
<codeline lineno="111"><highlight class="normal"><sp/><sp/><sp/><sp/><sp/><sp/><sp/><sp/></highlight><highlight class="keyword">private</highlight><highlight class="normal"><sp/></highlight><highlight class="keywordtype">void</highlight><highlight class="normal"><sp/><ref refid="class_transport___management___system___w_p_f_1_1_main_window_1a60f01f91e8e0a9dd39584e2cd2541727" kindref="member">Button_Click</ref>(</highlight><highlight class="keywordtype">object</highlight><highlight class="normal"><sp/>sender,<sp/>RoutedEventArgs<sp/>e)</highlight><highlight class="comment">//load/<sp/>refresh<sp/>button</highlight><highlight class="normal"></highlight></codeline>
<codeline lineno="112"><highlight class="normal"><sp/><sp/><sp/><sp/><sp/><sp/><sp/><sp/>{</highlight></codeline>
<codeline lineno="113"><highlight class="normal"><sp/><sp/><sp/><sp/><sp/><sp/><sp/><sp/><sp/><sp/><sp/><sp/></highlight></codeline>
<codeline lineno="114"><highlight class="normal"><sp/><sp/><sp/><sp/><sp/><sp/><sp/><sp/><sp/><sp/><sp/><sp/><ref refid="class_transport___management___system___w_p_f_1_1_main_window_1a37653ae01d60682a07e052147dff7d50" kindref="member">buyer</ref>.<ref refid="class_transport___management___system___w_p_f_1_1_buyer_class_1a9719c333eae5095d5fc9cf1d185c0677" kindref="member">ParseContracts</ref>();</highlight></codeline>
<codeline lineno="115"><highlight class="normal"><sp/><sp/><sp/><sp/><sp/><sp/><sp/><sp/><sp/><sp/><sp/><sp/>DG1.Items.Refresh();</highlight></codeline>
<codeline lineno="116"><highlight class="normal"><sp/><sp/><sp/><sp/><sp/><sp/><sp/><sp/>}</highlight></codeline>
<codeline lineno="117"><highlight class="normal"></highlight></codeline>
<codeline lineno="118"><highlight class="normal"><sp/><sp/><sp/><sp/><sp/><sp/><sp/><sp/></highlight><highlight class="comment">//<sp/>COP-OUT<sp/>METHOD<sp/>HEADER<sp/>COMMENT<sp/>-------------------------------------------------------------------------------</highlight><highlight class="normal"></highlight></codeline>
<codeline lineno="119"><highlight class="normal"><sp/><sp/><sp/><sp/><sp/><sp/><sp/><sp/></highlight><highlight class="comment">/*</highlight></codeline>
<codeline lineno="120"><highlight class="comment"><sp/><sp/><sp/><sp/><sp/><sp/><sp/><sp/>*<sp/><sp/><sp/>\fn<sp/><sp/><sp/><sp/><sp/><sp/><sp/><sp/><sp/>int<sp/>Square()</highlight></codeline>
<codeline lineno="121"><highlight class="comment"><sp/><sp/><sp/><sp/><sp/><sp/><sp/><sp/>*<sp/><sp/><sp/>\brief<sp/><sp/><sp/><sp/><sp/><sp/>To<sp/>create<sp/>a<sp/>new<sp/>Square<sp/>by<sp/>validating<sp/>or<sp/>else<sp/>defaulting<sp/>new<sp/>values</highlight></codeline>
<codeline lineno="122"><highlight class="comment"><sp/><sp/><sp/><sp/><sp/><sp/><sp/><sp/>*<sp/><sp/><sp/>\details<sp/><sp/><sp/><sp/>THis<sp/>is<sp/>if<sp/>you<sp/>have<sp/>more<sp/>to<sp/>say<sp/>about<sp/>what<sp/>the<sp/>function<sp/>does<sp/>and<sp/>don&apos;t<sp/>want<sp/>to<sp/>inline<sp/>comment</highlight></codeline>
<codeline lineno="123"><highlight class="comment"><sp/><sp/><sp/><sp/><sp/><sp/><sp/><sp/>*<sp/><sp/><sp/>\param[in]<sp/><sp/>char[]<sp/><sp/>newColour<sp/><sp/><sp/><sp/><sp/><sp/><sp/>An<sp/>incoming<sp/>value<sp/>meant<sp/>to<sp/>become<sp/>the<sp/>square&apos;s<sp/>colour</highlight></codeline>
<codeline lineno="124"><highlight class="comment"><sp/><sp/><sp/><sp/><sp/><sp/><sp/><sp/>*<sp/><sp/><sp/>\param[out]<sp/>char[]<sp/><sp/>newSideLength<sp/><sp/><sp/>An<sp/>incoming<sp/>value<sp/>meant<sp/>to<sp/>become<sp/>the<sp/>square&apos;s<sp/>side<sp/>length</highlight></codeline>
<codeline lineno="125"><highlight class="comment"><sp/><sp/><sp/><sp/><sp/><sp/><sp/><sp/>*<sp/><sp/><sp/>\exception<sp/><sp/>This<sp/>is<sp/>if<sp/>we<sp/>have<sp/>some<sp/>big<sp/>ol<sp/>try<sp/>catches?</highlight></codeline>
<codeline lineno="126"><highlight class="comment"><sp/><sp/><sp/><sp/><sp/><sp/><sp/><sp/>*<sp/><sp/><sp/>\see<sp/><sp/><sp/><sp/><sp/><sp/><sp/><sp/>CallsMade()</highlight></codeline>
<codeline lineno="127"><highlight class="comment"><sp/><sp/><sp/><sp/><sp/><sp/><sp/><sp/>*<sp/><sp/><sp/>\return<sp/><sp/><sp/><sp/><sp/>None</highlight></codeline>
<codeline lineno="128"><highlight class="comment"><sp/><sp/><sp/><sp/><sp/><sp/><sp/><sp/>*</highlight></codeline>
<codeline lineno="129"><highlight class="comment"><sp/><sp/><sp/><sp/><sp/><sp/><sp/><sp/>*<sp/>----------------------------------------------------------------------------------------------------<sp/>*/</highlight><highlight class="normal"></highlight></codeline>
<codeline lineno="130"><highlight class="normal"><sp/><sp/><sp/><sp/><sp/><sp/><sp/><sp/></highlight><highlight class="keyword">private</highlight><highlight class="normal"><sp/></highlight><highlight class="keywordtype">void</highlight><highlight class="normal"><sp/><ref refid="class_transport___management___system___w_p_f_1_1_main_window_1aaa973d7449198bfd1107404ab534fe0d" kindref="member">Button_Click_1</ref>(</highlight><highlight class="keywordtype">object</highlight><highlight class="normal"><sp/>sender,<sp/>RoutedEventArgs<sp/>e)</highlight></codeline>
<codeline lineno="131"><highlight class="normal"><sp/><sp/><sp/><sp/><sp/><sp/><sp/><sp/>{</highlight></codeline>
<codeline lineno="132"><highlight class="normal"><sp/><sp/><sp/><sp/><sp/><sp/><sp/><sp/><sp/><sp/><sp/><sp/>DG2.Items.Refresh();</highlight></codeline>
<codeline lineno="133"><highlight class="normal"><sp/><sp/><sp/><sp/><sp/><sp/><sp/><sp/>}</highlight></codeline>
<codeline lineno="134"><highlight class="normal"></highlight></codeline>
<codeline lineno="135"><highlight class="normal"><sp/><sp/><sp/><sp/><sp/><sp/><sp/><sp/></highlight><highlight class="comment">//<sp/>COP-OUT<sp/>METHOD<sp/>HEADER<sp/>COMMENT<sp/>-------------------------------------------------------------------------------</highlight><highlight class="normal"></highlight></codeline>
<codeline lineno="136"><highlight class="normal"><sp/><sp/><sp/><sp/><sp/><sp/><sp/><sp/></highlight><highlight class="comment">/*</highlight></codeline>
<codeline lineno="137"><highlight class="comment"><sp/><sp/><sp/><sp/><sp/><sp/><sp/><sp/>*<sp/><sp/><sp/>\fn<sp/><sp/><sp/><sp/><sp/><sp/><sp/><sp/><sp/>int<sp/>Square()</highlight></codeline>
<codeline lineno="138"><highlight class="comment"><sp/><sp/><sp/><sp/><sp/><sp/><sp/><sp/>*<sp/><sp/><sp/>\brief<sp/><sp/><sp/><sp/><sp/><sp/>To<sp/>create<sp/>a<sp/>new<sp/>Square<sp/>by<sp/>validating<sp/>or<sp/>else<sp/>defaulting<sp/>new<sp/>values</highlight></codeline>
<codeline lineno="139"><highlight class="comment"><sp/><sp/><sp/><sp/><sp/><sp/><sp/><sp/>*<sp/><sp/><sp/>\details<sp/><sp/><sp/><sp/>THis<sp/>is<sp/>if<sp/>you<sp/>have<sp/>more<sp/>to<sp/>say<sp/>about<sp/>what<sp/>the<sp/>function<sp/>does<sp/>and<sp/>don&apos;t<sp/>want<sp/>to<sp/>inline<sp/>comment</highlight></codeline>
<codeline lineno="140"><highlight class="comment"><sp/><sp/><sp/><sp/><sp/><sp/><sp/><sp/>*<sp/><sp/><sp/>\param[in]<sp/><sp/>char[]<sp/><sp/>newColour<sp/><sp/><sp/><sp/><sp/><sp/><sp/>An<sp/>incoming<sp/>value<sp/>meant<sp/>to<sp/>become<sp/>the<sp/>square&apos;s<sp/>colour</highlight></codeline>
<codeline lineno="141"><highlight class="comment"><sp/><sp/><sp/><sp/><sp/><sp/><sp/><sp/>*<sp/><sp/><sp/>\param[out]<sp/>char[]<sp/><sp/>newSideLength<sp/><sp/><sp/>An<sp/>incoming<sp/>value<sp/>meant<sp/>to<sp/>become<sp/>the<sp/>square&apos;s<sp/>side<sp/>length</highlight></codeline>
<codeline lineno="142"><highlight class="comment"><sp/><sp/><sp/><sp/><sp/><sp/><sp/><sp/>*<sp/><sp/><sp/>\exception<sp/><sp/>This<sp/>is<sp/>if<sp/>we<sp/>have<sp/>some<sp/>big<sp/>ol<sp/>try<sp/>catches?</highlight></codeline>
<codeline lineno="143"><highlight class="comment"><sp/><sp/><sp/><sp/><sp/><sp/><sp/><sp/>*<sp/><sp/><sp/>\see<sp/><sp/><sp/><sp/><sp/><sp/><sp/><sp/>CallsMade()</highlight></codeline>
<codeline lineno="144"><highlight class="comment"><sp/><sp/><sp/><sp/><sp/><sp/><sp/><sp/>*<sp/><sp/><sp/>\return<sp/><sp/><sp/><sp/><sp/>None</highlight></codeline>
<codeline lineno="145"><highlight class="comment"><sp/><sp/><sp/><sp/><sp/><sp/><sp/><sp/>*</highlight></codeline>
<codeline lineno="146"><highlight class="comment"><sp/><sp/><sp/><sp/><sp/><sp/><sp/><sp/>*<sp/>----------------------------------------------------------------------------------------------------<sp/>*/</highlight><highlight class="normal"></highlight></codeline>
<codeline lineno="147"><highlight class="normal"><sp/><sp/><sp/><sp/><sp/><sp/><sp/><sp/></highlight><highlight class="keyword">private</highlight><highlight class="normal"><sp/></highlight><highlight class="keywordtype">void</highlight><highlight class="normal"><sp/><ref refid="class_transport___management___system___w_p_f_1_1_main_window_1a9bd5e3542b82523a8fded84c0f343c83" kindref="member">Button_AddContract</ref>(</highlight><highlight class="keywordtype">object</highlight><highlight class="normal"><sp/>sender,<sp/>RoutedEventArgs<sp/>e)</highlight></codeline>
<codeline lineno="148"><highlight class="normal"><sp/><sp/><sp/><sp/><sp/><sp/><sp/><sp/>{</highlight></codeline>
<codeline lineno="149"><highlight class="normal"></highlight></codeline>
<codeline lineno="150"><highlight class="normal"><sp/><sp/><sp/><sp/><sp/><sp/><sp/><sp/><sp/><sp/><sp/><sp/>DG2.Items.Refresh();</highlight></codeline>
<codeline lineno="151"><highlight class="normal"><sp/><sp/><sp/><sp/><sp/><sp/><sp/><sp/>}</highlight></codeline>
<codeline lineno="152"><highlight class="normal"><sp/><sp/><sp/><sp/>}</highlight></codeline>
<codeline lineno="153"><highlight class="normal">}</highlight></codeline>
    </programlisting>
    <location file="C:/Users/School User/Code/TMS-Dump/Transport Management System WPF/Transport Management System WPF/MainWindow.xaml.cs"/>
  </compounddef>
</doxygen>
