<?xml version='1.0' encoding='UTF-8' standalone='no'?>
<doxygen xmlns:xsi="http://www.w3.org/2001/XMLSchema-instance" xsi:noNamespaceSchemaLocation="compound.xsd" version="1.8.16">
  <compounddef id="_view_log_details_8xaml_8cs" kind="file" language="C++">
    <compoundname>ViewLogDetails.xaml.cs</compoundname>
    <innerclass refid="class_t_m_sw_pages_1_1_view_log_details" prot="public">TMSwPages::ViewLogDetails</innerclass>
    <innernamespace refid="namespace_t_m_sw_pages">TMSwPages</innernamespace>
    <briefdescription>
<para>This file contains the interaction logic for the detailed view of a single TMSLog. <linebreak/>
 </para>
    </briefdescription>
    <detaileddescription>
<para><simplesect kind="date"><para>November 20, 2019 </para>
</simplesect>
<simplesect kind="author"><para>8000 Cigarettes - Megan </para>
</simplesect>
<simplesect kind="see"><para>ViewLogDetails.xaml</para>
</simplesect>
This file contains the functionality for the detailed view of a single TMSLog. This only displays the simple details and allows for back-navigation.</para>
<para><hruler/>
 </para>
    </detaileddescription>
    <programlisting>
<codeline lineno="1"><highlight class="comment">//<sp/>VIEWLOGDETAILS<sp/>FILE<sp/>HEADER<sp/>COMMENT:<sp/>========================================================================</highlight></codeline>
<codeline lineno="14"><highlight class="comment"></highlight><highlight class="keyword">using</highlight><highlight class="normal"><sp/>System;</highlight></codeline>
<codeline lineno="15"><highlight class="normal"></highlight><highlight class="keyword">using</highlight><highlight class="normal"><sp/>System.Collections.Generic;</highlight></codeline>
<codeline lineno="16"><highlight class="normal"></highlight><highlight class="keyword">using</highlight><highlight class="normal"><sp/>System.Linq;</highlight></codeline>
<codeline lineno="17"><highlight class="normal"></highlight><highlight class="keyword">using</highlight><highlight class="normal"><sp/>System.Text;</highlight></codeline>
<codeline lineno="18"><highlight class="normal"></highlight><highlight class="keyword">using</highlight><highlight class="normal"><sp/>System.Threading.Tasks;</highlight></codeline>
<codeline lineno="19"><highlight class="normal"></highlight><highlight class="keyword">using</highlight><highlight class="normal"><sp/>System.Windows;</highlight></codeline>
<codeline lineno="20"><highlight class="normal"></highlight><highlight class="keyword">using</highlight><highlight class="normal"><sp/>System.Windows.Controls;</highlight></codeline>
<codeline lineno="21"><highlight class="normal"></highlight><highlight class="keyword">using</highlight><highlight class="normal"><sp/>System.Windows.Data;</highlight></codeline>
<codeline lineno="22"><highlight class="normal"></highlight><highlight class="keyword">using</highlight><highlight class="normal"><sp/>System.Windows.Documents;</highlight></codeline>
<codeline lineno="23"><highlight class="normal"></highlight><highlight class="keyword">using</highlight><highlight class="normal"><sp/>System.Windows.Input;</highlight></codeline>
<codeline lineno="24"><highlight class="normal"></highlight><highlight class="keyword">using</highlight><highlight class="normal"><sp/>System.Windows.Media;</highlight></codeline>
<codeline lineno="25"><highlight class="normal"></highlight><highlight class="keyword">using</highlight><highlight class="normal"><sp/>System.Windows.Media.Imaging;</highlight></codeline>
<codeline lineno="26"><highlight class="normal"></highlight><highlight class="keyword">using</highlight><highlight class="normal"><sp/>System.Windows.Navigation;</highlight></codeline>
<codeline lineno="27"><highlight class="normal"></highlight><highlight class="keyword">using</highlight><highlight class="normal"><sp/>System.Windows.Shapes;</highlight></codeline>
<codeline lineno="28"><highlight class="normal"></highlight></codeline>
<codeline lineno="29"><highlight class="normal"></highlight><highlight class="keyword">namespace<sp/></highlight><highlight class="normal"><ref refid="namespace_t_m_sw_pages" kindref="compound">TMSwPages</ref></highlight></codeline>
<codeline lineno="30"><highlight class="normal">{</highlight></codeline>
<codeline lineno="31"><highlight class="normal"><sp/><sp/><sp/><sp/></highlight><highlight class="comment">//<sp/>CLASS<sp/>HEADER<sp/>COMMENT<sp/>-----------------------------------------------------------------------------------</highlight></codeline>
<codeline lineno="38" refid="class_t_m_sw_pages_1_1_view_log_details" refkind="compound"><highlight class="comment"></highlight><highlight class="normal"><sp/><sp/><sp/><sp/></highlight><highlight class="keyword">public</highlight><highlight class="normal"><sp/></highlight><highlight class="keyword">partial<sp/>class<sp/></highlight><highlight class="normal"><ref refid="class_t_m_sw_pages_1_1_view_log_details" kindref="compound">ViewLogDetails</ref><sp/>:<sp/>Page</highlight></codeline>
<codeline lineno="39"><highlight class="normal"><sp/><sp/><sp/><sp/>{</highlight></codeline>
<codeline lineno="40"><highlight class="normal"><sp/><sp/><sp/><sp/><sp/><sp/><sp/><sp/></highlight><highlight class="comment">//<sp/>METHOD<sp/>HEADER<sp/>COMMENT<sp/>-------------------------------------------------------------------------------</highlight></codeline>
<codeline lineno="49"><highlight class="comment"></highlight><highlight class="normal"><sp/><sp/><sp/><sp/><sp/><sp/><sp/><sp/></highlight><highlight class="keyword">public</highlight><highlight class="normal"><sp/><ref refid="class_t_m_sw_pages_1_1_view_log_details_1a52d7460a3afa1e236afeeeb29c88584c" kindref="member">ViewLogDetails</ref>()</highlight></codeline>
<codeline lineno="50"><highlight class="normal"><sp/><sp/><sp/><sp/><sp/><sp/><sp/><sp/>{</highlight></codeline>
<codeline lineno="51"><highlight class="normal"><sp/><sp/><sp/><sp/><sp/><sp/><sp/><sp/><sp/><sp/><sp/><sp/>InitializeComponent();</highlight></codeline>
<codeline lineno="52"><highlight class="normal"><sp/><sp/><sp/><sp/><sp/><sp/><sp/><sp/>}</highlight></codeline>
<codeline lineno="53"><highlight class="normal"></highlight></codeline>
<codeline lineno="54"><highlight class="normal"><sp/><sp/><sp/><sp/><sp/><sp/><sp/><sp/></highlight><highlight class="comment">//<sp/>METHOD<sp/>HEADER<sp/>COMMENT<sp/>-------------------------------------------------------------------------------</highlight></codeline>
<codeline lineno="63"><highlight class="comment"></highlight><highlight class="normal"><sp/><sp/><sp/><sp/><sp/><sp/><sp/><sp/></highlight><highlight class="keyword">public</highlight><highlight class="normal"><sp/><ref refid="class_t_m_sw_pages_1_1_view_log_details_1a52d7460a3afa1e236afeeeb29c88584c" kindref="member">ViewLogDetails</ref>(</highlight><highlight class="keywordtype">object</highlight><highlight class="normal"><sp/>data)<sp/>:<sp/></highlight><highlight class="keyword">this</highlight><highlight class="normal">()</highlight></codeline>
<codeline lineno="64"><highlight class="normal"><sp/><sp/><sp/><sp/><sp/><sp/><sp/><sp/>{</highlight></codeline>
<codeline lineno="66"><highlight class="normal"><sp/><sp/><sp/><sp/><sp/><sp/><sp/><sp/><sp/><sp/><sp/><sp/>this.DataContext<sp/>=<sp/>data;</highlight></codeline>
<codeline lineno="67"><highlight class="normal"><sp/><sp/><sp/><sp/><sp/><sp/><sp/><sp/>}</highlight></codeline>
<codeline lineno="68"><highlight class="normal"></highlight></codeline>
<codeline lineno="69"><highlight class="normal"><sp/><sp/><sp/><sp/>}</highlight></codeline>
<codeline lineno="70"><highlight class="normal">}</highlight></codeline>
<codeline lineno="71"><highlight class="normal"></highlight></codeline>
    </programlisting>
    <location file="C:/Users/School User/Code/TMS-Dump/Transport Management System WPF/TMSwPages/ViewLogDetails.xaml.cs"/>
  </compounddef>
</doxygen>
