<?xml version='1.0' encoding='UTF-8' standalone='no'?>
<doxygen xmlns:xsi="http://www.w3.org/2001/XMLSchema-instance" xsi:noNamespaceSchemaLocation="compound.xsd" version="1.8.16">
  <compounddef id="class_transport___management___system___w_p_f_1_1_contract" kind="class" language="C#" prot="public">
    <compoundname>Transport_Management_System_WPF::Contract</compoundname>
      <sectiondef kind="property">
      <memberdef kind="property" id="class_transport___management___system___w_p_f_1_1_contract_1a41ac173e3c56e0ae7f6a114635c3384f" prot="public" static="no" readable="no" writable="no" gettable="yes" privategettable="no" protectedgettable="no" settable="yes" privatesettable="no" protectedsettable="no">
        <type>string</type>
        <definition>string Transport_Management_System_WPF.Contract.client_Name</definition>
        <argsstring></argsstring>
        <name>client_Name</name>
        <briefdescription>
        </briefdescription>
        <detaileddescription>
        </detaileddescription>
        <inbodydescription>
        </inbodydescription>
        <location file="C:/Users/School User/Code/TMS-Dump/Transport Management System WPF/Transport Management System WPF/Contract.cs" line="31" column="23" bodyfile="C:/Users/School User/Code/TMS-Dump/Transport Management System WPF/Transport Management System WPF/Contract.cs" bodystart="32" bodyend="35"/>
      </memberdef>
      <memberdef kind="property" id="class_transport___management___system___w_p_f_1_1_contract_1aca3e55529a8daa8e8374f2e09fd943a6" prot="public" static="no" readable="no" writable="no" gettable="yes" privategettable="no" protectedgettable="no" settable="yes" privatesettable="no" protectedsettable="no">
        <type>bool</type>
        <definition>bool Transport_Management_System_WPF.Contract.job_Type</definition>
        <argsstring></argsstring>
        <name>job_Type</name>
        <briefdescription>
        </briefdescription>
        <detaileddescription>
        </detaileddescription>
        <inbodydescription>
        </inbodydescription>
        <location file="C:/Users/School User/Code/TMS-Dump/Transport Management System WPF/Transport Management System WPF/Contract.cs" line="36" column="21" bodyfile="C:/Users/School User/Code/TMS-Dump/Transport Management System WPF/Transport Management System WPF/Contract.cs" bodystart="37" bodyend="40"/>
      </memberdef>
      <memberdef kind="property" id="class_transport___management___system___w_p_f_1_1_contract_1a0e5bada08c53049adfc4a73271316692" prot="public" static="no" readable="no" writable="no" gettable="yes" privategettable="no" protectedgettable="no" settable="yes" privatesettable="no" protectedsettable="no">
        <type>int</type>
        <definition>int Transport_Management_System_WPF.Contract.quantity</definition>
        <argsstring></argsstring>
        <name>quantity</name>
        <briefdescription>
        </briefdescription>
        <detaileddescription>
        </detaileddescription>
        <inbodydescription>
        </inbodydescription>
        <location file="C:/Users/School User/Code/TMS-Dump/Transport Management System WPF/Transport Management System WPF/Contract.cs" line="41" column="20" bodyfile="C:/Users/School User/Code/TMS-Dump/Transport Management System WPF/Transport Management System WPF/Contract.cs" bodystart="42" bodyend="45"/>
      </memberdef>
      <memberdef kind="property" id="class_transport___management___system___w_p_f_1_1_contract_1a94cc2bb53b867ee05003849bb3d954d6" prot="public" static="no" readable="no" writable="no" gettable="yes" privategettable="no" protectedgettable="no" settable="yes" privatesettable="no" protectedsettable="no">
        <type>string</type>
        <definition>string Transport_Management_System_WPF.Contract.origin</definition>
        <argsstring></argsstring>
        <name>origin</name>
        <briefdescription>
        </briefdescription>
        <detaileddescription>
        </detaileddescription>
        <inbodydescription>
        </inbodydescription>
        <location file="C:/Users/School User/Code/TMS-Dump/Transport Management System WPF/Transport Management System WPF/Contract.cs" line="46" column="23" bodyfile="C:/Users/School User/Code/TMS-Dump/Transport Management System WPF/Transport Management System WPF/Contract.cs" bodystart="47" bodyend="50"/>
      </memberdef>
      <memberdef kind="property" id="class_transport___management___system___w_p_f_1_1_contract_1a3609748147e09807df18d132b3e899d9" prot="public" static="no" readable="no" writable="no" gettable="yes" privategettable="no" protectedgettable="no" settable="yes" privatesettable="no" protectedsettable="no">
        <type>string</type>
        <definition>string Transport_Management_System_WPF.Contract.destination</definition>
        <argsstring></argsstring>
        <name>destination</name>
        <briefdescription>
        </briefdescription>
        <detaileddescription>
        </detaileddescription>
        <inbodydescription>
        </inbodydescription>
        <location file="C:/Users/School User/Code/TMS-Dump/Transport Management System WPF/Transport Management System WPF/Contract.cs" line="51" column="23" bodyfile="C:/Users/School User/Code/TMS-Dump/Transport Management System WPF/Transport Management System WPF/Contract.cs" bodystart="52" bodyend="55"/>
      </memberdef>
      <memberdef kind="property" id="class_transport___management___system___w_p_f_1_1_contract_1a5fbe75b711bca7ae679a905b87b39d21" prot="public" static="no" readable="no" writable="no" gettable="yes" privategettable="no" protectedgettable="no" settable="yes" privatesettable="no" protectedsettable="no">
        <type>bool</type>
        <definition>bool Transport_Management_System_WPF.Contract.van_Type</definition>
        <argsstring></argsstring>
        <name>van_Type</name>
        <briefdescription>
        </briefdescription>
        <detaileddescription>
        </detaileddescription>
        <inbodydescription>
        </inbodydescription>
        <location file="C:/Users/School User/Code/TMS-Dump/Transport Management System WPF/Transport Management System WPF/Contract.cs" line="56" column="21" bodyfile="C:/Users/School User/Code/TMS-Dump/Transport Management System WPF/Transport Management System WPF/Contract.cs" bodystart="57" bodyend="60"/>
      </memberdef>
      </sectiondef>
      <sectiondef kind="public-attrib">
      <memberdef kind="variable" id="class_transport___management___system___w_p_f_1_1_contract_1ae7c3e9a488287e6703064acda1bed8d1" prot="public" static="no" mutable="no">
        <type>List&lt; string &gt;</type>
        <definition>List&lt;string&gt; Transport_Management_System_WPF.Contract.nominatedCarriers</definition>
        <argsstring></argsstring>
        <name>nominatedCarriers</name>
        <briefdescription>
        </briefdescription>
        <detaileddescription>
        </detaileddescription>
        <inbodydescription>
        </inbodydescription>
        <location file="C:/Users/School User/Code/TMS-Dump/Transport Management System WPF/Transport Management System WPF/Contract.cs" line="62" column="21" bodyfile="C:/Users/School User/Code/TMS-Dump/Transport Management System WPF/Transport Management System WPF/Contract.cs" bodystart="62" bodyend="-1"/>
      </memberdef>
      </sectiondef>
      <sectiondef kind="public-static-func">
      <memberdef kind="function" id="class_transport___management___system___w_p_f_1_1_contract_1a254ed52cf71342faa887347d1b3ca016" prot="public" static="yes" const="no" explicit="no" inline="yes" virt="non-virtual">
        <type>int</type>
        <definition>int Transport_Management_System_WPF.Contract::ToCityID</definition>
        <argsstring>(string inputCity)</argsstring>
        <name>ToCityID</name>
        <param>
          <type>string</type>
          <declname>inputCity</declname>
        </param>
        <briefdescription>
<para>Converts a city name to the corresponding int. </para>
        </briefdescription>
        <detaileddescription>
<para>This function converts a city to the corresponding int by comparing the input string to city names and outputs the proper value for the city. <parameterlist kind="param"><parameteritem>
<parameternamelist>
<parametername direction="in">string</parametername>
</parameternamelist>
<parameterdescription>
<para>inputCity An incoming value meant to become the square&apos;s colour </para>
</parameterdescription>
</parameteritem>
<parameteritem>
<parameternamelist>
<parametername direction="out">none</parametername>
</parameternamelist>
<parameterdescription>
<para></para>
</parameterdescription>
</parameteritem>
</parameterlist>
<parameterlist kind="exception"><parameteritem>
<parameternamelist>
<parametername>none</parametername>
</parameternamelist>
<parameterdescription>
<para></para>
</parameterdescription>
</parameteritem>
</parameterlist>
<simplesect kind="see"><para>none </para>
</simplesect>
<simplesect kind="return"><para>cityID in int format</para>
</simplesect>
<hruler/>
 </para>
        </detaileddescription>
        <inbodydescription>
        </inbodydescription>
        <location file="C:/Users/School User/Code/TMS-Dump/Transport Management System WPF/Transport Management System WPF/Contract.cs" line="79" column="27" bodyfile="C:/Users/School User/Code/TMS-Dump/Transport Management System WPF/Transport Management System WPF/Contract.cs" bodystart="79" bodyend="115"/>
      </memberdef>
      </sectiondef>
    <briefdescription>
<para>This class holds the contracts. </para>
    </briefdescription>
    <detaileddescription>
<para>This class will mainly be used to pass contract data through out the application.</para>
<para><hruler/>
 </para>
    </detaileddescription>
    <location file="C:/Users/School User/Code/TMS-Dump/Transport Management System WPF/Transport Management System WPF/Contract.cs" line="30" column="1" bodyfile="C:/Users/School User/Code/TMS-Dump/Transport Management System WPF/Transport Management System WPF/Contract.cs" bodystart="29" bodyend="116"/>
    <listofallmembers>
      <member refid="class_transport___management___system___w_p_f_1_1_contract_1a41ac173e3c56e0ae7f6a114635c3384f" prot="public" virt="non-virtual"><scope>Transport_Management_System_WPF::Contract</scope><name>client_Name</name></member>
      <member refid="class_transport___management___system___w_p_f_1_1_contract_1a3609748147e09807df18d132b3e899d9" prot="public" virt="non-virtual"><scope>Transport_Management_System_WPF::Contract</scope><name>destination</name></member>
      <member refid="class_transport___management___system___w_p_f_1_1_contract_1aca3e55529a8daa8e8374f2e09fd943a6" prot="public" virt="non-virtual"><scope>Transport_Management_System_WPF::Contract</scope><name>job_Type</name></member>
      <member refid="class_transport___management___system___w_p_f_1_1_contract_1ae7c3e9a488287e6703064acda1bed8d1" prot="public" virt="non-virtual"><scope>Transport_Management_System_WPF::Contract</scope><name>nominatedCarriers</name></member>
      <member refid="class_transport___management___system___w_p_f_1_1_contract_1a94cc2bb53b867ee05003849bb3d954d6" prot="public" virt="non-virtual"><scope>Transport_Management_System_WPF::Contract</scope><name>origin</name></member>
      <member refid="class_transport___management___system___w_p_f_1_1_contract_1a0e5bada08c53049adfc4a73271316692" prot="public" virt="non-virtual"><scope>Transport_Management_System_WPF::Contract</scope><name>quantity</name></member>
      <member refid="class_transport___management___system___w_p_f_1_1_contract_1a254ed52cf71342faa887347d1b3ca016" prot="public" virt="non-virtual"><scope>Transport_Management_System_WPF::Contract</scope><name>ToCityID</name></member>
      <member refid="class_transport___management___system___w_p_f_1_1_contract_1a5fbe75b711bca7ae679a905b87b39d21" prot="public" virt="non-virtual"><scope>Transport_Management_System_WPF::Contract</scope><name>van_Type</name></member>
    </listofallmembers>
  </compounddef>
</doxygen>
