<?xml version='1.0' encoding='UTF-8' standalone='no'?>
<doxygen xmlns:xsi="http://www.w3.org/2001/XMLSchema-instance" xsi:noNamespaceSchemaLocation="compound.xsd" version="1.8.16">
  <compounddef id="class_transport___management___system___w_p_f_1_1_city_node" kind="class" language="C#" prot="public">
    <compoundname>Transport_Management_System_WPF::CityNode</compoundname>
      <sectiondef kind="property">
      <memberdef kind="property" id="class_transport___management___system___w_p_f_1_1_city_node_1aeca85784cd7fa87b003d372df46195b1" prot="public" static="no" readable="no" writable="no" gettable="yes" privategettable="no" protectedgettable="no" settable="yes" privatesettable="no" protectedsettable="no">
        <type>int</type>
        <definition>int Transport_Management_System_WPF.CityNode.CityID</definition>
        <argsstring></argsstring>
        <name>CityID</name>
        <briefdescription>
        </briefdescription>
        <detaileddescription>
        </detaileddescription>
        <inbodydescription>
        </inbodydescription>
        <location file="C:/Users/School User/Code/TMS-Dump/Transport Management System WPF/Transport Management System WPF/MappingClass.cs" line="57" column="20" bodyfile="C:/Users/School User/Code/TMS-Dump/Transport Management System WPF/Transport Management System WPF/MappingClass.cs" bodystart="57" bodyend="57"/>
      </memberdef>
      <memberdef kind="property" id="class_transport___management___system___w_p_f_1_1_city_node_1acf6a7ad108df5682216f0bd71fb827d7" prot="public" static="no" readable="no" writable="no" gettable="yes" privategettable="no" protectedgettable="no" settable="yes" privatesettable="no" protectedsettable="no">
        <type>string</type>
        <definition>string Transport_Management_System_WPF.CityNode.CityName</definition>
        <argsstring></argsstring>
        <name>CityName</name>
        <briefdescription>
        </briefdescription>
        <detaileddescription>
        </detaileddescription>
        <inbodydescription>
        </inbodydescription>
        <location file="C:/Users/School User/Code/TMS-Dump/Transport Management System WPF/Transport Management System WPF/MappingClass.cs" line="58" column="23" bodyfile="C:/Users/School User/Code/TMS-Dump/Transport Management System WPF/Transport Management System WPF/MappingClass.cs" bodystart="58" bodyend="58"/>
      </memberdef>
      <memberdef kind="property" id="class_transport___management___system___w_p_f_1_1_city_node_1a1a8b493f67d74c5d238ecf1d4e7d9620" prot="public" static="no" readable="no" writable="no" gettable="yes" privategettable="no" protectedgettable="no" settable="yes" privatesettable="no" protectedsettable="no">
        <type><ref refid="class_transport___management___system___w_p_f_1_1_city_node" kindref="compound">CityNode</ref></type>
        <definition>CityNode Transport_Management_System_WPF.CityNode.East</definition>
        <argsstring></argsstring>
        <name>East</name>
        <briefdescription>
        </briefdescription>
        <detaileddescription>
        </detaileddescription>
        <inbodydescription>
        </inbodydescription>
        <location file="C:/Users/School User/Code/TMS-Dump/Transport Management System WPF/Transport Management System WPF/MappingClass.cs" line="59" column="25" bodyfile="C:/Users/School User/Code/TMS-Dump/Transport Management System WPF/Transport Management System WPF/MappingClass.cs" bodystart="59" bodyend="59"/>
      </memberdef>
      <memberdef kind="property" id="class_transport___management___system___w_p_f_1_1_city_node_1a3e017c17a23740fb85e42fca68f541a3" prot="public" static="no" readable="no" writable="no" gettable="yes" privategettable="no" protectedgettable="no" settable="yes" privatesettable="no" protectedsettable="no">
        <type>int</type>
        <definition>int Transport_Management_System_WPF.CityNode.EastKM</definition>
        <argsstring></argsstring>
        <name>EastKM</name>
        <briefdescription>
        </briefdescription>
        <detaileddescription>
        </detaileddescription>
        <inbodydescription>
        </inbodydescription>
        <location file="C:/Users/School User/Code/TMS-Dump/Transport Management System WPF/Transport Management System WPF/MappingClass.cs" line="60" column="20" bodyfile="C:/Users/School User/Code/TMS-Dump/Transport Management System WPF/Transport Management System WPF/MappingClass.cs" bodystart="60" bodyend="60"/>
      </memberdef>
      <memberdef kind="property" id="class_transport___management___system___w_p_f_1_1_city_node_1aea7ea8b5814108890a32e553958ae85b" prot="public" static="no" readable="no" writable="no" gettable="yes" privategettable="no" protectedgettable="no" settable="yes" privatesettable="no" protectedsettable="no">
        <type>double</type>
        <definition>double Transport_Management_System_WPF.CityNode.EastHour</definition>
        <argsstring></argsstring>
        <name>EastHour</name>
        <briefdescription>
        </briefdescription>
        <detaileddescription>
        </detaileddescription>
        <inbodydescription>
        </inbodydescription>
        <location file="C:/Users/School User/Code/TMS-Dump/Transport Management System WPF/Transport Management System WPF/MappingClass.cs" line="61" column="23" bodyfile="C:/Users/School User/Code/TMS-Dump/Transport Management System WPF/Transport Management System WPF/MappingClass.cs" bodystart="61" bodyend="61"/>
      </memberdef>
      <memberdef kind="property" id="class_transport___management___system___w_p_f_1_1_city_node_1a42241fedecce3a8de470ed7339432403" prot="public" static="no" readable="no" writable="no" gettable="yes" privategettable="no" protectedgettable="no" settable="yes" privatesettable="no" protectedsettable="no">
        <type><ref refid="class_transport___management___system___w_p_f_1_1_city_node" kindref="compound">CityNode</ref></type>
        <definition>CityNode Transport_Management_System_WPF.CityNode.West</definition>
        <argsstring></argsstring>
        <name>West</name>
        <briefdescription>
        </briefdescription>
        <detaileddescription>
        </detaileddescription>
        <inbodydescription>
        </inbodydescription>
        <location file="C:/Users/School User/Code/TMS-Dump/Transport Management System WPF/Transport Management System WPF/MappingClass.cs" line="62" column="25" bodyfile="C:/Users/School User/Code/TMS-Dump/Transport Management System WPF/Transport Management System WPF/MappingClass.cs" bodystart="62" bodyend="62"/>
      </memberdef>
      <memberdef kind="property" id="class_transport___management___system___w_p_f_1_1_city_node_1a9c35751ba5a470c3f8c5c541d6c6ae6e" prot="public" static="no" readable="no" writable="no" gettable="yes" privategettable="no" protectedgettable="no" settable="yes" privatesettable="no" protectedsettable="no">
        <type>int</type>
        <definition>int Transport_Management_System_WPF.CityNode.WestKM</definition>
        <argsstring></argsstring>
        <name>WestKM</name>
        <briefdescription>
        </briefdescription>
        <detaileddescription>
        </detaileddescription>
        <inbodydescription>
        </inbodydescription>
        <location file="C:/Users/School User/Code/TMS-Dump/Transport Management System WPF/Transport Management System WPF/MappingClass.cs" line="63" column="20" bodyfile="C:/Users/School User/Code/TMS-Dump/Transport Management System WPF/Transport Management System WPF/MappingClass.cs" bodystart="63" bodyend="63"/>
      </memberdef>
      <memberdef kind="property" id="class_transport___management___system___w_p_f_1_1_city_node_1a05008ea061410d2952f1912f76ad26fa" prot="public" static="no" readable="no" writable="no" gettable="yes" privategettable="no" protectedgettable="no" settable="yes" privatesettable="no" protectedsettable="no">
        <type>double</type>
        <definition>double Transport_Management_System_WPF.CityNode.WestHour</definition>
        <argsstring></argsstring>
        <name>WestHour</name>
        <briefdescription>
        </briefdescription>
        <detaileddescription>
        </detaileddescription>
        <inbodydescription>
        </inbodydescription>
        <location file="C:/Users/School User/Code/TMS-Dump/Transport Management System WPF/Transport Management System WPF/MappingClass.cs" line="64" column="23" bodyfile="C:/Users/School User/Code/TMS-Dump/Transport Management System WPF/Transport Management System WPF/MappingClass.cs" bodystart="64" bodyend="64"/>
      </memberdef>
      </sectiondef>
      <sectiondef kind="public-func">
      <memberdef kind="function" id="class_transport___management___system___w_p_f_1_1_city_node_1a6f66e2a70e57355be0f0ba272bcb2665" prot="public" static="no" const="no" explicit="no" inline="yes" virt="non-virtual">
        <type></type>
        <definition>Transport_Management_System_WPF.CityNode.CityNode</definition>
        <argsstring>(string inName, int inCityId)</argsstring>
        <name>CityNode</name>
        <param>
          <type>string</type>
          <declname>inName</declname>
        </param>
        <param>
          <type>int</type>
          <declname>inCityId</declname>
        </param>
        <briefdescription>
        </briefdescription>
        <detaileddescription>
        </detaileddescription>
        <inbodydescription>
        </inbodydescription>
        <location file="C:/Users/School User/Code/TMS-Dump/Transport Management System WPF/Transport Management System WPF/MappingClass.cs" line="66" column="16" bodyfile="C:/Users/School User/Code/TMS-Dump/Transport Management System WPF/Transport Management System WPF/MappingClass.cs" bodystart="66" bodyend="70"/>
      </memberdef>
      </sectiondef>
    <briefdescription>
<para>This class runs the <ref refid="class_transport___management___system___w_p_f_1_1_city_node" kindref="compound">CityNode</ref> functionality. </para>
    </briefdescription>
    <detaileddescription>
<para>... static class? <linebreak/>
</para>
<para><hruler/>
 </para>
    </detaileddescription>
    <location file="C:/Users/School User/Code/TMS-Dump/Transport Management System WPF/Transport Management System WPF/MappingClass.cs" line="56" column="1" bodyfile="C:/Users/School User/Code/TMS-Dump/Transport Management System WPF/Transport Management System WPF/MappingClass.cs" bodystart="55" bodyend="71"/>
    <listofallmembers>
      <member refid="class_transport___management___system___w_p_f_1_1_city_node_1aeca85784cd7fa87b003d372df46195b1" prot="public" virt="non-virtual"><scope>Transport_Management_System_WPF::CityNode</scope><name>CityID</name></member>
      <member refid="class_transport___management___system___w_p_f_1_1_city_node_1acf6a7ad108df5682216f0bd71fb827d7" prot="public" virt="non-virtual"><scope>Transport_Management_System_WPF::CityNode</scope><name>CityName</name></member>
      <member refid="class_transport___management___system___w_p_f_1_1_city_node_1a6f66e2a70e57355be0f0ba272bcb2665" prot="public" virt="non-virtual"><scope>Transport_Management_System_WPF::CityNode</scope><name>CityNode</name></member>
      <member refid="class_transport___management___system___w_p_f_1_1_city_node_1a1a8b493f67d74c5d238ecf1d4e7d9620" prot="public" virt="non-virtual"><scope>Transport_Management_System_WPF::CityNode</scope><name>East</name></member>
      <member refid="class_transport___management___system___w_p_f_1_1_city_node_1aea7ea8b5814108890a32e553958ae85b" prot="public" virt="non-virtual"><scope>Transport_Management_System_WPF::CityNode</scope><name>EastHour</name></member>
      <member refid="class_transport___management___system___w_p_f_1_1_city_node_1a3e017c17a23740fb85e42fca68f541a3" prot="public" virt="non-virtual"><scope>Transport_Management_System_WPF::CityNode</scope><name>EastKM</name></member>
      <member refid="class_transport___management___system___w_p_f_1_1_city_node_1a42241fedecce3a8de470ed7339432403" prot="public" virt="non-virtual"><scope>Transport_Management_System_WPF::CityNode</scope><name>West</name></member>
      <member refid="class_transport___management___system___w_p_f_1_1_city_node_1a05008ea061410d2952f1912f76ad26fa" prot="public" virt="non-virtual"><scope>Transport_Management_System_WPF::CityNode</scope><name>WestHour</name></member>
      <member refid="class_transport___management___system___w_p_f_1_1_city_node_1a9c35751ba5a470c3f8c5c541d6c6ae6e" prot="public" virt="non-virtual"><scope>Transport_Management_System_WPF::CityNode</scope><name>WestKM</name></member>
    </listofallmembers>
  </compounddef>
</doxygen>
