<?xml version='1.0' encoding='UTF-8' standalone='no'?>
<doxygen xmlns:xsi="http://www.w3.org/2001/XMLSchema-instance" xsi:noNamespaceSchemaLocation="compound.xsd" version="1.8.16">
  <compounddef id="class_transport___management___system___w_p_f_1_1_s_q_l___query" kind="class" language="C#" prot="public">
    <compoundname>Transport_Management_System_WPF::SQL_Query</compoundname>
      <sectiondef kind="private-attrib">
      <memberdef kind="variable" id="class_transport___management___system___w_p_f_1_1_s_q_l___query_1af7b60498e05b190cb6a67624ef511bdb" prot="private" static="no" mutable="no">
        <type>MySqlConnection</type>
        <definition>MySqlConnection Transport_Management_System_WPF.SQL_Query.connection</definition>
        <argsstring></argsstring>
        <name>connection</name>
        <briefdescription>
        </briefdescription>
        <detaileddescription>
        </detaileddescription>
        <inbodydescription>
        </inbodydescription>
        <location file="C:/Users/School User/Code/TMS-Dump/Transport Management System WPF/Transport Management System WPF/SQL_Query.cs" line="40" column="33" bodyfile="C:/Users/School User/Code/TMS-Dump/Transport Management System WPF/Transport Management System WPF/SQL_Query.cs" bodystart="40" bodyend="-1"/>
      </memberdef>
      <memberdef kind="variable" id="class_transport___management___system___w_p_f_1_1_s_q_l___query_1a74e809c491defe9a639c92f31fd21cbb" prot="private" static="no" mutable="no">
        <type>string</type>
        <definition>string Transport_Management_System_WPF.SQL_Query.server</definition>
        <argsstring></argsstring>
        <name>server</name>
        <briefdescription>
        </briefdescription>
        <detaileddescription>
        </detaileddescription>
        <inbodydescription>
        </inbodydescription>
        <location file="C:/Users/School User/Code/TMS-Dump/Transport Management System WPF/Transport Management System WPF/SQL_Query.cs" line="41" column="24" bodyfile="C:/Users/School User/Code/TMS-Dump/Transport Management System WPF/Transport Management System WPF/SQL_Query.cs" bodystart="41" bodyend="-1"/>
      </memberdef>
      <memberdef kind="variable" id="class_transport___management___system___w_p_f_1_1_s_q_l___query_1a8d537a3d3e432a7348889a9d74c629c6" prot="private" static="no" mutable="no">
        <type>string</type>
        <definition>string Transport_Management_System_WPF.SQL_Query.database</definition>
        <argsstring></argsstring>
        <name>database</name>
        <briefdescription>
        </briefdescription>
        <detaileddescription>
        </detaileddescription>
        <inbodydescription>
        </inbodydescription>
        <location file="C:/Users/School User/Code/TMS-Dump/Transport Management System WPF/Transport Management System WPF/SQL_Query.cs" line="42" column="24" bodyfile="C:/Users/School User/Code/TMS-Dump/Transport Management System WPF/Transport Management System WPF/SQL_Query.cs" bodystart="42" bodyend="-1"/>
      </memberdef>
      <memberdef kind="variable" id="class_transport___management___system___w_p_f_1_1_s_q_l___query_1a9f88738a93abcfe0a2840de3d99487c3" prot="private" static="no" mutable="no">
        <type>string</type>
        <definition>string Transport_Management_System_WPF.SQL_Query.uid</definition>
        <argsstring></argsstring>
        <name>uid</name>
        <briefdescription>
        </briefdescription>
        <detaileddescription>
        </detaileddescription>
        <inbodydescription>
        </inbodydescription>
        <location file="C:/Users/School User/Code/TMS-Dump/Transport Management System WPF/Transport Management System WPF/SQL_Query.cs" line="43" column="24" bodyfile="C:/Users/School User/Code/TMS-Dump/Transport Management System WPF/Transport Management System WPF/SQL_Query.cs" bodystart="43" bodyend="-1"/>
      </memberdef>
      <memberdef kind="variable" id="class_transport___management___system___w_p_f_1_1_s_q_l___query_1ab28ec0d2ffcdbc011c59b42a430b87e8" prot="private" static="no" mutable="no">
        <type>string</type>
        <definition>string Transport_Management_System_WPF.SQL_Query.password</definition>
        <argsstring></argsstring>
        <name>password</name>
        <briefdescription>
        </briefdescription>
        <detaileddescription>
        </detaileddescription>
        <inbodydescription>
        </inbodydescription>
        <location file="C:/Users/School User/Code/TMS-Dump/Transport Management System WPF/Transport Management System WPF/SQL_Query.cs" line="44" column="24" bodyfile="C:/Users/School User/Code/TMS-Dump/Transport Management System WPF/Transport Management System WPF/SQL_Query.cs" bodystart="44" bodyend="-1"/>
      </memberdef>
      </sectiondef>
      <sectiondef kind="public-func">
      <memberdef kind="function" id="class_transport___management___system___w_p_f_1_1_s_q_l___query_1a7d034c7bc3c6a46bb58fd2e8b828a34d" prot="public" static="no" const="no" explicit="no" inline="yes" virt="non-virtual">
        <type></type>
        <definition>void Transport_Management_System_WPF.SQL_Query::SQL_Query</definition>
        <argsstring>()</argsstring>
        <name>SQL_Query</name>
        <briefdescription>
<para>Constructor. </para>
        </briefdescription>
        <detaileddescription>
<para>Constructor. <parameterlist kind="param"><parameteritem>
<parameternamelist>
<parametername direction="in">none</parametername>
</parameternamelist>
<parameterdescription>
<para></para>
</parameterdescription>
</parameteritem>
<parameteritem>
<parameternamelist>
<parametername direction="out">none</parametername>
</parameternamelist>
<parameterdescription>
<para></para>
</parameterdescription>
</parameteritem>
</parameterlist>
<parameterlist kind="exception"><parameteritem>
<parameternamelist>
<parametername>none</parametername>
</parameternamelist>
<parameterdescription>
<para></para>
</parameterdescription>
</parameteritem>
</parameterlist>
<simplesect kind="see"><para><ref refid="class_transport___management___system___w_p_f_1_1_s_q_l___query_1a8470abbd9b4a29d1ab96d9f40f9ab978" kindref="member">Initialize()</ref> </para>
</simplesect>
<simplesect kind="return"><para>None</para>
</simplesect>
<hruler/>
 </para>
        </detaileddescription>
        <inbodydescription>
        </inbodydescription>
        <location file="C:/Users/School User/Code/TMS-Dump/Transport Management System WPF/Transport Management System WPF/SQL_Query.cs" line="59" column="16" bodyfile="C:/Users/School User/Code/TMS-Dump/Transport Management System WPF/Transport Management System WPF/SQL_Query.cs" bodystart="59" bodyend="62"/>
      </memberdef>
      <memberdef kind="function" id="class_transport___management___system___w_p_f_1_1_s_q_l___query_1a8470abbd9b4a29d1ab96d9f40f9ab978" prot="public" static="no" const="no" explicit="no" inline="yes" virt="non-virtual">
        <type>void</type>
        <definition>void Transport_Management_System_WPF.SQL_Query::Initialize</definition>
        <argsstring>()</argsstring>
        <name>Initialize</name>
        <briefdescription>
<para>Sets all values for the sql connection. </para>
        </briefdescription>
        <detaileddescription>
<para>Sets all values for the sql connection. <parameterlist kind="param"><parameteritem>
<parameternamelist>
<parametername direction="in">none</parametername>
</parameternamelist>
<parameterdescription>
<para></para>
</parameterdescription>
</parameteritem>
<parameteritem>
<parameternamelist>
<parametername direction="out">none</parametername>
</parameternamelist>
<parameterdescription>
<para></para>
</parameterdescription>
</parameteritem>
</parameterlist>
<parameterlist kind="exception"><parameteritem>
<parameternamelist>
<parametername>none</parametername>
</parameternamelist>
<parameterdescription>
<para>should be thrown </para>
</parameterdescription>
</parameteritem>
</parameterlist>
<simplesect kind="see"><para>none </para>
</simplesect>
<simplesect kind="return"><para>None</para>
</simplesect>
<hruler/>
 </para>
        </detaileddescription>
        <inbodydescription>
        </inbodydescription>
        <location file="C:/Users/School User/Code/TMS-Dump/Transport Management System WPF/Transport Management System WPF/SQL_Query.cs" line="77" column="21" bodyfile="C:/Users/School User/Code/TMS-Dump/Transport Management System WPF/Transport Management System WPF/SQL_Query.cs" bodystart="77" bodyend="88"/>
      </memberdef>
      <memberdef kind="function" id="class_transport___management___system___w_p_f_1_1_s_q_l___query_1a15ae7fdb11fdb83e124c875b7d949b0b" prot="public" static="no" const="no" explicit="no" inline="yes" virt="non-virtual">
        <type>List&lt; string &gt;[]</type>
        <definition>Transport_Management_System_WPF.SQL_Query::Select_Contracts</definition>
        <argsstring>()</argsstring>
        <name>Select_Contracts</name>
        <briefdescription>
<para>public function that pulls all contracts from database for the buyer. </para>
        </briefdescription>
        <detaileddescription>
<para>Pulls all contracts from database usinhg mysql querys and populates a list which and returns the list. <parameterlist kind="param"><parameteritem>
<parameternamelist>
<parametername direction="in">void</parametername>
</parameternamelist>
<parameterdescription>
<para></para>
</parameterdescription>
</parameteritem>
<parameteritem>
<parameternamelist>
<parametername direction="out">void</parametername>
</parameternamelist>
<parameterdescription>
<para></para>
</parameterdescription>
</parameteritem>
</parameterlist>
<parameterlist kind="exception"><parameteritem>
<parameternamelist>
<parametername>no</parametername>
</parameternamelist>
<parameterdescription>
<para>exceptions should be thrown. </para>
</parameterdescription>
</parameteritem>
</parameterlist>
<simplesect kind="see"><para><ref refid="class_transport___management___system___w_p_f_1_1_buyer_class" kindref="compound">BuyerClass</ref> Class </para>
</simplesect>
<simplesect kind="return"><para>List&lt;string&gt;[]</para>
</simplesect>
<hruler/>
 </para>
        </detaileddescription>
        <inbodydescription>
        </inbodydescription>
        <location file="C:/Users/School User/Code/TMS-Dump/Transport Management System WPF/Transport Management System WPF/SQL_Query.cs" line="174" column="21" bodyfile="C:/Users/School User/Code/TMS-Dump/Transport Management System WPF/Transport Management System WPF/SQL_Query.cs" bodystart="174" bodyend="219"/>
      </memberdef>
      </sectiondef>
      <sectiondef kind="private-func">
      <memberdef kind="function" id="class_transport___management___system___w_p_f_1_1_s_q_l___query_1a84f129cd23e49a64a4d0a31b7cea2e21" prot="private" static="no" const="no" explicit="no" inline="yes" virt="non-virtual">
        <type>bool</type>
        <definition>bool Transport_Management_System_WPF.SQL_Query::OpenConnection</definition>
        <argsstring>()</argsstring>
        <name>OpenConnection</name>
        <briefdescription>
<para>To create a new Square by validating or else defaulting new values. </para>
        </briefdescription>
        <detaileddescription>
<para>THis is if you have more to say about what the function does and don&apos;t want to inline comment <parameterlist kind="param"><parameteritem>
<parameternamelist>
<parametername direction="in">none</parametername>
</parameternamelist>
<parameterdescription>
<para></para>
</parameterdescription>
</parameteritem>
<parameteritem>
<parameternamelist>
<parametername direction="out">none</parametername>
</parameternamelist>
<parameterdescription>
<para></para>
</parameterdescription>
</parameteritem>
</parameterlist>
<parameterlist kind="exception"><parameteritem>
<parameternamelist>
<parametername>MySqlException</parametername>
</parameternamelist>
<parameterdescription>
<para>ex, 0: Cannot connect to server. Contact administrator / 1: Invalid username/password, please try again </para>
</parameterdescription>
</parameteritem>
</parameterlist>
<simplesect kind="see"><para>CallsMade() </para>
</simplesect>
<simplesect kind="return"><para>None</para>
</simplesect>
<hruler/>
 </para>
        </detaileddescription>
        <inbodydescription>
        </inbodydescription>
        <location file="C:/Users/School User/Code/TMS-Dump/Transport Management System WPF/Transport Management System WPF/SQL_Query.cs" line="103" column="22" bodyfile="C:/Users/School User/Code/TMS-Dump/Transport Management System WPF/Transport Management System WPF/SQL_Query.cs" bodystart="103" bodyend="131"/>
      </memberdef>
      <memberdef kind="function" id="class_transport___management___system___w_p_f_1_1_s_q_l___query_1a3b1b6790a3ca4aec7c3585b7a8bc7d79" prot="private" static="no" const="no" explicit="no" inline="yes" virt="non-virtual">
        <type>bool</type>
        <definition>bool Transport_Management_System_WPF.SQL_Query::CloseConnection</definition>
        <argsstring>()</argsstring>
        <name>CloseConnection</name>
        <briefdescription>
<para>Closes the connection to the SQL database server. </para>
        </briefdescription>
        <detaileddescription>
<para>Closes the connection to the SQL database server and outputs an exeption to the log and to the screen if a exception is thrown. <parameterlist kind="param"><parameteritem>
<parameternamelist>
<parametername direction="in">none</parametername>
</parameternamelist>
<parameterdescription>
<para></para>
</parameterdescription>
</parameteritem>
<parameteritem>
<parameternamelist>
<parametername direction="out">none</parametername>
</parameternamelist>
<parameterdescription>
<para></para>
</parameterdescription>
</parameteritem>
</parameterlist>
<parameterlist kind="exception"><parameteritem>
<parameternamelist>
<parametername>MySqlException</parametername>
</parameternamelist>
<parameterdescription>
<para></para>
</parameterdescription>
</parameteritem>
</parameterlist>
<simplesect kind="see"><para>connection.Close() </para>
</simplesect>
<simplesect kind="return"><para>None</para>
</simplesect>
<hruler/>
 </para>
        </detaileddescription>
        <inbodydescription>
        </inbodydescription>
        <location file="C:/Users/School User/Code/TMS-Dump/Transport Management System WPF/Transport Management System WPF/SQL_Query.cs" line="146" column="22" bodyfile="C:/Users/School User/Code/TMS-Dump/Transport Management System WPF/Transport Management System WPF/SQL_Query.cs" bodystart="146" bodyend="159"/>
      </memberdef>
      </sectiondef>
    <briefdescription>
<para>This class does all of the querys dealing with the cmp db. </para>
    </briefdescription>
    <detaileddescription>
<para>public class. <linebreak/>
</para>
<para><hruler/>
 </para>
    </detaileddescription>
    <location file="C:/Users/School User/Code/TMS-Dump/Transport Management System WPF/Transport Management System WPF/SQL_Query.cs" line="38" column="1" bodyfile="C:/Users/School User/Code/TMS-Dump/Transport Management System WPF/Transport Management System WPF/SQL_Query.cs" bodystart="37" bodyend="255"/>
    <listofallmembers>
      <member refid="class_transport___management___system___w_p_f_1_1_s_q_l___query_1a3b1b6790a3ca4aec7c3585b7a8bc7d79" prot="private" virt="non-virtual"><scope>Transport_Management_System_WPF::SQL_Query</scope><name>CloseConnection</name></member>
      <member refid="class_transport___management___system___w_p_f_1_1_s_q_l___query_1af7b60498e05b190cb6a67624ef511bdb" prot="private" virt="non-virtual"><scope>Transport_Management_System_WPF::SQL_Query</scope><name>connection</name></member>
      <member refid="class_transport___management___system___w_p_f_1_1_s_q_l___query_1a8d537a3d3e432a7348889a9d74c629c6" prot="private" virt="non-virtual"><scope>Transport_Management_System_WPF::SQL_Query</scope><name>database</name></member>
      <member refid="class_transport___management___system___w_p_f_1_1_s_q_l___query_1a8470abbd9b4a29d1ab96d9f40f9ab978" prot="public" virt="non-virtual"><scope>Transport_Management_System_WPF::SQL_Query</scope><name>Initialize</name></member>
      <member refid="class_transport___management___system___w_p_f_1_1_s_q_l___query_1a84f129cd23e49a64a4d0a31b7cea2e21" prot="private" virt="non-virtual"><scope>Transport_Management_System_WPF::SQL_Query</scope><name>OpenConnection</name></member>
      <member refid="class_transport___management___system___w_p_f_1_1_s_q_l___query_1ab28ec0d2ffcdbc011c59b42a430b87e8" prot="private" virt="non-virtual"><scope>Transport_Management_System_WPF::SQL_Query</scope><name>password</name></member>
      <member refid="class_transport___management___system___w_p_f_1_1_s_q_l___query_1a15ae7fdb11fdb83e124c875b7d949b0b" prot="public" virt="non-virtual"><scope>Transport_Management_System_WPF::SQL_Query</scope><name>Select_Contracts</name></member>
      <member refid="class_transport___management___system___w_p_f_1_1_s_q_l___query_1a74e809c491defe9a639c92f31fd21cbb" prot="private" virt="non-virtual"><scope>Transport_Management_System_WPF::SQL_Query</scope><name>server</name></member>
      <member refid="class_transport___management___system___w_p_f_1_1_s_q_l___query_1a7d034c7bc3c6a46bb58fd2e8b828a34d" prot="public" virt="non-virtual"><scope>Transport_Management_System_WPF::SQL_Query</scope><name>SQL_Query</name></member>
      <member refid="class_transport___management___system___w_p_f_1_1_s_q_l___query_1a9f88738a93abcfe0a2840de3d99487c3" prot="private" virt="non-virtual"><scope>Transport_Management_System_WPF::SQL_Query</scope><name>uid</name></member>
    </listofallmembers>
  </compounddef>
</doxygen>
