<?xml version='1.0' encoding='UTF-8' standalone='no'?>
<doxygen xmlns:xsi="http://www.w3.org/2001/XMLSchema-instance" xsi:noNamespaceSchemaLocation="compound.xsd" version="1.8.16">
  <compounddef id="class_t_m_sw_pages_1_1_app" kind="class" language="C++" prot="public">
    <compoundname>TMSwPages::App</compoundname>
    <basecompoundref prot="private" virt="non-virtual">Application</basecompoundref>
    <briefdescription>
<para>Interaction logic for App.xaml </para>
    </briefdescription>
    <detaileddescription>
    </detaileddescription>
    <inheritancegraph>
      <node id="2">
        <label>Application</label>
      </node>
      <node id="1">
        <label>TMSwPages::App</label>
        <link refid="class_t_m_sw_pages_1_1_app"/>
        <childnode refid="2" relation="private-inheritance">
        </childnode>
      </node>
    </inheritancegraph>
    <collaborationgraph>
      <node id="2">
        <label>Application</label>
      </node>
      <node id="1">
        <label>TMSwPages::App</label>
        <link refid="class_t_m_sw_pages_1_1_app"/>
        <childnode refid="2" relation="private-inheritance">
        </childnode>
      </node>
    </collaborationgraph>
    <location file="C:/Users/School User/Code/TMS-Dump/Transport Management System WPF/TMSwPages/App.xaml.cs" line="15" column="1" bodyfile="C:/Users/School User/Code/TMS-Dump/Transport Management System WPF/TMSwPages/App.xaml.cs" bodystart="14" bodyend="16"/>
    <listofallmembers>
    </listofallmembers>
  </compounddef>
</doxygen>
