<?xml version='1.0' encoding='UTF-8' standalone='no'?>
<doxygen xmlns:xsi="http://www.w3.org/2001/XMLSchema-instance" xsi:noNamespaceSchemaLocation="compound.xsd" version="1.8.16">
  <compounddef id="class_t_m_sw_pages_1_1_admin_page" kind="class" language="C++" prot="public">
    <compoundname>TMSwPages::AdminPage</compoundname>
    <basecompoundref prot="private" virt="non-virtual">Page</basecompoundref>
      <sectiondef kind="private-attrib">
      <memberdef kind="variable" id="class_t_m_sw_pages_1_1_admin_page_1a0086ede2b1f65bf900f3d7a735be4ae6" prot="private" static="no" mutable="no">
        <type>List&lt; <ref refid="class_t_m_sw_pages_1_1_t_m_s_log" kindref="compound">TMSLog</ref> &gt;</type>
        <definition>List&lt;TMSLog&gt; TMSwPages::AdminPage::searchResults</definition>
        <argsstring></argsstring>
        <name>searchResults</name>
        <initializer>= new List&lt;<ref refid="class_t_m_sw_pages_1_1_t_m_s_log" kindref="compound">TMSLog</ref>&gt;()</initializer>
        <briefdescription>
        </briefdescription>
        <detaileddescription>
        </detaileddescription>
        <inbodydescription>
        </inbodydescription>
        <location file="C:/Users/School User/Code/TMS-Dump/Transport Management System WPF/TMSwPages/AdminPage.xaml.cs" line="43" column="14" bodyfile="C:/Users/School User/Code/TMS-Dump/Transport Management System WPF/TMSwPages/AdminPage.xaml.cs" bodystart="43" bodyend="-1"/>
      </memberdef>
      </sectiondef>
      <sectiondef kind="private-func">
      <memberdef kind="function" id="class_t_m_sw_pages_1_1_admin_page_1a72015f451ccbfa11f79ea3714d042a51" prot="private" static="no" const="no" explicit="no" inline="yes" virt="non-virtual">
        <type>public</type>
        <definition>public TMSwPages::AdminPage::AdminPage</definition>
        <argsstring>()</argsstring>
        <name>AdminPage</name>
        <briefdescription>
<para>This is a constructor for the <ref refid="class_t_m_sw_pages_1_1_admin_page" kindref="compound">AdminPage</ref> user interface. </para>
        </briefdescription>
        <detaileddescription>
<para>This loads the searchResults TMSLogs into the LogsList data grid. <simplesect kind="return"><para>Instantiates the <ref refid="class_t_m_sw_pages_1_1_admin_page" kindref="compound">AdminPage</ref></para>
</simplesect>
<hruler/>
 </para>
        </detaileddescription>
        <inbodydescription>
        </inbodydescription>
        <location file="C:/Users/School User/Code/TMS-Dump/Transport Management System WPF/TMSwPages/AdminPage.xaml.cs" line="53" column="16" bodyfile="C:/Users/School User/Code/TMS-Dump/Transport Management System WPF/TMSwPages/AdminPage.xaml.cs" bodystart="53" bodyend="57"/>
      </memberdef>
      <memberdef kind="function" id="class_t_m_sw_pages_1_1_admin_page_1aade1dbb0d543c8d99c6fbbc098ef1d31" prot="private" static="no" const="no" explicit="no" inline="yes" virt="non-virtual">
        <type>private void</type>
        <definition>private void TMSwPages::AdminPage::LoadClick</definition>
        <argsstring>(object sender, RoutedEventArgs e)</argsstring>
        <name>LoadClick</name>
        <param>
          <type>object</type>
          <declname>sender</declname>
        </param>
        <param>
          <type>RoutedEventArgs</type>
          <declname>e</declname>
        </param>
        <briefdescription>
<para>This adds logs to the search results. </para>
        </briefdescription>
        <detaileddescription>
<para>This adds logs to the search results which match search strings entered. This will first read from the Log file before it adds in any entries. This isn&apos;t done the most efficiently <parameterlist kind="exception"><parameteritem>
<parameternamelist>
<parametername>string.Contains()</parametername>
</parameternamelist>
<parameterdescription>
<para>may throw an Argument Null exception </para>
</parameterdescription>
</parameteritem>
</parameterlist>
<simplesect kind="see"><para><ref refid="class_t_m_sw_pages_1_1_t_m_s_logger_1ae3fc46f0a10cbcbe582f57f0ea75cc8d" kindref="member">TMSLogger.LogIt()</ref> </para>
</simplesect>
<simplesect kind="return"><para>void</para>
</simplesect>
<hruler/>
 </para>
        </detaileddescription>
        <inbodydescription>
<para>This clears searchResults if the Log file is read in successfully</para>
<para>Compare search tags box to logs in the local list and add to searchResults list if matching</para>
<para>If there are no search strings, add indescriminately</para>
<para>Catch errors from Contains</para>
<para>Refresh the UI data grid</para>
        </inbodydescription>
        <location file="C:/Users/School User/Code/TMS-Dump/Transport Management System WPF/TMSwPages/AdminPage.xaml.cs" line="76" column="22" bodyfile="C:/Users/School User/Code/TMS-Dump/Transport Management System WPF/TMSwPages/AdminPage.xaml.cs" bodystart="76" bodyend="119"/>
      </memberdef>
      <memberdef kind="function" id="class_t_m_sw_pages_1_1_admin_page_1af6e6c112454636b123385619b0885be7" prot="private" static="no" const="no" explicit="no" inline="yes" virt="non-virtual">
        <type>private void</type>
        <definition>private void TMSwPages::AdminPage::ViewMoreClick</definition>
        <argsstring>(object sender, RoutedEventArgs e)</argsstring>
        <name>ViewMoreClick</name>
        <param>
          <type>object</type>
          <declname>sender</declname>
        </param>
        <param>
          <type>RoutedEventArgs</type>
          <declname>e</declname>
        </param>
        <briefdescription>
<para>Sends the user to <ref refid="class_t_m_sw_pages_1_1_view_log_details" kindref="compound">ViewLogDetails</ref> page using selected <ref refid="class_t_m_sw_pages_1_1_t_m_s_log" kindref="compound">TMSLog</ref> item&apos;s details. </para>
        </briefdescription>
        <detaileddescription>
<para>Does not activate if nothing is selected in the datagrid. <simplesect kind="see"><para>NavigationService.Navigate() </para>
</simplesect>
<simplesect kind="return"><para>void</para>
</simplesect>
<hruler/>
 </para>
        </detaileddescription>
        <inbodydescription>
        </inbodydescription>
        <location file="C:/Users/School User/Code/TMS-Dump/Transport Management System WPF/TMSwPages/AdminPage.xaml.cs" line="130" column="22" bodyfile="C:/Users/School User/Code/TMS-Dump/Transport Management System WPF/TMSwPages/AdminPage.xaml.cs" bodystart="130" bodyend="137"/>
      </memberdef>
      <memberdef kind="function" id="class_t_m_sw_pages_1_1_admin_page_1a0645bad7d23477b1c426ae8828c54543" prot="private" static="no" const="no" explicit="no" inline="yes" virt="non-virtual">
        <type>private void</type>
        <definition>private void TMSwPages::AdminPage::LogSettingsClick</definition>
        <argsstring>(object sender, RoutedEventArgs e)</argsstring>
        <name>LogSettingsClick</name>
        <param>
          <type>object</type>
          <declname>sender</declname>
        </param>
        <param>
          <type>RoutedEventArgs</type>
          <declname>e</declname>
        </param>
        <briefdescription>
<para><linebreak/>
 </para>
        </briefdescription>
        <detaileddescription>
<para><linebreak/>
 <simplesect kind="see"><para><linebreak/>
 </para>
</simplesect>
<simplesect kind="return"><para><linebreak/>
</para>
</simplesect>
<hruler/>
 </para>
        </detaileddescription>
        <inbodydescription>
        </inbodydescription>
        <location file="C:/Users/School User/Code/TMS-Dump/Transport Management System WPF/TMSwPages/AdminPage.xaml.cs" line="148" column="22" bodyfile="C:/Users/School User/Code/TMS-Dump/Transport Management System WPF/TMSwPages/AdminPage.xaml.cs" bodystart="148" bodyend="151"/>
      </memberdef>
      <memberdef kind="function" id="class_t_m_sw_pages_1_1_admin_page_1a5261e670be136ecf3efe39b4eb76049f" prot="private" static="no" const="no" explicit="no" inline="yes" virt="non-virtual">
        <type>private void</type>
        <definition>private void TMSwPages::AdminPage::Time_Period_SelectionChanged</definition>
        <argsstring>(object sender, SelectionChangedEventArgs e)</argsstring>
        <name>Time_Period_SelectionChanged</name>
        <param>
          <type>object</type>
          <declname>sender</declname>
        </param>
        <param>
          <type>SelectionChangedEventArgs</type>
          <declname>e</declname>
        </param>
        <briefdescription>
<para>METHOD HEADER COMMENT ----------------------------------------------------------------------------<mdash/>. </para>
        </briefdescription>
        <detaileddescription>
<para><linebreak/>
</para>
<para><linebreak/>
 <simplesect kind="see"><para><linebreak/>
 </para>
</simplesect>
<simplesect kind="return"><para><linebreak/>
</para>
</simplesect>
<hruler/>
 </para>
        </detaileddescription>
        <inbodydescription>
        </inbodydescription>
        <location file="C:/Users/School User/Code/TMS-Dump/Transport Management System WPF/TMSwPages/AdminPage.xaml.cs" line="162" column="22" bodyfile="C:/Users/School User/Code/TMS-Dump/Transport Management System WPF/TMSwPages/AdminPage.xaml.cs" bodystart="162" bodyend="165"/>
      </memberdef>
      <memberdef kind="function" id="class_t_m_sw_pages_1_1_admin_page_1aeb59dc48d865054286593e141566bcb1" prot="private" static="no" const="no" explicit="no" inline="yes" virt="non-virtual">
        <type>private void</type>
        <definition>private void TMSwPages::AdminPage::DatePicker_SelectedDateChanged</definition>
        <argsstring>(object sender, SelectionChangedEventArgs e)</argsstring>
        <name>DatePicker_SelectedDateChanged</name>
        <param>
          <type>object</type>
          <declname>sender</declname>
        </param>
        <param>
          <type>SelectionChangedEventArgs</type>
          <declname>e</declname>
        </param>
        <briefdescription>
<para><linebreak/>
 </para>
        </briefdescription>
        <detaileddescription>
<para><linebreak/>
 <simplesect kind="see"><para><linebreak/>
 </para>
</simplesect>
<simplesect kind="return"><para><linebreak/>
</para>
</simplesect>
<hruler/>
 </para>
        </detaileddescription>
        <inbodydescription>
        </inbodydescription>
        <location file="C:/Users/School User/Code/TMS-Dump/Transport Management System WPF/TMSwPages/AdminPage.xaml.cs" line="176" column="22" bodyfile="C:/Users/School User/Code/TMS-Dump/Transport Management System WPF/TMSwPages/AdminPage.xaml.cs" bodystart="176" bodyend="179"/>
      </memberdef>
      </sectiondef>
    <briefdescription>
<para>This class runs the <ref refid="class_t_m_sw_pages_1_1_admin_page" kindref="compound">AdminPage</ref> UI functionality. </para>
    </briefdescription>
    <detaileddescription>
<para>This currently allows searching and updating of a local log list which is displayed to the screen. <linebreak/>
</para>
<para><hruler/>
 </para>
    </detaileddescription>
    <inheritancegraph>
      <node id="2">
        <label>Page</label>
      </node>
      <node id="1">
        <label>TMSwPages::AdminPage</label>
        <link refid="class_t_m_sw_pages_1_1_admin_page"/>
        <childnode refid="2" relation="private-inheritance">
        </childnode>
      </node>
    </inheritancegraph>
    <collaborationgraph>
      <node id="2">
        <label>Page</label>
      </node>
      <node id="1">
        <label>TMSwPages::AdminPage</label>
        <link refid="class_t_m_sw_pages_1_1_admin_page"/>
        <childnode refid="2" relation="private-inheritance">
        </childnode>
      </node>
    </collaborationgraph>
    <location file="C:/Users/School User/Code/TMS-Dump/Transport Management System WPF/TMSwPages/AdminPage.xaml.cs" line="42" column="1" bodyfile="C:/Users/School User/Code/TMS-Dump/Transport Management System WPF/TMSwPages/AdminPage.xaml.cs" bodystart="41" bodyend="180"/>
    <listofallmembers>
      <member refid="class_t_m_sw_pages_1_1_admin_page_1a72015f451ccbfa11f79ea3714d042a51" prot="private" virt="non-virtual"><scope>TMSwPages::AdminPage</scope><name>AdminPage</name></member>
      <member refid="class_t_m_sw_pages_1_1_admin_page_1aeb59dc48d865054286593e141566bcb1" prot="private" virt="non-virtual"><scope>TMSwPages::AdminPage</scope><name>DatePicker_SelectedDateChanged</name></member>
      <member refid="class_t_m_sw_pages_1_1_admin_page_1aade1dbb0d543c8d99c6fbbc098ef1d31" prot="private" virt="non-virtual"><scope>TMSwPages::AdminPage</scope><name>LoadClick</name></member>
      <member refid="class_t_m_sw_pages_1_1_admin_page_1a0645bad7d23477b1c426ae8828c54543" prot="private" virt="non-virtual"><scope>TMSwPages::AdminPage</scope><name>LogSettingsClick</name></member>
      <member refid="class_t_m_sw_pages_1_1_admin_page_1a0086ede2b1f65bf900f3d7a735be4ae6" prot="private" virt="non-virtual"><scope>TMSwPages::AdminPage</scope><name>searchResults</name></member>
      <member refid="class_t_m_sw_pages_1_1_admin_page_1a5261e670be136ecf3efe39b4eb76049f" prot="private" virt="non-virtual"><scope>TMSwPages::AdminPage</scope><name>Time_Period_SelectionChanged</name></member>
      <member refid="class_t_m_sw_pages_1_1_admin_page_1af6e6c112454636b123385619b0885be7" prot="private" virt="non-virtual"><scope>TMSwPages::AdminPage</scope><name>ViewMoreClick</name></member>
    </listofallmembers>
  </compounddef>
</doxygen>
