<?xml version='1.0' encoding='UTF-8' standalone='no'?>
<doxygen xmlns:xsi="http://www.w3.org/2001/XMLSchema-instance" xsi:noNamespaceSchemaLocation="compound.xsd" version="1.8.16">
  <compounddef id="class_transport___management___system___w_p_f_1_1_planner_class" kind="class" language="C#" prot="public">
    <compoundname>Transport_Management_System_WPF::PlannerClass</compoundname>
    <innerclass refid="class_transport___management___system___w_p_f_1_1_planner_class_1_1_planner" prot="private">Transport_Management_System_WPF::PlannerClass::Planner</innerclass>
    <briefdescription>
<para>This class runs the <ref refid="class_transport___management___system___w_p_f_1_1_planner_class_1_1_planner" kindref="compound">Planner</ref> functionality. </para>
    </briefdescription>
    <detaileddescription>
<para>This class will interface with the XAML main window to preform the <ref refid="class_transport___management___system___w_p_f_1_1_planner_class_1_1_planner" kindref="compound">Planner</ref> tasks. This class will use many other classes to complete its task. At this point, much of the actual <ref refid="class_transport___management___system___w_p_f_1_1_planner_class" kindref="compound">PlannerClass</ref> Functionality is obfuscated. Most of support classes have been complete.</para>
<para><simplesect kind="see"><para><ref refid="_mapping_class_8cs" kindref="compound">MappingClass.cs</ref> <ref refid="_time_pass_8cs" kindref="compound">TimePass.cs</ref></para>
</simplesect>
<hruler/>
 </para>
    </detaileddescription>
    <location file="C:/Users/School User/Code/TMS-Dump/Transport Management System WPF/Transport Management System WPF/PlannerClass.cs" line="79" column="1" bodyfile="C:/Users/School User/Code/TMS-Dump/Transport Management System WPF/Transport Management System WPF/PlannerClass.cs" bodystart="78" bodyend="316"/>
    <listofallmembers>
    </listofallmembers>
  </compounddef>
</doxygen>
