<?xml version='1.0' encoding='UTF-8' standalone='no'?>
<doxygen xmlns:xsi="http://www.w3.org/2001/XMLSchema-instance" xsi:noNamespaceSchemaLocation="compound.xsd" version="1.8.16">
  <compounddef id="class_transport___management___system___w_p_f_1_1_buyer_class" kind="class" language="C#" prot="public">
    <compoundname>Transport_Management_System_WPF::BuyerClass</compoundname>
      <sectiondef kind="private-attrib">
      <memberdef kind="variable" id="class_transport___management___system___w_p_f_1_1_buyer_class_1a57b54a05ef81b5b5b578d5bfc6485a10" prot="private" static="no" mutable="no">
        <type>List&lt; <ref refid="class_transport___management___system___w_p_f_1_1_contract" kindref="compound">Contract</ref> &gt;</type>
        <definition>List&lt;Contract&gt; Transport_Management_System_WPF.BuyerClass.contracts</definition>
        <argsstring></argsstring>
        <name>contracts</name>
        <initializer>= new List&lt;<ref refid="class_transport___management___system___w_p_f_1_1_contract" kindref="compound">Contract</ref>&gt;()</initializer>
        <briefdescription>
        </briefdescription>
        <detaileddescription>
        </detaileddescription>
        <inbodydescription>
        </inbodydescription>
        <location file="C:/Users/School User/Code/TMS-Dump/Transport Management System WPF/Transport Management System WPF/BuyerClass.cs" line="38" column="22" bodyfile="C:/Users/School User/Code/TMS-Dump/Transport Management System WPF/Transport Management System WPF/BuyerClass.cs" bodystart="38" bodyend="-1"/>
      </memberdef>
      </sectiondef>
      <sectiondef kind="property">
      <memberdef kind="property" id="class_transport___management___system___w_p_f_1_1_buyer_class_1ab77ad4f82c09d7cb319583929b1e1b48" prot="package" static="no" readable="no" writable="no" gettable="yes" privategettable="no" protectedgettable="no" settable="yes" privatesettable="no" protectedsettable="no">
        <type>List&lt; <ref refid="class_transport___management___system___w_p_f_1_1_contract" kindref="compound">Contract</ref> &gt;</type>
        <definition>List&lt;Contract&gt; Transport_Management_System_WPF.BuyerClass.Contracts</definition>
        <argsstring></argsstring>
        <name>Contracts</name>
        <briefdescription>
        </briefdescription>
        <detaileddescription>
        </detaileddescription>
        <inbodydescription>
        </inbodydescription>
        <location file="C:/Users/School User/Code/TMS-Dump/Transport Management System WPF/Transport Management System WPF/BuyerClass.cs" line="40" column="23" bodyfile="C:/Users/School User/Code/TMS-Dump/Transport Management System WPF/Transport Management System WPF/BuyerClass.cs" bodystart="40" bodyend="40"/>
      </memberdef>
      </sectiondef>
      <sectiondef kind="public-func">
      <memberdef kind="function" id="class_transport___management___system___w_p_f_1_1_buyer_class_1a9719c333eae5095d5fc9cf1d185c0677" prot="public" static="no" const="no" explicit="no" inline="yes" virt="non-virtual">
        <type>void</type>
        <definition>int Transport_Management_System_WPF.BuyerClass::ParseContracts</definition>
        <argsstring>()</argsstring>
        <name>ParseContracts</name>
        <briefdescription>
<para>To call the sql query to populate list of contract class objects in order to display to the program all available contracts. </para>
        </briefdescription>
        <detaileddescription>
<para>Calls <ref refid="class_transport___management___system___w_p_f_1_1_s_q_l___query_1a15ae7fdb11fdb83e124c875b7d949b0b" kindref="member">SQL_Query.Select_Contracts</ref> from a instance of the class and uses the list it returns to populate the list. <parameterlist kind="param"><parameteritem>
<parameternamelist>
<parametername direction="in">void</parametername>
</parameternamelist>
<parameterdescription>
<para></para>
</parameterdescription>
</parameteritem>
<parameteritem>
<parameternamelist>
<parametername direction="out">void</parametername>
</parameternamelist>
<parameterdescription>
<para></para>
</parameterdescription>
</parameteritem>
</parameterlist>
<parameterlist kind="exception"><parameteritem>
<parameternamelist>
<parametername>none</parametername>
</parameternamelist>
<parameterdescription>
<para></para>
</parameterdescription>
</parameteritem>
</parameterlist>
<simplesect kind="see"><para><ref refid="class_transport___management___system___w_p_f_1_1_s_q_l___query" kindref="compound">SQL_Query</ref> Class </para>
</simplesect>
<simplesect kind="return"><para>None</para>
</simplesect>
<hruler/>
 </para>
        </detaileddescription>
        <inbodydescription>
        </inbodydescription>
        <location file="C:/Users/School User/Code/TMS-Dump/Transport Management System WPF/Transport Management System WPF/BuyerClass.cs" line="54" column="21" bodyfile="C:/Users/School User/Code/TMS-Dump/Transport Management System WPF/Transport Management System WPF/BuyerClass.cs" bodystart="54" bodyend="92"/>
      </memberdef>
      </sectiondef>
    <briefdescription>
<para>This class runs the Buyer functionality. </para>
    </briefdescription>
    <detaileddescription>
<para>public class</para>
<para><hruler/>
 </para>
    </detaileddescription>
    <location file="C:/Users/School User/Code/TMS-Dump/Transport Management System WPF/Transport Management System WPF/BuyerClass.cs" line="37" column="1" bodyfile="C:/Users/School User/Code/TMS-Dump/Transport Management System WPF/Transport Management System WPF/BuyerClass.cs" bodystart="36" bodyend="93"/>
    <listofallmembers>
      <member refid="class_transport___management___system___w_p_f_1_1_buyer_class_1a57b54a05ef81b5b5b578d5bfc6485a10" prot="private" virt="non-virtual"><scope>Transport_Management_System_WPF::BuyerClass</scope><name>contracts</name></member>
      <member refid="class_transport___management___system___w_p_f_1_1_buyer_class_1ab77ad4f82c09d7cb319583929b1e1b48" prot="package" virt="non-virtual"><scope>Transport_Management_System_WPF::BuyerClass</scope><name>Contracts</name></member>
      <member refid="class_transport___management___system___w_p_f_1_1_buyer_class_1a9719c333eae5095d5fc9cf1d185c0677" prot="public" virt="non-virtual"><scope>Transport_Management_System_WPF::BuyerClass</scope><name>ParseContracts</name></member>
    </listofallmembers>
  </compounddef>
</doxygen>
