<?xml version='1.0' encoding='UTF-8' standalone='no'?>
<doxygen xmlns:xsi="http://www.w3.org/2001/XMLSchema-instance" xsi:noNamespaceSchemaLocation="compound.xsd" version="1.8.16">
  <compounddef id="class_t_m_sw_pages_1_1_alter_tables" kind="class" language="C#" prot="public">
    <compoundname>TMSwPages::AlterTables</compoundname>
    <briefdescription>
<para>This class executes functions related to Altering Tables. </para>
    </briefdescription>
    <detaileddescription>
<para>This class should be able to access, view, and change data in the Carrier Data Table, Route Table, and Rate / Fee Table</para>
<para><hruler/>
 </para>
    </detaileddescription>
    <location file="C:/Users/School User/Code/TMS-Dump/Transport Management System WPF/TMSwPages/AdminClasses.cs" line="340" column="1" bodyfile="C:/Users/School User/Code/TMS-Dump/Transport Management System WPF/TMSwPages/AdminClasses.cs" bodystart="339" bodyend="355"/>
    <listofallmembers>
    </listofallmembers>
  </compounddef>
</doxygen>
