<?xml version='1.0' encoding='UTF-8' standalone='no'?>
<doxygen xmlns:xsi="http://www.w3.org/2001/XMLSchema-instance" xsi:noNamespaceSchemaLocation="compound.xsd" version="1.8.16">
  <compounddef id="class_t_m_sw_pages_1_1_t_m_s_logger" kind="class" language="C#" prot="public">
    <compoundname>TMSwPages::TMSLogger</compoundname>
      <sectiondef kind="property">
      <memberdef kind="property" id="class_t_m_sw_pages_1_1_t_m_s_logger_1abd17098cd11371b489a998544f09ac74" prot="public" static="yes" readable="no" writable="no" gettable="yes" privategettable="no" protectedgettable="no" settable="yes" privatesettable="no" protectedsettable="no">
        <type>string</type>
        <definition>static string TMSwPages.TMSLogger::LoggerPath</definition>
        <argsstring></argsstring>
        <name>LoggerPath</name>
        <briefdescription>
        </briefdescription>
        <detaileddescription>
        </detaileddescription>
        <inbodydescription>
        </inbodydescription>
        <location file="C:/Users/School User/Code/TMS-Dump/Transport Management System WPF/TMSwPages/AdminClasses.cs" line="59" column="30" bodyfile="C:/Users/School User/Code/TMS-Dump/Transport Management System WPF/TMSwPages/AdminClasses.cs" bodystart="59" bodyend="59"/>
      </memberdef>
      </sectiondef>
      <sectiondef kind="public-static-attrib">
      <memberdef kind="variable" id="class_t_m_sw_pages_1_1_t_m_s_logger_1a02bbc48a021dcef462bdc3a2e984b5a6" prot="public" static="yes" mutable="no">
        <type>List&lt; <ref refid="class_t_m_sw_pages_1_1_t_m_s_log" kindref="compound">TMSLog</ref> &gt;</type>
        <definition>static List&lt; TMSLog &gt; TMSwPages.TMSLogger::logs</definition>
        <argsstring></argsstring>
        <name>logs</name>
        <initializer>= new List&lt;<ref refid="class_t_m_sw_pages_1_1_t_m_s_log" kindref="compound">TMSLog</ref>&gt;()</initializer>
        <briefdescription>
<para>Stores location of the log file. </para>
        </briefdescription>
        <detaileddescription>
        </detaileddescription>
        <inbodydescription>
        </inbodydescription>
        <location file="C:/Users/School User/Code/TMS-Dump/Transport Management System WPF/TMSwPages/AdminClasses.cs" line="60" column="28" bodyfile="C:/Users/School User/Code/TMS-Dump/Transport Management System WPF/TMSwPages/AdminClasses.cs" bodystart="60" bodyend="-1"/>
      </memberdef>
      </sectiondef>
      <sectiondef kind="public-static-func">
      <memberdef kind="function" id="class_t_m_sw_pages_1_1_t_m_s_logger_1ae3fc46f0a10cbcbe582f57f0ea75cc8d" prot="public" static="yes" const="no" explicit="no" inline="yes" virt="non-virtual">
        <type>void</type>
        <definition>static public void TMSwPages.TMSLogger::LogIt</definition>
        <argsstring>(string newLogString)</argsstring>
        <name>LogIt</name>
        <param>
          <type>string</type>
          <declname>newLogString</declname>
        </param>
        <briefdescription>
<para>This is a list of logs stored locally. </para>
        </briefdescription>
        <detaileddescription>
<para>This creates a new log object</para>
<para>This creates a new log object, adds it to the local list, then appends it to the external file <parameterlist kind="param"><parameteritem>
<parameternamelist>
<parametername direction="in">string</parametername>
</parameternamelist>
<parameterdescription>
<para>newLogString This is the unparsed BSV string to create the file. </para>
</parameterdescription>
</parameteritem>
</parameterlist>
<simplesect kind="see"><para>TMSLog(), logs.Add(), <ref refid="class_t_m_sw_pages_1_1_t_m_s_logger_1a40f50c4cf1a0cfee17b050a19bea7daf" kindref="member">AppendLogFile()</ref> </para>
</simplesect>
<simplesect kind="return"><para>void</para>
</simplesect>
<hruler/>
 </para>
        </detaileddescription>
        <inbodydescription>
<para>Error writing to Log File: Try once again</para>
        </inbodydescription>
        <location file="C:/Users/School User/Code/TMS-Dump/Transport Management System WPF/TMSwPages/AdminClasses.cs" line="73" column="28" bodyfile="C:/Users/School User/Code/TMS-Dump/Transport Management System WPF/TMSwPages/AdminClasses.cs" bodystart="73" bodyend="83"/>
      </memberdef>
      <memberdef kind="function" id="class_t_m_sw_pages_1_1_t_m_s_logger_1a34e534b54ac36d38c33d7a8cb5abb7c7" prot="public" static="yes" const="no" explicit="no" inline="yes" virt="non-virtual">
        <type>void</type>
        <definition>static public void TMSwPages.TMSLogger::NewLog</definition>
        <argsstring>(string newLogString)</argsstring>
        <name>NewLog</name>
        <param>
          <type>string</type>
          <declname>newLogString</declname>
        </param>
        <briefdescription>
<para>This creates a new log object. </para>
        </briefdescription>
        <detaileddescription>
<para>This creates a new log object, and adds it to the local list. This exists so that the function ReadExistingLogFile doesn&apos;t call recursively. <parameterlist kind="param"><parameteritem>
<parameternamelist>
<parametername direction="in">string</parametername>
</parameternamelist>
<parameterdescription>
<para>newLogString This is the unparsed BSV string to create the file. </para>
</parameterdescription>
</parameteritem>
</parameterlist>
<simplesect kind="see"><para>TMSLog(), logs.Add() </para>
</simplesect>
<simplesect kind="return"><para>void</para>
</simplesect>
<hruler/>
 </para>
        </detaileddescription>
        <inbodydescription>
        </inbodydescription>
        <location file="C:/Users/School User/Code/TMS-Dump/Transport Management System WPF/TMSwPages/AdminClasses.cs" line="96" column="28" bodyfile="C:/Users/School User/Code/TMS-Dump/Transport Management System WPF/TMSwPages/AdminClasses.cs" bodystart="96" bodyend="100"/>
      </memberdef>
      <memberdef kind="function" id="class_t_m_sw_pages_1_1_t_m_s_logger_1a836d54e3a54cfe47be113970676871aa" prot="public" static="yes" const="no" explicit="no" inline="yes" virt="non-virtual">
        <type>bool</type>
        <definition>static public bool TMSwPages.TMSLogger::ReadExistingLogFile</definition>
        <argsstring>()</argsstring>
        <name>ReadExistingLogFile</name>
        <briefdescription>
<para>Reads logs in from a file. </para>
        </briefdescription>
        <detaileddescription>
<para>This clears the local log list then reads logs into it from the file specified by the loggerPath variable. If there is an error, it throws an exception to a new log. <parameterlist kind="exception"><parameteritem>
<parameternamelist>
<parametername>From</parametername>
</parameternamelist>
<parameterdescription>
<para>FileStream and StreamReader </para>
</parameterdescription>
</parameteritem>
</parameterlist>
<simplesect kind="see"><para>logs.Clear(), <ref refid="class_t_m_sw_pages_1_1_t_m_s_logger_1a34e534b54ac36d38c33d7a8cb5abb7c7" kindref="member">NewLog()</ref>, <ref refid="class_t_m_sw_pages_1_1_t_m_s_logger_1ae3fc46f0a10cbcbe582f57f0ea75cc8d" kindref="member">LogIt()</ref> </para>
</simplesect>
<simplesect kind="return"><para>bool readSuccess A value indicating whether the file read threw an exception.</para>
</simplesect>
<hruler/>
 </para>
        </detaileddescription>
        <inbodydescription>
<para>Clear out the working list</para>
<para>Open the file stream to read from the file</para>
<para>Fill the working list with lines from the file</para>
<para>Close the file</para>
<para>If an exception is thrown here, create a log for it.</para>
        </inbodydescription>
        <location file="C:/Users/School User/Code/TMS-Dump/Transport Management System WPF/TMSwPages/AdminClasses.cs" line="113" column="28" bodyfile="C:/Users/School User/Code/TMS-Dump/Transport Management System WPF/TMSwPages/AdminClasses.cs" bodystart="113" bodyend="150"/>
      </memberdef>
      <memberdef kind="function" id="class_t_m_sw_pages_1_1_t_m_s_logger_1a40f50c4cf1a0cfee17b050a19bea7daf" prot="public" static="yes" const="no" explicit="no" inline="yes" virt="non-virtual">
        <type>bool</type>
        <definition>static bool TMSwPages.TMSLogger.AppendLogFile</definition>
        <argsstring>(TMSLog newLog)</argsstring>
        <name>AppendLogFile</name>
        <param>
          <type><ref refid="class_t_m_sw_pages_1_1_t_m_s_log" kindref="compound">TMSLog</ref></type>
          <declname>newLog</declname>
        </param>
        <briefdescription>
        </briefdescription>
        <detaileddescription>
        </detaileddescription>
        <inbodydescription>
<para>Open the filestream to append to the file.</para>
<para>Add each log entry from the working list to the file as a BSV</para>
<para>Close the file</para>
<para>If an exception is thrown here, catch it</para>
<para>This could become problematic as it calls itself</para>
        </inbodydescription>
        <location file="C:/Users/School User/Code/TMS-Dump/Transport Management System WPF/TMSwPages/AdminClasses.cs" line="163" column="28" bodyfile="C:/Users/School User/Code/TMS-Dump/Transport Management System WPF/TMSwPages/AdminClasses.cs" bodystart="163" bodyend="191"/>
      </memberdef>
      <memberdef kind="function" id="class_t_m_sw_pages_1_1_t_m_s_logger_1a81a5353756e6ecd6e51ce79a76196fcc" prot="public" static="yes" const="no" explicit="no" inline="yes" virt="non-virtual">
        <type>void</type>
        <definition>static void TMSwPages.TMSLogger.LogIt</definition>
        <argsstring>(string newLogString)</argsstring>
        <name>LogIt</name>
        <param>
          <type>string</type>
          <declname>newLogString</declname>
        </param>
        <briefdescription>
        </briefdescription>
        <detaileddescription>
        </detaileddescription>
        <inbodydescription>
<para>Error writing to Log File: Try once again</para>
        </inbodydescription>
        <location file="C:/Users/School User/Code/TMS-Dump/Transport Management System WPF/Transport Management System WPF/AdminClasses.cs" line="73" column="28" bodyfile="C:/Users/School User/Code/TMS-Dump/Transport Management System WPF/Transport Management System WPF/AdminClasses.cs" bodystart="73" bodyend="83"/>
      </memberdef>
      <memberdef kind="function" id="class_t_m_sw_pages_1_1_t_m_s_logger_1a949d7d962a3a8f19556a72c610a23340" prot="public" static="yes" const="no" explicit="no" inline="yes" virt="non-virtual">
        <type>void</type>
        <definition>static void TMSwPages.TMSLogger.NewLog</definition>
        <argsstring>(string newLogString)</argsstring>
        <name>NewLog</name>
        <param>
          <type>string</type>
          <declname>newLogString</declname>
        </param>
        <briefdescription>
        </briefdescription>
        <detaileddescription>
        </detaileddescription>
        <inbodydescription>
        </inbodydescription>
        <location file="C:/Users/School User/Code/TMS-Dump/Transport Management System WPF/Transport Management System WPF/AdminClasses.cs" line="96" column="28" bodyfile="C:/Users/School User/Code/TMS-Dump/Transport Management System WPF/Transport Management System WPF/AdminClasses.cs" bodystart="96" bodyend="100"/>
      </memberdef>
      <memberdef kind="function" id="class_t_m_sw_pages_1_1_t_m_s_logger_1a78d9152f8fc12fdf370b23f0b787999e" prot="public" static="yes" const="no" explicit="no" inline="yes" virt="non-virtual">
        <type>bool</type>
        <definition>static bool TMSwPages.TMSLogger.ReadExistingLogFile</definition>
        <argsstring>()</argsstring>
        <name>ReadExistingLogFile</name>
        <briefdescription>
        </briefdescription>
        <detaileddescription>
        </detaileddescription>
        <inbodydescription>
<para>Clear out the working list</para>
<para>Open the file stream to read from the file</para>
<para>Fill the working list with lines from the file</para>
<para>Close the file</para>
<para>If an exception is thrown here, create a log for it.</para>
        </inbodydescription>
        <location file="C:/Users/School User/Code/TMS-Dump/Transport Management System WPF/Transport Management System WPF/AdminClasses.cs" line="113" column="28" bodyfile="C:/Users/School User/Code/TMS-Dump/Transport Management System WPF/Transport Management System WPF/AdminClasses.cs" bodystart="113" bodyend="150"/>
      </memberdef>
      <memberdef kind="function" id="class_t_m_sw_pages_1_1_t_m_s_logger_1a40f50c4cf1a0cfee17b050a19bea7daf" prot="public" static="yes" const="no" explicit="no" inline="yes" virt="non-virtual">
        <type>bool</type>
        <definition>static bool TMSwPages.TMSLogger.AppendLogFile</definition>
        <argsstring>(TMSLog newLog)</argsstring>
        <name>AppendLogFile</name>
        <param>
          <type><ref refid="class_t_m_sw_pages_1_1_t_m_s_log" kindref="compound">TMSLog</ref></type>
          <declname>newLog</declname>
        </param>
        <briefdescription>
        </briefdescription>
        <detaileddescription>
        </detaileddescription>
        <inbodydescription>
<para>Open the filestream to append to the file.</para>
<para>Add each log entry from the working list to the file as a BSV</para>
<para>Close the file</para>
<para>If an exception is thrown here, catch it</para>
<para>This could become problematic as it calls itself</para>
        </inbodydescription>
        <location file="C:/Users/School User/Code/TMS-Dump/Transport Management System WPF/Transport Management System WPF/AdminClasses.cs" line="163" column="28" bodyfile="C:/Users/School User/Code/TMS-Dump/Transport Management System WPF/Transport Management System WPF/AdminClasses.cs" bodystart="163" bodyend="191"/>
      </memberdef>
      </sectiondef>
      <sectiondef kind="private-static-func">
      <memberdef kind="function" id="class_t_m_sw_pages_1_1_t_m_s_logger_1a3feb70f75cd69696b3355f6deac9cb32" prot="private" static="yes" const="no" explicit="no" inline="yes" virt="non-virtual">
        <type>void</type>
        <definition>void TMSwPages.TMSLogger::ChangeLogLocation</definition>
        <argsstring>()</argsstring>
        <name>ChangeLogLocation</name>
        <briefdescription>
<para>This function will change where the log file is stored. </para>
        </briefdescription>
        <detaileddescription>
<para>This function allows the user to select a new location for the log file storage. Then the program copies the current file to the new location. If the copy is successful, the old file is deleted. Otherwise the old file is kept. <parameterlist kind="exception"><parameteritem>
<parameternamelist>
<parametername>From</parametername>
</parameternamelist>
<parameterdescription>
<para>FileStream and StreamReader / StreamWriter </para>
</parameterdescription>
</parameteritem>
</parameterlist>
<simplesect kind="see"><para><linebreak/>
 </para>
</simplesect>
<simplesect kind="return"><para>Void</para>
</simplesect>
<hruler/>
 </para>
        </detaileddescription>
        <inbodydescription>
        </inbodydescription>
        <location file="C:/Users/School User/Code/TMS-Dump/Transport Management System WPF/TMSwPages/AdminClasses.cs" line="205" column="21" bodyfile="C:/Users/School User/Code/TMS-Dump/Transport Management System WPF/TMSwPages/AdminClasses.cs" bodystart="205" bodyend="235"/>
      </memberdef>
      <memberdef kind="function" id="class_t_m_sw_pages_1_1_t_m_s_logger_1a4033a43670161f38a4b8fb99b7d39630" prot="private" static="yes" const="no" explicit="no" inline="yes" virt="non-virtual">
        <type>void</type>
        <definition>static void TMSwPages.TMSLogger.ChangeLogLocation</definition>
        <argsstring>()</argsstring>
        <name>ChangeLogLocation</name>
        <briefdescription>
        </briefdescription>
        <detaileddescription>
        </detaileddescription>
        <inbodydescription>
        </inbodydescription>
        <location file="C:/Users/School User/Code/TMS-Dump/Transport Management System WPF/Transport Management System WPF/AdminClasses.cs" line="205" column="21" bodyfile="C:/Users/School User/Code/TMS-Dump/Transport Management System WPF/Transport Management System WPF/AdminClasses.cs" bodystart="205" bodyend="235"/>
      </memberdef>
      </sectiondef>
    <briefdescription>
<para>This class runs the logging functionality for all files in this solution. </para>
    </briefdescription>
    <detaileddescription>
<para>This is a static class containing a list of logs and the methods to create new logs. The main function of this class is to call the <ref refid="class_t_m_sw_pages_1_1_t_m_s_log" kindref="compound">TMSLog</ref> class.</para>
<para><hruler/>
 </para>
    </detaileddescription>
    <location file="C:/Users/School User/Code/TMS-Dump/Transport Management System WPF/TMSwPages/AdminClasses.cs" line="58" column="1" bodyfile="C:/Users/School User/Code/TMS-Dump/Transport Management System WPF/TMSwPages/AdminClasses.cs" bodystart="57" bodyend="237"/>
    <listofallmembers>
      <member refid="class_t_m_sw_pages_1_1_t_m_s_logger_1a40f50c4cf1a0cfee17b050a19bea7daf" prot="public" virt="non-virtual"><scope>TMSwPages::TMSLogger</scope><name>AppendLogFile</name></member>
      <member refid="class_t_m_sw_pages_1_1_t_m_s_logger_1a40f50c4cf1a0cfee17b050a19bea7daf" prot="public" virt="non-virtual"><scope>TMSwPages::TMSLogger</scope><name>AppendLogFile</name></member>
      <member refid="class_t_m_sw_pages_1_1_t_m_s_logger_1a3feb70f75cd69696b3355f6deac9cb32" prot="private" virt="non-virtual"><scope>TMSwPages::TMSLogger</scope><name>ChangeLogLocation</name></member>
      <member refid="class_t_m_sw_pages_1_1_t_m_s_logger_1a4033a43670161f38a4b8fb99b7d39630" prot="private" virt="non-virtual"><scope>TMSwPages::TMSLogger</scope><name>ChangeLogLocation</name></member>
      <member refid="class_t_m_sw_pages_1_1_t_m_s_logger_1abd17098cd11371b489a998544f09ac74" prot="public" virt="non-virtual"><scope>TMSwPages::TMSLogger</scope><name>LoggerPath</name></member>
      <member refid="class_t_m_sw_pages_1_1_t_m_s_logger_1ae3fc46f0a10cbcbe582f57f0ea75cc8d" prot="public" virt="non-virtual"><scope>TMSwPages::TMSLogger</scope><name>LogIt</name></member>
      <member refid="class_t_m_sw_pages_1_1_t_m_s_logger_1a81a5353756e6ecd6e51ce79a76196fcc" prot="public" virt="non-virtual"><scope>TMSwPages::TMSLogger</scope><name>LogIt</name></member>
      <member refid="class_t_m_sw_pages_1_1_t_m_s_logger_1a02bbc48a021dcef462bdc3a2e984b5a6" prot="public" virt="non-virtual"><scope>TMSwPages::TMSLogger</scope><name>logs</name></member>
      <member refid="class_t_m_sw_pages_1_1_t_m_s_logger_1a34e534b54ac36d38c33d7a8cb5abb7c7" prot="public" virt="non-virtual"><scope>TMSwPages::TMSLogger</scope><name>NewLog</name></member>
      <member refid="class_t_m_sw_pages_1_1_t_m_s_logger_1a949d7d962a3a8f19556a72c610a23340" prot="public" virt="non-virtual"><scope>TMSwPages::TMSLogger</scope><name>NewLog</name></member>
      <member refid="class_t_m_sw_pages_1_1_t_m_s_logger_1a836d54e3a54cfe47be113970676871aa" prot="public" virt="non-virtual"><scope>TMSwPages::TMSLogger</scope><name>ReadExistingLogFile</name></member>
      <member refid="class_t_m_sw_pages_1_1_t_m_s_logger_1a78d9152f8fc12fdf370b23f0b787999e" prot="public" virt="non-virtual"><scope>TMSwPages::TMSLogger</scope><name>ReadExistingLogFile</name></member>
    </listofallmembers>
  </compounddef>
</doxygen>
