<?xml version='1.0' encoding='UTF-8' standalone='no'?>
<doxygen xmlns:xsi="http://www.w3.org/2001/XMLSchema-instance" xsi:noNamespaceSchemaLocation="compound.xsd" version="1.8.16">
  <compounddef id="class_t_m_sw_pages_1_1_main_window" kind="class" language="C++" prot="public">
    <compoundname>TMSwPages::MainWindow</compoundname>
    <basecompoundref prot="private" virt="non-virtual">NavigationWindow</basecompoundref>
      <sectiondef kind="private-func">
      <memberdef kind="function" id="class_t_m_sw_pages_1_1_main_window_1a466951de520a75e77afa4a40f6cb710f" prot="private" static="no" const="no" explicit="no" inline="yes" virt="non-virtual">
        <type>public</type>
        <definition>public TMSwPages::MainWindow::MainWindow</definition>
        <argsstring>()</argsstring>
        <name>MainWindow</name>
        <briefdescription>
        </briefdescription>
        <detaileddescription>
        </detaileddescription>
        <inbodydescription>
        </inbodydescription>
        <location file="C:/Users/School User/Code/TMS-Dump/Transport Management System WPF/TMSwPages/mainwindow.xaml.cs" line="34" column="16" bodyfile="C:/Users/School User/Code/TMS-Dump/Transport Management System WPF/TMSwPages/mainwindow.xaml.cs" bodystart="34" bodyend="37"/>
      </memberdef>
      </sectiondef>
    <briefdescription>
<para>\summary This is the Interaction Logic for the main nagivation window </para>
    </briefdescription>
    <detaileddescription>
    </detaileddescription>
    <inheritancegraph>
      <node id="2">
        <label>NavigationWindow</label>
      </node>
      <node id="1">
        <label>TMSwPages::MainWindow</label>
        <link refid="class_t_m_sw_pages_1_1_main_window"/>
        <childnode refid="2" relation="private-inheritance">
        </childnode>
      </node>
    </inheritancegraph>
    <collaborationgraph>
      <node id="2">
        <label>NavigationWindow</label>
      </node>
      <node id="1">
        <label>TMSwPages::MainWindow</label>
        <link refid="class_t_m_sw_pages_1_1_main_window"/>
        <childnode refid="2" relation="private-inheritance">
        </childnode>
      </node>
    </collaborationgraph>
    <location file="C:/Users/School User/Code/TMS-Dump/Transport Management System WPF/TMSwPages/mainwindow.xaml.cs" line="33" column="1" bodyfile="C:/Users/School User/Code/TMS-Dump/Transport Management System WPF/TMSwPages/mainwindow.xaml.cs" bodystart="32" bodyend="38"/>
    <listofallmembers>
      <member refid="class_t_m_sw_pages_1_1_main_window_1a466951de520a75e77afa4a40f6cb710f" prot="private" virt="non-virtual"><scope>TMSwPages::MainWindow</scope><name>MainWindow</name></member>
    </listofallmembers>
  </compounddef>
</doxygen>
