<?xml version='1.0' encoding='UTF-8' standalone='no'?>
<doxygen xmlns:xsi="http://www.w3.org/2001/XMLSchema-instance" xsi:noNamespaceSchemaLocation="compound.xsd" version="1.8.16">
  <compounddef id="class_transport___management___system___w_p_f_1_1_planner_class_1_1_planner" kind="class" language="C#" prot="private">
    <compoundname>Transport_Management_System_WPF::PlannerClass::Planner</compoundname>
      <sectiondef kind="public-func">
      <memberdef kind="function" id="class_transport___management___system___w_p_f_1_1_planner_class_1_1_planner_1aed4be49ed7fadb9ff44f0e0fe4e20b26" prot="public" static="no" const="no" explicit="no" inline="yes" virt="non-virtual">
        <type>int</type>
        <definition>int Transport_Management_System_WPF.PlannerClass.Planner::Receive_Customer_Order_From_Buyer</definition>
        <argsstring>()</argsstring>
        <name>Receive_Customer_Order_From_Buyer</name>
        <briefdescription>
<para>This method will read the contracts that the buy has set aside. </para>
        </briefdescription>
        <detaileddescription>
<para>The method will read from the data base. The buy will have flagged orders and nominated carries for each. First the method will determine which carrier is the best option. It will then use the Mapping Class to determine the trip the trucks will take. All of this data will be saved into the data base after.</para>
<para><parameterlist kind="param"><parameteritem>
<parameternamelist>
<parametername direction="in">null</parametername>
</parameternamelist>
<parameterdescription>
<para></para>
</parameterdescription>
</parameteritem>
<parameteritem>
<parameternamelist>
<parametername direction="out">null</parametername>
</parameternamelist>
<parameterdescription>
<para></para>
</parameterdescription>
</parameteritem>
</parameterlist>
<parameterlist kind="exception"><parameteritem>
<parameternamelist>
<parametername>null</parametername>
</parameternamelist>
<parameterdescription>
<para></para>
</parameterdescription>
</parameteritem>
</parameterlist>
<simplesect kind="see"><para><ref refid="class_transport___management___system___w_p_f_1_1_mapping_class" kindref="compound">MappingClass</ref> </para>
</simplesect>
<simplesect kind="return"><para>None</para>
</simplesect>
<hruler/>
 </para>
        </detaileddescription>
        <inbodydescription>
        </inbodydescription>
        <location file="C:/Users/School User/Code/TMS-Dump/Transport Management System WPF/Transport Management System WPF/PlannerClass.cs" line="98" column="24" bodyfile="C:/Users/School User/Code/TMS-Dump/Transport Management System WPF/Transport Management System WPF/PlannerClass.cs" bodystart="98" bodyend="125"/>
      </memberdef>
      </sectiondef>
    <briefdescription>
    </briefdescription>
    <detaileddescription>
    </detaileddescription>
    <location file="C:/Users/School User/Code/TMS-Dump/Transport Management System WPF/Transport Management System WPF/PlannerClass.cs" line="81" column="1" bodyfile="C:/Users/School User/Code/TMS-Dump/Transport Management System WPF/Transport Management System WPF/PlannerClass.cs" bodystart="80" bodyend="315"/>
    <listofallmembers>
      <member refid="class_transport___management___system___w_p_f_1_1_planner_class_1_1_planner_1aed4be49ed7fadb9ff44f0e0fe4e20b26" prot="public" virt="non-virtual"><scope>Transport_Management_System_WPF::PlannerClass::Planner</scope><name>Receive_Customer_Order_From_Buyer</name></member>
    </listofallmembers>
  </compounddef>
</doxygen>
