<?xml version='1.0' encoding='UTF-8' standalone='no'?>
<doxygen xmlns:xsi="http://www.w3.org/2001/XMLSchema-instance" xsi:noNamespaceSchemaLocation="compound.xsd" version="1.8.16">
  <compounddef id="class_t_m_sw_pages_1_1_view_log_details" kind="class" language="C++" prot="public">
    <compoundname>TMSwPages::ViewLogDetails</compoundname>
    <basecompoundref prot="private" virt="non-virtual">Page</basecompoundref>
      <sectiondef kind="private-func">
      <memberdef kind="function" id="class_t_m_sw_pages_1_1_view_log_details_1a52d7460a3afa1e236afeeeb29c88584c" prot="private" static="no" const="no" explicit="no" inline="yes" virt="non-virtual">
        <type>public</type>
        <definition>public TMSwPages::ViewLogDetails::ViewLogDetails</definition>
        <argsstring>()</argsstring>
        <name>ViewLogDetails</name>
        <briefdescription>
<para>Constructor for the <ref refid="class_t_m_sw_pages_1_1_view_log_details" kindref="compound">ViewLogDetails</ref> page. </para>
        </briefdescription>
        <detaileddescription>
<para>Initializes the page. <simplesect kind="see"><para>InitializeComponent() </para>
</simplesect>
<simplesect kind="return"><para>N/A</para>
</simplesect>
<hruler/>
 </para>
        </detaileddescription>
        <inbodydescription>
        </inbodydescription>
        <location file="C:/Users/School User/Code/TMS-Dump/Transport Management System WPF/TMSwPages/ViewLogDetails.xaml.cs" line="49" column="16" bodyfile="C:/Users/School User/Code/TMS-Dump/Transport Management System WPF/TMSwPages/ViewLogDetails.xaml.cs" bodystart="49" bodyend="52"/>
      </memberdef>
      <memberdef kind="function" id="class_t_m_sw_pages_1_1_view_log_details_1a39a52a42ed73d7cff66d36a22639806c" prot="private" static="no" const="no" explicit="no" inline="yes" virt="non-virtual">
        <type>public</type>
        <definition>public TMSwPages::ViewLogDetails::ViewLogDetails</definition>
        <argsstring>(object data)</argsstring>
        <name>ViewLogDetails</name>
        <param>
          <type>object</type>
          <declname>data</declname>
        </param>
        <briefdescription>
<para>Alternative constructor for the <ref refid="class_t_m_sw_pages_1_1_view_log_details" kindref="compound">ViewLogDetails</ref>. </para>
        </briefdescription>
        <detaileddescription>
<para>This constructor allows population of the page using data selected in a previous page. <parameterlist kind="param"><parameteritem>
<parameternamelist>
<parametername direction="in">object</parametername>
</parameternamelist>
<parameterdescription>
<para>data this() The value in the datagrid selected in the previous page. </para>
</parameterdescription>
</parameteritem>
</parameterlist>
<simplesect kind="return"><para>N/A</para>
</simplesect>
<hruler/>
 </para>
        </detaileddescription>
        <inbodydescription>
<para>Bind to incoming log data.</para>
        </inbodydescription>
        <location file="C:/Users/School User/Code/TMS-Dump/Transport Management System WPF/TMSwPages/ViewLogDetails.xaml.cs" line="63" column="16" bodyfile="C:/Users/School User/Code/TMS-Dump/Transport Management System WPF/TMSwPages/ViewLogDetails.xaml.cs" bodystart="63" bodyend="67"/>
      </memberdef>
      </sectiondef>
    <briefdescription>
    </briefdescription>
    <detaileddescription>
    </detaileddescription>
    <inheritancegraph>
      <node id="2">
        <label>Page</label>
      </node>
      <node id="1">
        <label>TMSwPages::ViewLogDetails</label>
        <link refid="class_t_m_sw_pages_1_1_view_log_details"/>
        <childnode refid="2" relation="private-inheritance">
        </childnode>
      </node>
    </inheritancegraph>
    <collaborationgraph>
      <node id="2">
        <label>Page</label>
      </node>
      <node id="1">
        <label>TMSwPages::ViewLogDetails</label>
        <link refid="class_t_m_sw_pages_1_1_view_log_details"/>
        <childnode refid="2" relation="private-inheritance">
        </childnode>
      </node>
    </collaborationgraph>
    <location file="C:/Users/School User/Code/TMS-Dump/Transport Management System WPF/TMSwPages/ViewLogDetails.xaml.cs" line="39" column="1" bodyfile="C:/Users/School User/Code/TMS-Dump/Transport Management System WPF/TMSwPages/ViewLogDetails.xaml.cs" bodystart="38" bodyend="69"/>
    <listofallmembers>
      <member refid="class_t_m_sw_pages_1_1_view_log_details_1a52d7460a3afa1e236afeeeb29c88584c" prot="private" virt="non-virtual"><scope>TMSwPages::ViewLogDetails</scope><name>ViewLogDetails</name></member>
      <member refid="class_t_m_sw_pages_1_1_view_log_details_1a39a52a42ed73d7cff66d36a22639806c" prot="private" virt="non-virtual"><scope>TMSwPages::ViewLogDetails</scope><name>ViewLogDetails</name></member>
    </listofallmembers>
  </compounddef>
</doxygen>
