<?xml version='1.0' encoding='UTF-8' standalone='no'?>
<doxygen xmlns:xsi="http://www.w3.org/2001/XMLSchema-instance" xsi:noNamespaceSchemaLocation="compound.xsd" version="1.8.16">
  <compounddef id="class_transport___management___system___w_p_f_1_1mysql_connector" kind="class" language="C#" prot="public">
    <compoundname>Transport_Management_System_WPF::mysqlConnector</compoundname>
    <briefdescription>
<para>This class runs the Admin UI functionality. </para>
    </briefdescription>
    <detaileddescription>
<para>... static class? <linebreak/>
</para>
<para><hruler/>
 </para>
    </detaileddescription>
    <location file="C:/Users/School User/Code/TMS-Dump/Transport Management System WPF/Transport Management System WPF/mysqlConnector.cs" line="35" column="1" bodyfile="C:/Users/School User/Code/TMS-Dump/Transport Management System WPF/Transport Management System WPF/mysqlConnector.cs" bodystart="34" bodyend="37"/>
    <listofallmembers>
    </listofallmembers>
  </compounddef>
</doxygen>
