<?xml version='1.0' encoding='UTF-8' standalone='no'?>
<doxygen xmlns:xsi="http://www.w3.org/2001/XMLSchema-instance" xsi:noNamespaceSchemaLocation="compound.xsd" version="1.8.16">
  <compounddef id="class_t_m_sw_pages_1_1_admin" kind="class" language="C#" prot="public">
    <compoundname>TMSwPages::Admin</compoundname>
      <sectiondef kind="private-attrib">
      <memberdef kind="variable" id="class_t_m_sw_pages_1_1_admin_1a8a5920a3a10044bd01c6597febf53489" prot="private" static="no" mutable="no">
        <type><ref refid="class_t_m_sw_pages_1_1_backup_t_m_s" kindref="compound">BackupTMS</ref></type>
        <definition>BackupTMS TMSwPages.Admin::adminBackup</definition>
        <argsstring></argsstring>
        <name>adminBackup</name>
        <initializer>= null</initializer>
        <briefdescription>
        </briefdescription>
        <detaileddescription>
        </detaileddescription>
        <inbodydescription>
        </inbodydescription>
        <location file="C:/Users/School User/Code/TMS-Dump/Transport Management System WPF/TMSwPages/AdminClasses.cs" line="37" column="19" bodyfile="C:/Users/School User/Code/TMS-Dump/Transport Management System WPF/TMSwPages/AdminClasses.cs" bodystart="37" bodyend="-1"/>
      </memberdef>
      <memberdef kind="variable" id="class_t_m_sw_pages_1_1_admin_1a1fa24937bf3f23bdb385ed055873ad35" prot="private" static="no" mutable="no">
        <type><ref refid="class_t_m_sw_pages_1_1_alter_tables" kindref="compound">AlterTables</ref></type>
        <definition>AlterTables TMSwPages.Admin::adminAlter</definition>
        <argsstring></argsstring>
        <name>adminAlter</name>
        <initializer>= null</initializer>
        <briefdescription>
        </briefdescription>
        <detaileddescription>
        </detaileddescription>
        <inbodydescription>
        </inbodydescription>
        <location file="C:/Users/School User/Code/TMS-Dump/Transport Management System WPF/TMSwPages/AdminClasses.cs" line="38" column="21" bodyfile="C:/Users/School User/Code/TMS-Dump/Transport Management System WPF/TMSwPages/AdminClasses.cs" bodystart="38" bodyend="-1"/>
      </memberdef>
      </sectiondef>
      <sectiondef kind="private-func">
      <memberdef kind="function" id="class_t_m_sw_pages_1_1_admin_1a9544cc6cc847d75e5eca01c31dfa7655" prot="private" static="no" const="no" explicit="no" inline="yes" virt="non-virtual">
        <type></type>
        <definition>TMSwPages.Admin.Admin</definition>
        <argsstring>()</argsstring>
        <name>Admin</name>
        <briefdescription>
        </briefdescription>
        <detaileddescription>
        </detaileddescription>
        <inbodydescription>
        </inbodydescription>
        <location file="C:/Users/School User/Code/TMS-Dump/Transport Management System WPF/TMSwPages/AdminClasses.cs" line="40" column="9" bodyfile="C:/Users/School User/Code/TMS-Dump/Transport Management System WPF/TMSwPages/AdminClasses.cs" bodystart="40" bodyend="45"/>
      </memberdef>
      <memberdef kind="function" id="class_t_m_sw_pages_1_1_admin_1a9544cc6cc847d75e5eca01c31dfa7655" prot="private" static="no" const="no" explicit="no" inline="yes" virt="non-virtual">
        <type></type>
        <definition>TMSwPages.Admin.Admin</definition>
        <argsstring>()</argsstring>
        <name>Admin</name>
        <briefdescription>
        </briefdescription>
        <detaileddescription>
        </detaileddescription>
        <inbodydescription>
        </inbodydescription>
        <location file="C:/Users/School User/Code/TMS-Dump/Transport Management System WPF/Transport Management System WPF/AdminClasses.cs" line="40" column="9" bodyfile="C:/Users/School User/Code/TMS-Dump/Transport Management System WPF/Transport Management System WPF/AdminClasses.cs" bodystart="40" bodyend="45"/>
      </memberdef>
      </sectiondef>
    <briefdescription>
<para>This class runs the <ref refid="class_t_m_sw_pages_1_1_admin" kindref="compound">Admin</ref> UI functionality. </para>
    </briefdescription>
    <detaileddescription>
<para>The <ref refid="class_t_m_sw_pages_1_1_admin_page" kindref="compound">AdminPage</ref> codebehind should make calls to this. This holds functions that the user can choose to run. For example button presses and UI drawingRight now this class does nothing.</para>
<para><hruler/>
</para>
<para>... static class? <linebreak/>
</para>
<para><hruler/>
 </para>
    </detaileddescription>
    <collaborationgraph>
      <node id="1">
        <label>TMSwPages.Admin</label>
        <link refid="class_t_m_sw_pages_1_1_admin"/>
        <childnode refid="2" relation="usage">
          <edgelabel>adminAlter</edgelabel>
        </childnode>
        <childnode refid="3" relation="usage">
          <edgelabel>adminBackup</edgelabel>
        </childnode>
      </node>
      <node id="2">
        <label>TMSwPages.AlterTables</label>
        <link refid="class_t_m_sw_pages_1_1_alter_tables"/>
      </node>
      <node id="3">
        <label>TMSwPages.BackupTMS</label>
        <link refid="class_t_m_sw_pages_1_1_backup_t_m_s"/>
      </node>
    </collaborationgraph>
    <location file="C:/Users/School User/Code/TMS-Dump/Transport Management System WPF/TMSwPages/AdminClasses.cs" line="35" column="1" bodyfile="C:/Users/School User/Code/TMS-Dump/Transport Management System WPF/TMSwPages/AdminClasses.cs" bodystart="34" bodyend="47"/>
    <listofallmembers>
      <member refid="class_t_m_sw_pages_1_1_admin_1a9544cc6cc847d75e5eca01c31dfa7655" prot="private" virt="non-virtual"><scope>TMSwPages::Admin</scope><name>Admin</name></member>
      <member refid="class_t_m_sw_pages_1_1_admin_1a9544cc6cc847d75e5eca01c31dfa7655" prot="private" virt="non-virtual"><scope>TMSwPages::Admin</scope><name>Admin</name></member>
      <member refid="class_t_m_sw_pages_1_1_admin_1a1fa24937bf3f23bdb385ed055873ad35" prot="private" virt="non-virtual"><scope>TMSwPages::Admin</scope><name>adminAlter</name></member>
      <member refid="class_t_m_sw_pages_1_1_admin_1a8a5920a3a10044bd01c6597febf53489" prot="private" virt="non-virtual"><scope>TMSwPages::Admin</scope><name>adminBackup</name></member>
    </listofallmembers>
  </compounddef>
</doxygen>
