<?xml version='1.0' encoding='UTF-8' standalone='no'?>
<doxygen xmlns:xsi="http://www.w3.org/2001/XMLSchema-instance" xsi:noNamespaceSchemaLocation="compound.xsd" version="1.8.16">
  <compounddef id="dir_52959eadf4408b695fdb8febcd655fd5" kind="dir">
    <compoundname>C:/Users/School User/Code/TMS-Dump/Transport Management System WPF/Transport Management System WPF</compoundname>
    <innerfile refid="_transport_01_management_01_system_01_w_p_f_2_admin_classes_8cs">AdminClasses.cs</innerfile>
    <innerfile refid="_transport_01_management_01_system_01_w_p_f_2_app_8xaml_8cs">App.xaml.cs</innerfile>
    <innerfile refid="_buyer_class_8cs">BuyerClass.cs</innerfile>
    <innerfile refid="_carrier_8cs">Carrier.cs</innerfile>
    <innerfile refid="_contract_8cs">Contract.cs</innerfile>
    <innerfile refid="_transport_01_management_01_system_01_w_p_f_2mainwindow_8xaml_8cs">MainWindow.xaml.cs</innerfile>
    <innerfile refid="_mapping_class_8cs">MappingClass.cs</innerfile>
    <innerfile refid="mysql_connector_8cs">mysqlConnector.cs</innerfile>
    <innerfile refid="_planner_class_8cs">PlannerClass.cs</innerfile>
    <innerfile refid="_s_q_l___query_8cs">SQL_Query.cs</innerfile>
    <innerfile refid="_s_q_l___query___t_m_s_8cs">SQL_Query_TMS.cs</innerfile>
    <innerfile refid="_time_pass_8cs">TimePass.cs</innerfile>
    <briefdescription>
    </briefdescription>
    <detaileddescription>
    </detaileddescription>
    <location file="C:/Users/School User/Code/TMS-Dump/Transport Management System WPF/Transport Management System WPF/"/>
  </compounddef>
</doxygen>
