<?xml version='1.0' encoding='UTF-8' standalone='no'?>
<doxygen xmlns:xsi="http://www.w3.org/2001/XMLSchema-instance" xsi:noNamespaceSchemaLocation="compound.xsd" version="1.8.16">
  <compounddef id="dir_07459c758fbbcf9ae534443fd0b3129b" kind="dir">
    <compoundname>C:/Users/School User/Code/TMS-Dump/Transport Management System WPF</compoundname>
    <innerdir refid="dir_d2fd5cb0dbdffaa8f06c62424840050b">C:/Users/School User/Code/TMS-Dump/Transport Management System WPF/TMSwPages</innerdir>
    <innerdir refid="dir_52959eadf4408b695fdb8febcd655fd5">C:/Users/School User/Code/TMS-Dump/Transport Management System WPF/Transport Management System WPF</innerdir>
    <innerdir refid="dir_fe956ec00ed815f665d9aec623da35f3">C:/Users/School User/Code/TMS-Dump/Transport Management System WPF/UnitTestTMS</innerdir>
    <briefdescription>
    </briefdescription>
    <detaileddescription>
    </detaileddescription>
    <location file="C:/Users/School User/Code/TMS-Dump/Transport Management System WPF/"/>
  </compounddef>
</doxygen>
