<?xml version='1.0' encoding='UTF-8' standalone='no'?>
<doxygen xmlns:xsi="http://www.w3.org/2001/XMLSchema-instance" xsi:noNamespaceSchemaLocation="compound.xsd" version="1.8.16">
  <compounddef id="dir_fe956ec00ed815f665d9aec623da35f3" kind="dir">
    <compoundname>C:/Users/School User/Code/TMS-Dump/Transport Management System WPF/UnitTestTMS</compoundname>
    <innerfile refid="_planner_class_tests_8cs">PlannerClassTests.cs</innerfile>
    <innerfile refid="_unit_test2_8cs">UnitTest2.cs</innerfile>
    <briefdescription>
    </briefdescription>
    <detaileddescription>
    </detaileddescription>
    <location file="C:/Users/School User/Code/TMS-Dump/Transport Management System WPF/UnitTestTMS/"/>
  </compounddef>
</doxygen>
