<?xml version='1.0' encoding='UTF-8' standalone='no'?>
<doxygen xmlns:xsi="http://www.w3.org/2001/XMLSchema-instance" xsi:noNamespaceSchemaLocation="compound.xsd" version="1.8.16">
  <compounddef id="namespace_system_1_1_diagnostics" kind="namespace" language="Unknown">
    <compoundname>System::Diagnostics</compoundname>
    <briefdescription>
    </briefdescription>
    <detaileddescription>
    </detaileddescription>
    <location file="C:/Users/School User/Code/TMS-Dump/Transport Management System WPF/Transport Management System WPF/SQL_Query.cs" line="23" column="25"/>
  </compounddef>
</doxygen>
