<?xml version='1.0' encoding='UTF-8' standalone='no'?>
<doxygen xmlns:xsi="http://www.w3.org/2001/XMLSchema-instance" xsi:noNamespaceSchemaLocation="compound.xsd" version="1.8.16">
  <compounddef id="namespace_system_1_1_data_1_1_sql_client" kind="namespace" language="Unknown">
    <compoundname>System::Data::SqlClient</compoundname>
    <briefdescription>
    </briefdescription>
    <detaileddescription>
    </detaileddescription>
    <location file="C:/Users/School User/Code/TMS-Dump/Transport Management System WPF/Transport Management System WPF/SQL_Query.cs" line="18" column="28"/>
  </compounddef>
</doxygen>
