<?xml version='1.0' encoding='UTF-8' standalone='no'?>
<doxygen xmlns:xsi="http://www.w3.org/2001/XMLSchema-instance" xsi:noNamespaceSchemaLocation="compound.xsd" version="1.8.16">
  <compounddef id="namespace_transport___management___system___w_p_f" kind="namespace" language="C++">
    <compoundname>Transport_Management_System_WPF</compoundname>
    <innerclass refid="class_transport___management___system___w_p_f_1_1_app" prot="public">Transport_Management_System_WPF::App</innerclass>
    <innerclass refid="class_transport___management___system___w_p_f_1_1_buyer_class" prot="public">Transport_Management_System_WPF::BuyerClass</innerclass>
    <innerclass refid="class_transport___management___system___w_p_f_1_1_carrier" prot="public">Transport_Management_System_WPF::Carrier</innerclass>
    <innerclass refid="class_transport___management___system___w_p_f_1_1_city_node" prot="public">Transport_Management_System_WPF::CityNode</innerclass>
    <innerclass refid="class_transport___management___system___w_p_f_1_1_contract" prot="public">Transport_Management_System_WPF::Contract</innerclass>
    <innerclass refid="struct_transport___management___system___w_p_f_1_1_customer" prot="public">Transport_Management_System_WPF::Customer</innerclass>
    <innerclass refid="struct_transport___management___system___w_p_f_1_1_location" prot="public">Transport_Management_System_WPF::Location</innerclass>
    <innerclass refid="class_transport___management___system___w_p_f_1_1_main_window" prot="public">Transport_Management_System_WPF::MainWindow</innerclass>
    <innerclass refid="class_transport___management___system___w_p_f_1_1_mapping_class" prot="public">Transport_Management_System_WPF::MappingClass</innerclass>
    <innerclass refid="class_transport___management___system___w_p_f_1_1mysql_connector" prot="public">Transport_Management_System_WPF::mysqlConnector</innerclass>
    <innerclass refid="class_transport___management___system___w_p_f_1_1_planner_class" prot="public">Transport_Management_System_WPF::PlannerClass</innerclass>
    <innerclass refid="struct_transport___management___system___w_p_f_1_1_route_data" prot="public">Transport_Management_System_WPF::RouteData</innerclass>
    <innerclass refid="struct_transport___management___system___w_p_f_1_1_route_sum_data" prot="public">Transport_Management_System_WPF::RouteSumData</innerclass>
    <innerclass refid="class_transport___management___system___w_p_f_1_1_s_q_l___query" prot="public">Transport_Management_System_WPF::SQL_Query</innerclass>
    <innerclass refid="class_transport___management___system___w_p_f_1_1_s_q_l___query___t_m_s" prot="public">Transport_Management_System_WPF::SQL_Query_TMS</innerclass>
    <innerclass refid="class_transport___management___system___w_p_f_1_1_time_pass" prot="public">Transport_Management_System_WPF::TimePass</innerclass>
    <innerclass refid="struct_transport___management___system___w_p_f_1_1_trip___ticket" prot="public">Transport_Management_System_WPF::Trip_Ticket</innerclass>
    <innerclass refid="struct_transport___management___system___w_p_f_1_1_trip___ticket___line" prot="public">Transport_Management_System_WPF::Trip_Ticket_Line</innerclass>
    <innerclass refid="struct_transport___management___system___w_p_f_1_1_truck" prot="public">Transport_Management_System_WPF::Truck</innerclass>
    <briefdescription>
    </briefdescription>
    <detaileddescription>
    </detaileddescription>
    <location file="C:/Users/School User/Code/TMS-Dump/Transport Management System WPF/Transport Management System WPF/App.xaml.cs" line="10" column="1"/>
  </compounddef>
</doxygen>
