<?xml version='1.0' encoding='UTF-8' standalone='no'?>
<doxygen xmlns:xsi="http://www.w3.org/2001/XMLSchema-instance" xsi:noNamespaceSchemaLocation="compound.xsd" version="1.8.16">
  <compounddef id="namespace_t_m_sw_pages" kind="namespace" language="C#">
    <compoundname>TMSwPages</compoundname>
    <innerclass refid="class_t_m_sw_pages_1_1_admin" prot="public">TMSwPages::Admin</innerclass>
    <innerclass refid="class_t_m_sw_pages_1_1_admin_page" prot="public">TMSwPages::AdminPage</innerclass>
    <innerclass refid="class_t_m_sw_pages_1_1_alter_tables" prot="public">TMSwPages::AlterTables</innerclass>
    <innerclass refid="class_t_m_sw_pages_1_1_app" prot="public">TMSwPages::App</innerclass>
    <innerclass refid="class_t_m_sw_pages_1_1_backup_t_m_s" prot="public">TMSwPages::BackupTMS</innerclass>
    <innerclass refid="class_t_m_sw_pages_1_1_main_window" prot="public">TMSwPages::MainWindow</innerclass>
    <innerclass refid="class_t_m_sw_pages_1_1_t_m_s_log" prot="public">TMSwPages::TMSLog</innerclass>
    <innerclass refid="class_t_m_sw_pages_1_1_t_m_s_logger" prot="public">TMSwPages::TMSLogger</innerclass>
    <innerclass refid="class_t_m_sw_pages_1_1_view_log_details" prot="public">TMSwPages::ViewLogDetails</innerclass>
    <briefdescription>
    </briefdescription>
    <detaileddescription>
    </detaileddescription>
    <location file="C:/Users/School User/Code/TMS-Dump/Transport Management System WPF/TMSwPages/AdminClasses.cs" line="25" column="1"/>
  </compounddef>
</doxygen>
