<?xml version='1.0' encoding='UTF-8' standalone='no'?>
<doxygen xmlns:xsi="http://www.w3.org/2001/XMLSchema-instance" xsi:noNamespaceSchemaLocation="compound.xsd" version="1.8.16">
  <compounddef id="struct_transport___management___system___w_p_f_1_1_route_data" kind="struct" language="C#" prot="public">
    <compoundname>Transport_Management_System_WPF::RouteData</compoundname>
      <sectiondef kind="public-attrib">
      <memberdef kind="variable" id="struct_transport___management___system___w_p_f_1_1_route_data_1a7c32b69555f2b7546a00cbb7cc1fc4b2" prot="public" static="no" mutable="no">
        <type>int</type>
        <definition>int Transport_Management_System_WPF.RouteData.RouteDataID</definition>
        <argsstring></argsstring>
        <name>RouteDataID</name>
        <briefdescription>
        </briefdescription>
        <detaileddescription>
        </detaileddescription>
        <inbodydescription>
        </inbodydescription>
        <location file="C:/Users/School User/Code/TMS-Dump/Transport Management System WPF/Transport Management System WPF/MappingClass.cs" line="29" column="20" bodyfile="C:/Users/School User/Code/TMS-Dump/Transport Management System WPF/Transport Management System WPF/MappingClass.cs" bodystart="29" bodyend="-1"/>
      </memberdef>
      <memberdef kind="variable" id="struct_transport___management___system___w_p_f_1_1_route_data_1a23cd8f5e8ad99be71ea319ae12706e35" prot="public" static="no" mutable="no">
        <type>int</type>
        <definition>int Transport_Management_System_WPF.RouteData.KM</definition>
        <argsstring></argsstring>
        <name>KM</name>
        <briefdescription>
        </briefdescription>
        <detaileddescription>
        </detaileddescription>
        <inbodydescription>
        </inbodydescription>
        <location file="C:/Users/School User/Code/TMS-Dump/Transport Management System WPF/Transport Management System WPF/MappingClass.cs" line="30" column="20" bodyfile="C:/Users/School User/Code/TMS-Dump/Transport Management System WPF/Transport Management System WPF/MappingClass.cs" bodystart="30" bodyend="-1"/>
      </memberdef>
      <memberdef kind="variable" id="struct_transport___management___system___w_p_f_1_1_route_data_1a8a1fb3b1c950746f7f44960742163436" prot="public" static="no" mutable="no">
        <type>double</type>
        <definition>double Transport_Management_System_WPF.RouteData.PickupTime</definition>
        <argsstring></argsstring>
        <name>PickupTime</name>
        <briefdescription>
        </briefdescription>
        <detaileddescription>
        </detaileddescription>
        <inbodydescription>
        </inbodydescription>
        <location file="C:/Users/School User/Code/TMS-Dump/Transport Management System WPF/Transport Management System WPF/MappingClass.cs" line="31" column="23" bodyfile="C:/Users/School User/Code/TMS-Dump/Transport Management System WPF/Transport Management System WPF/MappingClass.cs" bodystart="31" bodyend="-1"/>
      </memberdef>
      <memberdef kind="variable" id="struct_transport___management___system___w_p_f_1_1_route_data_1a1c014862156bfa9f7f5c3177e8a8dc30" prot="public" static="no" mutable="no">
        <type>double</type>
        <definition>double Transport_Management_System_WPF.RouteData.DriveTime</definition>
        <argsstring></argsstring>
        <name>DriveTime</name>
        <briefdescription>
        </briefdescription>
        <detaileddescription>
        </detaileddescription>
        <inbodydescription>
        </inbodydescription>
        <location file="C:/Users/School User/Code/TMS-Dump/Transport Management System WPF/Transport Management System WPF/MappingClass.cs" line="32" column="23" bodyfile="C:/Users/School User/Code/TMS-Dump/Transport Management System WPF/Transport Management System WPF/MappingClass.cs" bodystart="32" bodyend="-1"/>
      </memberdef>
      <memberdef kind="variable" id="struct_transport___management___system___w_p_f_1_1_route_data_1aac1cdb60d3446d2a2ee8965f11356b72" prot="public" static="no" mutable="no">
        <type>double</type>
        <definition>double Transport_Management_System_WPF.RouteData.LtlTime</definition>
        <argsstring></argsstring>
        <name>LtlTime</name>
        <briefdescription>
        </briefdescription>
        <detaileddescription>
        </detaileddescription>
        <inbodydescription>
        </inbodydescription>
        <location file="C:/Users/School User/Code/TMS-Dump/Transport Management System WPF/Transport Management System WPF/MappingClass.cs" line="33" column="23" bodyfile="C:/Users/School User/Code/TMS-Dump/Transport Management System WPF/Transport Management System WPF/MappingClass.cs" bodystart="33" bodyend="-1"/>
      </memberdef>
      <memberdef kind="variable" id="struct_transport___management___system___w_p_f_1_1_route_data_1a822646cabf49a7459b97f0aad3bfb838" prot="public" static="no" mutable="no">
        <type>double</type>
        <definition>double Transport_Management_System_WPF.RouteData.DropoffTime</definition>
        <argsstring></argsstring>
        <name>DropoffTime</name>
        <briefdescription>
        </briefdescription>
        <detaileddescription>
        </detaileddescription>
        <inbodydescription>
        </inbodydescription>
        <location file="C:/Users/School User/Code/TMS-Dump/Transport Management System WPF/Transport Management System WPF/MappingClass.cs" line="34" column="23" bodyfile="C:/Users/School User/Code/TMS-Dump/Transport Management System WPF/Transport Management System WPF/MappingClass.cs" bodystart="34" bodyend="-1"/>
      </memberdef>
      <memberdef kind="variable" id="struct_transport___management___system___w_p_f_1_1_route_data_1a78ab42300dd9923b0d9914c6fa57441c" prot="public" static="no" mutable="no">
        <type>int</type>
        <definition>int Transport_Management_System_WPF.RouteData.CityA</definition>
        <argsstring></argsstring>
        <name>CityA</name>
        <briefdescription>
        </briefdescription>
        <detaileddescription>
        </detaileddescription>
        <inbodydescription>
        </inbodydescription>
        <location file="C:/Users/School User/Code/TMS-Dump/Transport Management System WPF/Transport Management System WPF/MappingClass.cs" line="35" column="20" bodyfile="C:/Users/School User/Code/TMS-Dump/Transport Management System WPF/Transport Management System WPF/MappingClass.cs" bodystart="35" bodyend="-1"/>
      </memberdef>
      <memberdef kind="variable" id="struct_transport___management___system___w_p_f_1_1_route_data_1a4b5ac67440353f1061ba8ba3cbcabc92" prot="public" static="no" mutable="no">
        <type>int</type>
        <definition>int Transport_Management_System_WPF.RouteData.CityB</definition>
        <argsstring></argsstring>
        <name>CityB</name>
        <briefdescription>
        </briefdescription>
        <detaileddescription>
        </detaileddescription>
        <inbodydescription>
        </inbodydescription>
        <location file="C:/Users/School User/Code/TMS-Dump/Transport Management System WPF/Transport Management System WPF/MappingClass.cs" line="36" column="20" bodyfile="C:/Users/School User/Code/TMS-Dump/Transport Management System WPF/Transport Management System WPF/MappingClass.cs" bodystart="36" bodyend="-1"/>
      </memberdef>
      </sectiondef>
    <briefdescription>
    </briefdescription>
    <detaileddescription>
    </detaileddescription>
    <location file="C:/Users/School User/Code/TMS-Dump/Transport Management System WPF/Transport Management System WPF/MappingClass.cs" line="28" column="1" bodyfile="C:/Users/School User/Code/TMS-Dump/Transport Management System WPF/Transport Management System WPF/MappingClass.cs" bodystart="27" bodyend="37"/>
    <listofallmembers>
      <member refid="struct_transport___management___system___w_p_f_1_1_route_data_1a78ab42300dd9923b0d9914c6fa57441c" prot="public" virt="non-virtual"><scope>Transport_Management_System_WPF::RouteData</scope><name>CityA</name></member>
      <member refid="struct_transport___management___system___w_p_f_1_1_route_data_1a4b5ac67440353f1061ba8ba3cbcabc92" prot="public" virt="non-virtual"><scope>Transport_Management_System_WPF::RouteData</scope><name>CityB</name></member>
      <member refid="struct_transport___management___system___w_p_f_1_1_route_data_1a1c014862156bfa9f7f5c3177e8a8dc30" prot="public" virt="non-virtual"><scope>Transport_Management_System_WPF::RouteData</scope><name>DriveTime</name></member>
      <member refid="struct_transport___management___system___w_p_f_1_1_route_data_1a822646cabf49a7459b97f0aad3bfb838" prot="public" virt="non-virtual"><scope>Transport_Management_System_WPF::RouteData</scope><name>DropoffTime</name></member>
      <member refid="struct_transport___management___system___w_p_f_1_1_route_data_1a23cd8f5e8ad99be71ea319ae12706e35" prot="public" virt="non-virtual"><scope>Transport_Management_System_WPF::RouteData</scope><name>KM</name></member>
      <member refid="struct_transport___management___system___w_p_f_1_1_route_data_1aac1cdb60d3446d2a2ee8965f11356b72" prot="public" virt="non-virtual"><scope>Transport_Management_System_WPF::RouteData</scope><name>LtlTime</name></member>
      <member refid="struct_transport___management___system___w_p_f_1_1_route_data_1a8a1fb3b1c950746f7f44960742163436" prot="public" virt="non-virtual"><scope>Transport_Management_System_WPF::RouteData</scope><name>PickupTime</name></member>
      <member refid="struct_transport___management___system___w_p_f_1_1_route_data_1a7c32b69555f2b7546a00cbb7cc1fc4b2" prot="public" virt="non-virtual"><scope>Transport_Management_System_WPF::RouteData</scope><name>RouteDataID</name></member>
    </listofallmembers>
  </compounddef>
</doxygen>
