<?xml version='1.0' encoding='UTF-8' standalone='no'?>
<doxygen xmlns:xsi="http://www.w3.org/2001/XMLSchema-instance" xsi:noNamespaceSchemaLocation="compound.xsd" version="1.8.16">
  <compounddef id="struct_transport___management___system___w_p_f_1_1_truck" kind="struct" language="C#" prot="public">
    <compoundname>Transport_Management_System_WPF::Truck</compoundname>
      <sectiondef kind="public-attrib">
      <memberdef kind="variable" id="struct_transport___management___system___w_p_f_1_1_truck_1a32fbe494f246831d2559c25f348c6b18" prot="public" static="no" mutable="no">
        <type>int</type>
        <definition>int Transport_Management_System_WPF.Truck.TruckID</definition>
        <argsstring></argsstring>
        <name>TruckID</name>
        <briefdescription>
        </briefdescription>
        <detaileddescription>
        </detaileddescription>
        <inbodydescription>
        </inbodydescription>
        <location file="C:/Users/School User/Code/TMS-Dump/Transport Management System WPF/Transport Management System WPF/PlannerClass.cs" line="57" column="20" bodyfile="C:/Users/School User/Code/TMS-Dump/Transport Management System WPF/Transport Management System WPF/PlannerClass.cs" bodystart="57" bodyend="-1"/>
      </memberdef>
      <memberdef kind="variable" id="struct_transport___management___system___w_p_f_1_1_truck_1a71ec212b9661e6c7e40d1f2595f0ce64" prot="public" static="no" mutable="no">
        <type>int</type>
        <definition>int Transport_Management_System_WPF.Truck.CurrentCityID</definition>
        <argsstring></argsstring>
        <name>CurrentCityID</name>
        <briefdescription>
        </briefdescription>
        <detaileddescription>
        </detaileddescription>
        <inbodydescription>
        </inbodydescription>
        <location file="C:/Users/School User/Code/TMS-Dump/Transport Management System WPF/Transport Management System WPF/PlannerClass.cs" line="58" column="20" bodyfile="C:/Users/School User/Code/TMS-Dump/Transport Management System WPF/Transport Management System WPF/PlannerClass.cs" bodystart="58" bodyend="-1"/>
      </memberdef>
      <memberdef kind="variable" id="struct_transport___management___system___w_p_f_1_1_truck_1a19d9ffdc88f86af4a2dcd36d8a490daf" prot="public" static="no" mutable="no">
        <type>bool</type>
        <definition>bool Transport_Management_System_WPF.Truck.Is_Reefer</definition>
        <argsstring></argsstring>
        <name>Is_Reefer</name>
        <briefdescription>
        </briefdescription>
        <detaileddescription>
        </detaileddescription>
        <inbodydescription>
        </inbodydescription>
        <location file="C:/Users/School User/Code/TMS-Dump/Transport Management System WPF/Transport Management System WPF/PlannerClass.cs" line="60" column="21" bodyfile="C:/Users/School User/Code/TMS-Dump/Transport Management System WPF/Transport Management System WPF/PlannerClass.cs" bodystart="60" bodyend="-1"/>
      </memberdef>
      <memberdef kind="variable" id="struct_transport___management___system___w_p_f_1_1_truck_1a9bb588a62475d3fffe50338f4ad756d5" prot="public" static="no" mutable="no">
        <type>int</type>
        <definition>int Transport_Management_System_WPF.Truck.Free_Space</definition>
        <argsstring></argsstring>
        <name>Free_Space</name>
        <briefdescription>
        </briefdescription>
        <detaileddescription>
        </detaileddescription>
        <inbodydescription>
        </inbodydescription>
        <location file="C:/Users/School User/Code/TMS-Dump/Transport Management System WPF/Transport Management System WPF/PlannerClass.cs" line="61" column="20" bodyfile="C:/Users/School User/Code/TMS-Dump/Transport Management System WPF/Transport Management System WPF/PlannerClass.cs" bodystart="61" bodyend="-1"/>
      </memberdef>
      <memberdef kind="variable" id="struct_transport___management___system___w_p_f_1_1_truck_1a81ccff97235613b950395988d4e26d52" prot="public" static="no" mutable="no">
        <type>bool</type>
        <definition>bool Transport_Management_System_WPF.Truck.Waiting_or_Transit</definition>
        <argsstring></argsstring>
        <name>Waiting_or_Transit</name>
        <briefdescription>
        </briefdescription>
        <detaileddescription>
        </detaileddescription>
        <inbodydescription>
        </inbodydescription>
        <location file="C:/Users/School User/Code/TMS-Dump/Transport Management System WPF/Transport Management System WPF/PlannerClass.cs" line="62" column="21" bodyfile="C:/Users/School User/Code/TMS-Dump/Transport Management System WPF/Transport Management System WPF/PlannerClass.cs" bodystart="62" bodyend="-1"/>
      </memberdef>
      <memberdef kind="variable" id="struct_transport___management___system___w_p_f_1_1_truck_1a15e0339edac3a7aae1a720bd4d1ae8ca" prot="public" static="no" mutable="no">
        <type>bool</type>
        <definition>bool Transport_Management_System_WPF.Truck.FTL_or_LTL</definition>
        <argsstring></argsstring>
        <name>FTL_or_LTL</name>
        <briefdescription>
        </briefdescription>
        <detaileddescription>
        </detaileddescription>
        <inbodydescription>
        </inbodydescription>
        <location file="C:/Users/School User/Code/TMS-Dump/Transport Management System WPF/Transport Management System WPF/PlannerClass.cs" line="63" column="21" bodyfile="C:/Users/School User/Code/TMS-Dump/Transport Management System WPF/Transport Management System WPF/PlannerClass.cs" bodystart="63" bodyend="-1"/>
      </memberdef>
      </sectiondef>
    <briefdescription>
    </briefdescription>
    <detaileddescription>
    </detaileddescription>
    <location file="C:/Users/School User/Code/TMS-Dump/Transport Management System WPF/Transport Management System WPF/PlannerClass.cs" line="56" column="1" bodyfile="C:/Users/School User/Code/TMS-Dump/Transport Management System WPF/Transport Management System WPF/PlannerClass.cs" bodystart="55" bodyend="64"/>
    <listofallmembers>
      <member refid="struct_transport___management___system___w_p_f_1_1_truck_1a71ec212b9661e6c7e40d1f2595f0ce64" prot="public" virt="non-virtual"><scope>Transport_Management_System_WPF::Truck</scope><name>CurrentCityID</name></member>
      <member refid="struct_transport___management___system___w_p_f_1_1_truck_1a9bb588a62475d3fffe50338f4ad756d5" prot="public" virt="non-virtual"><scope>Transport_Management_System_WPF::Truck</scope><name>Free_Space</name></member>
      <member refid="struct_transport___management___system___w_p_f_1_1_truck_1a15e0339edac3a7aae1a720bd4d1ae8ca" prot="public" virt="non-virtual"><scope>Transport_Management_System_WPF::Truck</scope><name>FTL_or_LTL</name></member>
      <member refid="struct_transport___management___system___w_p_f_1_1_truck_1a19d9ffdc88f86af4a2dcd36d8a490daf" prot="public" virt="non-virtual"><scope>Transport_Management_System_WPF::Truck</scope><name>Is_Reefer</name></member>
      <member refid="struct_transport___management___system___w_p_f_1_1_truck_1a32fbe494f246831d2559c25f348c6b18" prot="public" virt="non-virtual"><scope>Transport_Management_System_WPF::Truck</scope><name>TruckID</name></member>
      <member refid="struct_transport___management___system___w_p_f_1_1_truck_1a81ccff97235613b950395988d4e26d52" prot="public" virt="non-virtual"><scope>Transport_Management_System_WPF::Truck</scope><name>Waiting_or_Transit</name></member>
    </listofallmembers>
  </compounddef>
</doxygen>
