<?xml version='1.0' encoding='UTF-8' standalone='no'?>
<doxygen xmlns:xsi="http://www.w3.org/2001/XMLSchema-instance" xsi:noNamespaceSchemaLocation="compound.xsd" version="1.8.16">
  <compounddef id="struct_transport___management___system___w_p_f_1_1_location" kind="struct" language="C#" prot="public">
    <compoundname>Transport_Management_System_WPF::Location</compoundname>
      <sectiondef kind="public-attrib">
      <memberdef kind="variable" id="struct_transport___management___system___w_p_f_1_1_location_1a848c8cf678e3b58452154a08f850c3e1" prot="public" static="no" mutable="no">
        <type>string</type>
        <definition>string Transport_Management_System_WPF.Location.CityName</definition>
        <argsstring></argsstring>
        <name>CityName</name>
        <briefdescription>
        </briefdescription>
        <detaileddescription>
        </detaileddescription>
        <inbodydescription>
        </inbodydescription>
        <location file="C:/Users/School User/Code/TMS-Dump/Transport Management System WPF/Transport Management System WPF/PlannerClass.cs" line="52" column="23" bodyfile="C:/Users/School User/Code/TMS-Dump/Transport Management System WPF/Transport Management System WPF/PlannerClass.cs" bodystart="52" bodyend="-1"/>
      </memberdef>
      </sectiondef>
    <briefdescription>
    </briefdescription>
    <detaileddescription>
    </detaileddescription>
    <location file="C:/Users/School User/Code/TMS-Dump/Transport Management System WPF/Transport Management System WPF/PlannerClass.cs" line="51" column="1" bodyfile="C:/Users/School User/Code/TMS-Dump/Transport Management System WPF/Transport Management System WPF/PlannerClass.cs" bodystart="50" bodyend="53"/>
    <listofallmembers>
      <member refid="struct_transport___management___system___w_p_f_1_1_location_1a848c8cf678e3b58452154a08f850c3e1" prot="public" virt="non-virtual"><scope>Transport_Management_System_WPF::Location</scope><name>CityName</name></member>
    </listofallmembers>
  </compounddef>
</doxygen>
