<?xml version='1.0' encoding='UTF-8' standalone='no'?>
<doxygen xmlns:xsi="http://www.w3.org/2001/XMLSchema-instance" xsi:noNamespaceSchemaLocation="compound.xsd" version="1.8.16">
  <compounddef id="struct_transport___management___system___w_p_f_1_1_customer" kind="struct" language="C#" prot="public">
    <compoundname>Transport_Management_System_WPF::Customer</compoundname>
      <sectiondef kind="public-attrib">
      <memberdef kind="variable" id="struct_transport___management___system___w_p_f_1_1_customer_1a4b076abe3c377803ce89183a4fd4833a" prot="public" static="no" mutable="no">
        <type>string</type>
        <definition>string Transport_Management_System_WPF.Customer.Customer_Name</definition>
        <argsstring></argsstring>
        <name>Customer_Name</name>
        <briefdescription>
        </briefdescription>
        <detaileddescription>
        </detaileddescription>
        <inbodydescription>
        </inbodydescription>
        <location file="C:/Users/School User/Code/TMS-Dump/Transport Management System WPF/Transport Management System WPF/PlannerClass.cs" line="28" column="23" bodyfile="C:/Users/School User/Code/TMS-Dump/Transport Management System WPF/Transport Management System WPF/PlannerClass.cs" bodystart="28" bodyend="-1"/>
      </memberdef>
      </sectiondef>
    <briefdescription>
    </briefdescription>
    <detaileddescription>
    </detaileddescription>
    <location file="C:/Users/School User/Code/TMS-Dump/Transport Management System WPF/Transport Management System WPF/PlannerClass.cs" line="27" column="1" bodyfile="C:/Users/School User/Code/TMS-Dump/Transport Management System WPF/Transport Management System WPF/PlannerClass.cs" bodystart="26" bodyend="29"/>
    <listofallmembers>
      <member refid="struct_transport___management___system___w_p_f_1_1_customer_1a4b076abe3c377803ce89183a4fd4833a" prot="public" virt="non-virtual"><scope>Transport_Management_System_WPF::Customer</scope><name>Customer_Name</name></member>
    </listofallmembers>
  </compounddef>
</doxygen>
