<?xml version='1.0' encoding='UTF-8' standalone='no'?>
<doxygen xmlns:xsi="http://www.w3.org/2001/XMLSchema-instance" xsi:noNamespaceSchemaLocation="compound.xsd" version="1.8.16">
  <compounddef id="struct_transport___management___system___w_p_f_1_1_route_sum_data" kind="struct" language="C#" prot="public">
    <compoundname>Transport_Management_System_WPF::RouteSumData</compoundname>
      <sectiondef kind="public-attrib">
      <memberdef kind="variable" id="struct_transport___management___system___w_p_f_1_1_route_sum_data_1a4519225a57727b844e4adcdc5e4ec378" prot="public" static="no" mutable="no">
        <type>double</type>
        <definition>double Transport_Management_System_WPF.RouteSumData.totalDriveTime</definition>
        <argsstring></argsstring>
        <name>totalDriveTime</name>
        <briefdescription>
        </briefdescription>
        <detaileddescription>
        </detaileddescription>
        <inbodydescription>
        </inbodydescription>
        <location file="C:/Users/School User/Code/TMS-Dump/Transport Management System WPF/Transport Management System WPF/MappingClass.cs" line="41" column="23" bodyfile="C:/Users/School User/Code/TMS-Dump/Transport Management System WPF/Transport Management System WPF/MappingClass.cs" bodystart="41" bodyend="-1"/>
      </memberdef>
      <memberdef kind="variable" id="struct_transport___management___system___w_p_f_1_1_route_sum_data_1a3912f1c48f71e670dcaa4f8455100a56" prot="public" static="no" mutable="no">
        <type>double</type>
        <definition>double Transport_Management_System_WPF.RouteSumData.totalTripTime</definition>
        <argsstring></argsstring>
        <name>totalTripTime</name>
        <briefdescription>
        </briefdescription>
        <detaileddescription>
        </detaileddescription>
        <inbodydescription>
        </inbodydescription>
        <location file="C:/Users/School User/Code/TMS-Dump/Transport Management System WPF/Transport Management System WPF/MappingClass.cs" line="42" column="23" bodyfile="C:/Users/School User/Code/TMS-Dump/Transport Management System WPF/Transport Management System WPF/MappingClass.cs" bodystart="42" bodyend="-1"/>
      </memberdef>
      <memberdef kind="variable" id="struct_transport___management___system___w_p_f_1_1_route_sum_data_1aaca3e4b028ef7381d995d32103f44704" prot="public" static="no" mutable="no">
        <type>int</type>
        <definition>int Transport_Management_System_WPF.RouteSumData.totalKM</definition>
        <argsstring></argsstring>
        <name>totalKM</name>
        <briefdescription>
        </briefdescription>
        <detaileddescription>
        </detaileddescription>
        <inbodydescription>
        </inbodydescription>
        <location file="C:/Users/School User/Code/TMS-Dump/Transport Management System WPF/Transport Management System WPF/MappingClass.cs" line="43" column="20" bodyfile="C:/Users/School User/Code/TMS-Dump/Transport Management System WPF/Transport Management System WPF/MappingClass.cs" bodystart="43" bodyend="-1"/>
      </memberdef>
      <memberdef kind="variable" id="struct_transport___management___system___w_p_f_1_1_route_sum_data_1a3d2ddcb564dfc2322a2b50156df0f72e" prot="public" static="no" mutable="no">
        <type>int</type>
        <definition>int Transport_Management_System_WPF.RouteSumData.OriginCity</definition>
        <argsstring></argsstring>
        <name>OriginCity</name>
        <briefdescription>
        </briefdescription>
        <detaileddescription>
        </detaileddescription>
        <inbodydescription>
        </inbodydescription>
        <location file="C:/Users/School User/Code/TMS-Dump/Transport Management System WPF/Transport Management System WPF/MappingClass.cs" line="44" column="20" bodyfile="C:/Users/School User/Code/TMS-Dump/Transport Management System WPF/Transport Management System WPF/MappingClass.cs" bodystart="44" bodyend="-1"/>
      </memberdef>
      <memberdef kind="variable" id="struct_transport___management___system___w_p_f_1_1_route_sum_data_1aa785d7de7cf9f051b5d6e00c6e1aaa08" prot="public" static="no" mutable="no">
        <type>int</type>
        <definition>int Transport_Management_System_WPF.RouteSumData.DestinationCity</definition>
        <argsstring></argsstring>
        <name>DestinationCity</name>
        <briefdescription>
        </briefdescription>
        <detaileddescription>
        </detaileddescription>
        <inbodydescription>
        </inbodydescription>
        <location file="C:/Users/School User/Code/TMS-Dump/Transport Management System WPF/Transport Management System WPF/MappingClass.cs" line="45" column="20" bodyfile="C:/Users/School User/Code/TMS-Dump/Transport Management System WPF/Transport Management System WPF/MappingClass.cs" bodystart="45" bodyend="-1"/>
      </memberdef>
      </sectiondef>
    <briefdescription>
    </briefdescription>
    <detaileddescription>
    </detaileddescription>
    <location file="C:/Users/School User/Code/TMS-Dump/Transport Management System WPF/Transport Management System WPF/MappingClass.cs" line="40" column="1" bodyfile="C:/Users/School User/Code/TMS-Dump/Transport Management System WPF/Transport Management System WPF/MappingClass.cs" bodystart="39" bodyend="46"/>
    <listofallmembers>
      <member refid="struct_transport___management___system___w_p_f_1_1_route_sum_data_1aa785d7de7cf9f051b5d6e00c6e1aaa08" prot="public" virt="non-virtual"><scope>Transport_Management_System_WPF::RouteSumData</scope><name>DestinationCity</name></member>
      <member refid="struct_transport___management___system___w_p_f_1_1_route_sum_data_1a3d2ddcb564dfc2322a2b50156df0f72e" prot="public" virt="non-virtual"><scope>Transport_Management_System_WPF::RouteSumData</scope><name>OriginCity</name></member>
      <member refid="struct_transport___management___system___w_p_f_1_1_route_sum_data_1a4519225a57727b844e4adcdc5e4ec378" prot="public" virt="non-virtual"><scope>Transport_Management_System_WPF::RouteSumData</scope><name>totalDriveTime</name></member>
      <member refid="struct_transport___management___system___w_p_f_1_1_route_sum_data_1aaca3e4b028ef7381d995d32103f44704" prot="public" virt="non-virtual"><scope>Transport_Management_System_WPF::RouteSumData</scope><name>totalKM</name></member>
      <member refid="struct_transport___management___system___w_p_f_1_1_route_sum_data_1a3912f1c48f71e670dcaa4f8455100a56" prot="public" virt="non-virtual"><scope>Transport_Management_System_WPF::RouteSumData</scope><name>totalTripTime</name></member>
    </listofallmembers>
  </compounddef>
</doxygen>
