<?xml version='1.0' encoding='UTF-8' standalone='no'?>
<doxygen xmlns:xsi="http://www.w3.org/2001/XMLSchema-instance" xsi:noNamespaceSchemaLocation="compound.xsd" version="1.8.16">
  <compounddef id="struct_transport___management___system___w_p_f_1_1_trip___ticket___line" kind="struct" language="C#" prot="public">
    <compoundname>Transport_Management_System_WPF::Trip_Ticket_Line</compoundname>
      <sectiondef kind="public-attrib">
      <memberdef kind="variable" id="struct_transport___management___system___w_p_f_1_1_trip___ticket___line_1ad6c1218c6657864ef7584c30133d423f" prot="public" static="no" mutable="no">
        <type><ref refid="struct_transport___management___system___w_p_f_1_1_trip___ticket" kindref="compound">Trip_Ticket</ref></type>
        <definition>Trip_Ticket Transport_Management_System_WPF.Trip_Ticket_Line.Ticket</definition>
        <argsstring></argsstring>
        <name>Ticket</name>
        <briefdescription>
        </briefdescription>
        <detaileddescription>
        </detaileddescription>
        <inbodydescription>
        </inbodydescription>
        <location file="C:/Users/School User/Code/TMS-Dump/Transport Management System WPF/Transport Management System WPF/PlannerClass.cs" line="45" column="28" bodyfile="C:/Users/School User/Code/TMS-Dump/Transport Management System WPF/Transport Management System WPF/PlannerClass.cs" bodystart="45" bodyend="-1"/>
      </memberdef>
      <memberdef kind="variable" id="struct_transport___management___system___w_p_f_1_1_trip___ticket___line_1a4681ae5f7c24c679200f3d3e435b9270" prot="public" static="no" mutable="no">
        <type><ref refid="struct_transport___management___system___w_p_f_1_1_route_data" kindref="compound">RouteData</ref></type>
        <definition>RouteData Transport_Management_System_WPF.Trip_Ticket_Line.Route</definition>
        <argsstring></argsstring>
        <name>Route</name>
        <briefdescription>
<para>The ticket for this order. </para>
        </briefdescription>
        <detaileddescription>
        </detaileddescription>
        <inbodydescription>
        </inbodydescription>
        <location file="C:/Users/School User/Code/TMS-Dump/Transport Management System WPF/Transport Management System WPF/PlannerClass.cs" line="46" column="26" bodyfile="C:/Users/School User/Code/TMS-Dump/Transport Management System WPF/Transport Management System WPF/PlannerClass.cs" bodystart="46" bodyend="-1"/>
      </memberdef>
      <memberdef kind="variable" id="struct_transport___management___system___w_p_f_1_1_trip___ticket___line_1a1c46324af80772864f103e4564f40c14" prot="public" static="no" mutable="no">
        <type>DateTime</type>
        <definition>DateTime Transport_Management_System_WPF.Trip_Ticket_Line.Date_Added</definition>
        <argsstring></argsstring>
        <name>Date_Added</name>
        <briefdescription>
        </briefdescription>
        <detaileddescription>
        </detaileddescription>
        <inbodydescription>
        </inbodydescription>
        <location file="C:/Users/School User/Code/TMS-Dump/Transport Management System WPF/Transport Management System WPF/PlannerClass.cs" line="47" column="25" bodyfile="C:/Users/School User/Code/TMS-Dump/Transport Management System WPF/Transport Management System WPF/PlannerClass.cs" bodystart="47" bodyend="-1"/>
      </memberdef>
      </sectiondef>
    <briefdescription>
    </briefdescription>
    <detaileddescription>
    </detaileddescription>
    <collaborationgraph>
      <node id="4">
        <label>Transport_Management_System_WPF.RouteData</label>
        <link refid="struct_transport___management___system___w_p_f_1_1_route_data"/>
      </node>
      <node id="2">
        <label>Transport_Management_System_WPF.Trip_Ticket</label>
        <link refid="struct_transport___management___system___w_p_f_1_1_trip___ticket"/>
        <childnode refid="3" relation="usage">
          <edgelabel>TruckID</edgelabel>
        </childnode>
      </node>
      <node id="1">
        <label>Transport_Management_System_WPF.Trip_Ticket_Line</label>
        <link refid="struct_transport___management___system___w_p_f_1_1_trip___ticket___line"/>
        <childnode refid="2" relation="usage">
          <edgelabel>Ticket</edgelabel>
        </childnode>
        <childnode refid="4" relation="usage">
          <edgelabel>Route</edgelabel>
        </childnode>
      </node>
      <node id="3">
        <label>Transport_Management_System_WPF.Truck</label>
        <link refid="struct_transport___management___system___w_p_f_1_1_truck"/>
      </node>
    </collaborationgraph>
    <location file="C:/Users/School User/Code/TMS-Dump/Transport Management System WPF/Transport Management System WPF/PlannerClass.cs" line="44" column="1" bodyfile="C:/Users/School User/Code/TMS-Dump/Transport Management System WPF/Transport Management System WPF/PlannerClass.cs" bodystart="43" bodyend="48"/>
    <listofallmembers>
      <member refid="struct_transport___management___system___w_p_f_1_1_trip___ticket___line_1a1c46324af80772864f103e4564f40c14" prot="public" virt="non-virtual"><scope>Transport_Management_System_WPF::Trip_Ticket_Line</scope><name>Date_Added</name></member>
      <member refid="struct_transport___management___system___w_p_f_1_1_trip___ticket___line_1a4681ae5f7c24c679200f3d3e435b9270" prot="public" virt="non-virtual"><scope>Transport_Management_System_WPF::Trip_Ticket_Line</scope><name>Route</name></member>
      <member refid="struct_transport___management___system___w_p_f_1_1_trip___ticket___line_1ad6c1218c6657864ef7584c30133d423f" prot="public" virt="non-virtual"><scope>Transport_Management_System_WPF::Trip_Ticket_Line</scope><name>Ticket</name></member>
    </listofallmembers>
  </compounddef>
</doxygen>
