<?xml version='1.0' encoding='UTF-8' standalone='no'?>
<doxygen xmlns:xsi="http://www.w3.org/2001/XMLSchema-instance" xsi:noNamespaceSchemaLocation="compound.xsd" version="1.8.16">
  <compounddef id="struct_transport___management___system___w_p_f_1_1_trip___ticket" kind="struct" language="C#" prot="public">
    <compoundname>Transport_Management_System_WPF::Trip_Ticket</compoundname>
      <sectiondef kind="public-attrib">
      <memberdef kind="variable" id="struct_transport___management___system___w_p_f_1_1_trip___ticket_1acf7c3fb5a7f04d0857f0c4b34cff05b0" prot="public" static="no" mutable="no">
        <type>int</type>
        <definition>int Transport_Management_System_WPF.Trip_Ticket.TicketID</definition>
        <argsstring></argsstring>
        <name>TicketID</name>
        <briefdescription>
        </briefdescription>
        <detaileddescription>
        </detaileddescription>
        <inbodydescription>
        </inbodydescription>
        <location file="C:/Users/School User/Code/TMS-Dump/Transport Management System WPF/Transport Management System WPF/PlannerClass.cs" line="33" column="20" bodyfile="C:/Users/School User/Code/TMS-Dump/Transport Management System WPF/Transport Management System WPF/PlannerClass.cs" bodystart="33" bodyend="-1"/>
      </memberdef>
      <memberdef kind="variable" id="struct_transport___management___system___w_p_f_1_1_trip___ticket_1a4d7ee0e3563b272b18bc947264f2aac0" prot="public" static="no" mutable="no">
        <type><ref refid="struct_transport___management___system___w_p_f_1_1_truck" kindref="compound">Truck</ref></type>
        <definition>Truck Transport_Management_System_WPF.Trip_Ticket.TruckID</definition>
        <argsstring></argsstring>
        <name>TruckID</name>
        <briefdescription>
<para>The ticket ID Number. </para>
        </briefdescription>
        <detaileddescription>
        </detaileddescription>
        <inbodydescription>
        </inbodydescription>
        <location file="C:/Users/School User/Code/TMS-Dump/Transport Management System WPF/Transport Management System WPF/PlannerClass.cs" line="34" column="22" bodyfile="C:/Users/School User/Code/TMS-Dump/Transport Management System WPF/Transport Management System WPF/PlannerClass.cs" bodystart="34" bodyend="-1"/>
      </memberdef>
      <memberdef kind="variable" id="struct_transport___management___system___w_p_f_1_1_trip___ticket_1aedde328df4cc5ee04967a294549e3d53" prot="public" static="no" mutable="no">
        <type>bool</type>
        <definition>bool Transport_Management_System_WPF.Trip_Ticket.FTL_or_LTL</definition>
        <argsstring></argsstring>
        <name>FTL_or_LTL</name>
        <briefdescription>
<para>The <ref refid="struct_transport___management___system___w_p_f_1_1_truck" kindref="compound">Truck</ref> that the ticket will attached to. </para>
        </briefdescription>
        <detaileddescription>
        </detaileddescription>
        <inbodydescription>
        </inbodydescription>
        <location file="C:/Users/School User/Code/TMS-Dump/Transport Management System WPF/Transport Management System WPF/PlannerClass.cs" line="35" column="21" bodyfile="C:/Users/School User/Code/TMS-Dump/Transport Management System WPF/Transport Management System WPF/PlannerClass.cs" bodystart="35" bodyend="-1"/>
      </memberdef>
      <memberdef kind="variable" id="struct_transport___management___system___w_p_f_1_1_trip___ticket_1a027a527cbc51146bd409a8b2f188156d" prot="public" static="no" mutable="no">
        <type>bool</type>
        <definition>bool Transport_Management_System_WPF.Trip_Ticket.Is_Reefer</definition>
        <argsstring></argsstring>
        <name>Is_Reefer</name>
        <briefdescription>
<para>If the ticket is FTL or LTL. </para>
        </briefdescription>
        <detaileddescription>
        </detaileddescription>
        <inbodydescription>
        </inbodydescription>
        <location file="C:/Users/School User/Code/TMS-Dump/Transport Management System WPF/Transport Management System WPF/PlannerClass.cs" line="36" column="21" bodyfile="C:/Users/School User/Code/TMS-Dump/Transport Management System WPF/Transport Management System WPF/PlannerClass.cs" bodystart="36" bodyend="-1"/>
      </memberdef>
      <memberdef kind="variable" id="struct_transport___management___system___w_p_f_1_1_trip___ticket_1afbb9ff414d4e62f54c5bc1b3ed449cd2" prot="public" static="no" mutable="no">
        <type>int</type>
        <definition>int Transport_Management_System_WPF.Trip_Ticket.Size_In_Palette</definition>
        <argsstring></argsstring>
        <name>Size_In_Palette</name>
        <briefdescription>
<para>If the ticket is reefer. </para>
        </briefdescription>
        <detaileddescription>
        </detaileddescription>
        <inbodydescription>
        </inbodydescription>
        <location file="C:/Users/School User/Code/TMS-Dump/Transport Management System WPF/Transport Management System WPF/PlannerClass.cs" line="37" column="20" bodyfile="C:/Users/School User/Code/TMS-Dump/Transport Management System WPF/Transport Management System WPF/PlannerClass.cs" bodystart="37" bodyend="-1"/>
      </memberdef>
      <memberdef kind="variable" id="struct_transport___management___system___w_p_f_1_1_trip___ticket_1a478f4ac1e28bf46a22e1765d96dada0b" prot="public" static="no" mutable="no">
        <type>bool</type>
        <definition>bool Transport_Management_System_WPF.Trip_Ticket.Is_Complete</definition>
        <argsstring></argsstring>
        <name>Is_Complete</name>
        <briefdescription>
<para>Size of the ticket. </para>
        </briefdescription>
        <detaileddescription>
        </detaileddescription>
        <inbodydescription>
        </inbodydescription>
        <location file="C:/Users/School User/Code/TMS-Dump/Transport Management System WPF/Transport Management System WPF/PlannerClass.cs" line="38" column="21" bodyfile="C:/Users/School User/Code/TMS-Dump/Transport Management System WPF/Transport Management System WPF/PlannerClass.cs" bodystart="38" bodyend="-1"/>
      </memberdef>
      <memberdef kind="variable" id="struct_transport___management___system___w_p_f_1_1_trip___ticket_1aa6fe515cc7c37d8caf41dcaf4ae7a80a" prot="public" static="no" mutable="no">
        <type>int</type>
        <definition>int Transport_Management_System_WPF.Trip_Ticket.Days_Passed</definition>
        <argsstring></argsstring>
        <name>Days_Passed</name>
        <briefdescription>
<para>If the ticket is marked as complete. </para>
        </briefdescription>
        <detaileddescription>
        </detaileddescription>
        <inbodydescription>
        </inbodydescription>
        <location file="C:/Users/School User/Code/TMS-Dump/Transport Management System WPF/Transport Management System WPF/PlannerClass.cs" line="39" column="20" bodyfile="C:/Users/School User/Code/TMS-Dump/Transport Management System WPF/Transport Management System WPF/PlannerClass.cs" bodystart="39" bodyend="-1"/>
      </memberdef>
      </sectiondef>
    <briefdescription>
    </briefdescription>
    <detaileddescription>
    </detaileddescription>
    <collaborationgraph>
      <node id="1">
        <label>Transport_Management_System_WPF.Trip_Ticket</label>
        <link refid="struct_transport___management___system___w_p_f_1_1_trip___ticket"/>
        <childnode refid="2" relation="usage">
          <edgelabel>TruckID</edgelabel>
        </childnode>
      </node>
      <node id="2">
        <label>Transport_Management_System_WPF.Truck</label>
        <link refid="struct_transport___management___system___w_p_f_1_1_truck"/>
      </node>
    </collaborationgraph>
    <location file="C:/Users/School User/Code/TMS-Dump/Transport Management System WPF/Transport Management System WPF/PlannerClass.cs" line="32" column="1" bodyfile="C:/Users/School User/Code/TMS-Dump/Transport Management System WPF/Transport Management System WPF/PlannerClass.cs" bodystart="31" bodyend="40"/>
    <listofallmembers>
      <member refid="struct_transport___management___system___w_p_f_1_1_trip___ticket_1aa6fe515cc7c37d8caf41dcaf4ae7a80a" prot="public" virt="non-virtual"><scope>Transport_Management_System_WPF::Trip_Ticket</scope><name>Days_Passed</name></member>
      <member refid="struct_transport___management___system___w_p_f_1_1_trip___ticket_1aedde328df4cc5ee04967a294549e3d53" prot="public" virt="non-virtual"><scope>Transport_Management_System_WPF::Trip_Ticket</scope><name>FTL_or_LTL</name></member>
      <member refid="struct_transport___management___system___w_p_f_1_1_trip___ticket_1a478f4ac1e28bf46a22e1765d96dada0b" prot="public" virt="non-virtual"><scope>Transport_Management_System_WPF::Trip_Ticket</scope><name>Is_Complete</name></member>
      <member refid="struct_transport___management___system___w_p_f_1_1_trip___ticket_1a027a527cbc51146bd409a8b2f188156d" prot="public" virt="non-virtual"><scope>Transport_Management_System_WPF::Trip_Ticket</scope><name>Is_Reefer</name></member>
      <member refid="struct_transport___management___system___w_p_f_1_1_trip___ticket_1afbb9ff414d4e62f54c5bc1b3ed449cd2" prot="public" virt="non-virtual"><scope>Transport_Management_System_WPF::Trip_Ticket</scope><name>Size_In_Palette</name></member>
      <member refid="struct_transport___management___system___w_p_f_1_1_trip___ticket_1acf7c3fb5a7f04d0857f0c4b34cff05b0" prot="public" virt="non-virtual"><scope>Transport_Management_System_WPF::Trip_Ticket</scope><name>TicketID</name></member>
      <member refid="struct_transport___management___system___w_p_f_1_1_trip___ticket_1a4d7ee0e3563b272b18bc947264f2aac0" prot="public" virt="non-virtual"><scope>Transport_Management_System_WPF::Trip_Ticket</scope><name>TruckID</name></member>
    </listofallmembers>
  </compounddef>
</doxygen>
